CountyName,Year,loading_kgha,mean_monthly_coverage_frac,valid_months
Adair,2000.0,1.0666852547371086,0.7706521973968505,12
Adair,2001.0,10.39454198756642,0.7909927286921925,12
Adair,2002.0,1.8787664608286312,0.7589995665251847,12
Adair,2003.0,4.33902820942227,0.7749961476086886,12
Adair,2004.0,7.951965185711045,0.8743571644653351,12
Adair,2005.0,5.206596222690014,0.8230757582750146,12
Adair,2006.0,2.379589016143017,0.7888881541481342,12
Adair,2007.0,20.33079723780283,0.8765066727173006,12
Adair,2008.0,16.53766927549014,0.6621908321168269,9
Adair,2009.0,7.145189038407057,0.6771351259283017,9
Adair,2010.0,19.646877954167934,0.9256385706556558,12
Adair,2011.0,10.911577680979798,0.9085447685922157,12
Adair,2012.0,4.222368127621219,0.8550689204420223,12
Adair,2013.0,11.25060383612416,0.8401695603384548,12
Adair,2014.0,14.597178758089989,0.9085447685922157,12
Adair,2015.0,16.126361928880527,0.9256385706556558,12
Adair,2016.0,9.462689369113056,0.9256385706556558,12
Adair,2017.0,7.296700933337206,0.7984208730977173,12
Adair,2018.0,8.625581780340914,0.8423190685904203,12
Adair,2019.0,8.919631926995233,0.8914509665287754,12
Adair,2020.0,2.646644731764883,0.8133651669091919,12
Adams,2000.0,0.9527531091234263,0.2597031008042454,11
Adams,2001.0,11.04123848793258,0.23609372800385944,10
Adams,2002.0,1.1306557857802206,0.23609372800385944,10
Adams,2003.0,2.4043079674828767,0.23609372800385944,10
Adams,2004.0,8.854371665186573,0.28331247360463135,12
Adams,2005.0,3.9986564247257426,0.28331247360463135,12
Adams,2006.0,1.688978926711493,0.28331247360463135,12
Adams,2007.0,28.30566864213932,0.2597031008042454,11
Adams,2008.0,22.355312195653326,0.18887498240308756,8
Adams,2009.0,7.1635535651571445,0.21248435520347353,9
Adams,2010.0,22.9462413707159,0.28331247360463135,12
Adams,2011.0,9.712411057105202,0.28331247360463135,12
Adams,2012.0,6.719768790628356,0.28331247360463135,12
Adams,2013.0,16.355834622027768,0.28331247360463135,12
Adams,2014.0,22.47949999988231,0.28331247360463135,12
Adams,2015.0,24.924258160552654,0.28331247360463135,12
Adams,2016.0,15.116729180591067,0.28331247360463135,12
Adams,2017.0,10.160942781103845,0.2597031008042454,11
Adams,2018.0,9.601968104529877,0.2597031008042454,11
Adams,2019.0,11.908523783512132,0.28331247360463135,12
Adams,2020.0,3.5429809057100585,0.28331247360463135,12
Allamakee,2000.0,15.541606441603903,1.0,12
Allamakee,2001.0,20.43158481002496,1.0,12
Allamakee,2002.0,9.356527288777153,1.0,12
Allamakee,2003.0,6.296517915048483,1.0,12
Allamakee,2004.0,14.261301518198362,1.0,12
Allamakee,2005.0,8.85510341589713,1.0,12
Allamakee,2006.0,13.053403135233264,1.0,12
Allamakee,2007.0,35.45337866675041,1.0,12
Allamakee,2008.0,30.398684284000492,0.7502290162389978,10
Allamakee,2009.0,8.091478992262717,0.75,9
Allamakee,2010.0,21.02804485754881,1.0,12
Allamakee,2011.0,25.953299515547652,1.0,12
Allamakee,2012.0,8.037898109846626,0.9744481693757998,12
Allamakee,2013.0,25.81399986833365,1.0,12
Allamakee,2014.0,20.765838950882262,1.0,12
Allamakee,2015.0,14.925812061459972,1.0,12
Allamakee,2016.0,39.883950285166044,1.0,12
Allamakee,2017.0,29.52581855486141,1.0,12
Allamakee,2018.0,34.66227556555753,1.0,12
Allamakee,2019.0,39.72034700553221,1.0,12
Allamakee,2020.0,26.66867124593796,1.0,12
Appanoose,2000.0,0.21788074779063238,0.8985960834981493,12
Appanoose,2001.0,3.953729709570377,0.9085187417159624,12
Appanoose,2002.0,1.5245855072323926,0.9205188843366874,12
Appanoose,2003.0,3.6147497513374063,0.7111570309404106,12
Appanoose,2004.0,2.8310878162989654,0.9085187417159624,12
Appanoose,2005.0,1.2705112504070983,0.914518813026325,12
Appanoose,2006.0,0.8475757159550138,0.914518813026325,12
Appanoose,2007.0,4.681743422747097,0.9085187417159624,12
Appanoose,2008.0,6.293262484641673,0.6813890562869718,9
Appanoose,2009.0,3.677121284699237,0.6813890562869718,9
Appanoose,2010.0,9.123167035267647,0.9085187417159624,12
Appanoose,2011.0,5.212119221242405,0.9085187417159624,12
Appanoose,2012.0,0.9312054786284775,0.9085187417159624,12
Appanoose,2013.0,4.582969921008025,0.8487315761011409,12
Appanoose,2014.0,4.178860434192401,0.9085187417159624,12
Appanoose,2015.0,4.905217178359476,0.9085187417159624,12
Appanoose,2016.0,3.944386147955703,0.9085187417159624,12
Appanoose,2017.0,4.700642873834889,0.7111570309404106,12
Appanoose,2018.0,6.506279085851674,0.5795825570900427,12
Appanoose,2019.0,4.776142206872804,0.914518813026325,12
Appanoose,2020.0,1.734419394217598,0.9085187417159624,12
Audubon,2000.0,1.3687479077989806,0.8073394925030257,12
Audubon,2001.0,9.44598105361209,0.8715596616686838,12
Audubon,2002.0,1.7865904652409306,1.0,12
Audubon,2003.0,6.151206600618153,0.9357798308343419,12
Audubon,2004.0,15.991420906736959,1.0,12
Audubon,2005.0,9.579750126456148,1.0,12
Audubon,2006.0,4.84818747610998,1.0,12
Audubon,2007.0,37.079485551175,1.0,12
Audubon,2008.0,21.54847182030563,0.7345084583236915,9
Audubon,2009.0,12.725621977972262,0.75,9
Audubon,2010.0,30.915873995919412,1.0,12
Audubon,2011.0,12.567557496508666,1.0,12
Audubon,2012.0,5.2983614960759295,0.8715596616686838,12
Audubon,2013.0,19.997753070645192,1.0,12
Audubon,2014.0,20.974471816631027,1.0,12
Audubon,2015.0,33.722412243251085,1.0,12
Audubon,2016.0,30.993707110690032,1.0,12
Audubon,2017.0,15.606249179528625,1.0,12
Audubon,2018.0,20.894359611856803,1.0,12
Audubon,2019.0,18.407871495123494,1.0,12
Audubon,2020.0,6.035401462432902,1.0,12
Benton,2000.0,12.451647271470707,1.0,12
Benton,2001.0,30.052274756519278,1.0,12
Benton,2002.0,9.149377497543105,1.0,12
Benton,2003.0,16.31070904212908,1.0,12
Benton,2004.0,23.51080152393059,1.0,12
Benton,2005.0,16.2757792151138,1.0,12
Benton,2006.0,18.616247534908005,1.0,12
Benton,2007.0,42.48314436761655,1.0,12
Benton,2008.0,52.69416794831651,0.9742950961428384,12
Benton,2009.0,28.255048256472868,0.9614426442142575,12
Benton,2010.0,36.55352557968261,1.0,12
Benton,2011.0,20.468662633702646,1.0,12
Benton,2012.0,5.460544467114317,1.0,12
Benton,2013.0,37.89774404861486,1.0,12
Benton,2014.0,21.094757000539275,1.0,12
Benton,2015.0,34.67592034115877,1.0,12
Benton,2016.0,47.358931807047604,1.0,12
Benton,2017.0,28.769046306082018,1.0,12
Benton,2018.0,45.11875813458218,1.0,12
Benton,2019.0,32.892808327808396,1.0,12
Benton,2020.0,26.248012218877754,1.0,12
Black Hawk,2000.0,14.381803856738081,0.9990223277502874,12
Black Hawk,2001.0,30.763080448756067,0.9993482185001916,12
Black Hawk,2002.0,8.576791799724047,1.0,12
Black Hawk,2003.0,15.403254844050714,1.0,12
Black Hawk,2004.0,24.490081600544116,1.0,12
Black Hawk,2005.0,15.781768679624243,1.0,12
Black Hawk,2006.0,19.491777395573973,1.0,12
Black Hawk,2007.0,41.56425192640134,1.0,12
Black Hawk,2008.0,50.66784463147319,0.9873447179404402,12
Black Hawk,2009.0,26.89157867245996,0.9589135632692907,12
Black Hawk,2010.0,37.53145673858978,1.0,12
Black Hawk,2011.0,21.78606625842684,1.0,12
Black Hawk,2012.0,5.96631109946394,0.99888409787568,12
Black Hawk,2013.0,39.213630909757775,1.0,12
Black Hawk,2014.0,20.526134133367265,1.0,12
Black Hawk,2015.0,31.27396056337765,1.0,12
Black Hawk,2016.0,50.366192078980404,1.0,12
Black Hawk,2017.0,31.119888314748536,1.0,12
Black Hawk,2018.0,47.170770623996695,1.0,12
Black Hawk,2019.0,33.48133530614726,1.0,12
Black Hawk,2020.0,26.845394471159285,0.999918527312524,12
Boone,2000.0,3.3573009447634363,1.0,12
Boone,2001.0,24.973895226114927,1.0,12
Boone,2002.0,10.300946744264872,1.0,12
Boone,2003.0,17.880340882309333,1.0,12
Boone,2004.0,21.445369452624984,1.0,12
Boone,2005.0,19.179574995633597,1.0,12
Boone,2006.0,20.629564901143087,1.0,12
Boone,2007.0,35.242644740316834,1.0,12
Boone,2008.0,33.889302787091765,0.809612608614635,12
Boone,2009.0,25.401152737459764,0.809612608614635,12
Boone,2010.0,34.486359268462515,1.0,12
Boone,2011.0,21.538096319460088,1.0,12
Boone,2012.0,4.076432001436824,1.0,12
Boone,2013.0,27.268570229295033,1.0,12
Boone,2014.0,23.00764852947835,1.0,12
Boone,2015.0,39.06488871195034,1.0,12
Boone,2016.0,31.321861556733715,1.0,12
Boone,2017.0,19.710021246116085,0.999846265831807,12
Boone,2018.0,40.47265300459007,1.0,12
Boone,2019.0,30.345870261591237,1.0,12
Boone,2020.0,13.502666902668823,0.999846265831807,12
Bremer,2000.0,19.617645998636952,0.9410524361058726,12
Bremer,2001.0,34.00233971692262,0.9607016240705818,12
Bremer,2002.0,8.60323359534092,1.0000000000000002,12
Bremer,2003.0,10.928952852241547,1.0000000000000002,12
Bremer,2004.0,28.313092852527816,1.0000000000000002,12
Bremer,2005.0,16.458830670624916,1.0000000000000002,12
Bremer,2006.0,23.625846336595966,1.0000000000000002,12
Bremer,2007.0,35.704934208255864,1.0000000000000002,12
Bremer,2008.0,44.908094696713434,0.8853874849858757,12
Bremer,2009.0,17.85337920372959,0.7500000000000001,9
Bremer,2010.0,41.708093405782,1.0000000000000002,12
Bremer,2011.0,27.37086006648736,1.0000000000000002,12
Bremer,2012.0,6.350444149039218,0.999788292265236,12
Bremer,2013.0,44.373512405567624,1.0000000000000002,12
Bremer,2014.0,26.43383837548597,1.0000000000000002,12
Bremer,2015.0,26.84224848762514,1.0000000000000002,12
Bremer,2016.0,53.222484444270464,1.0000000000000002,12
Bremer,2017.0,35.62241853345402,1.0000000000000002,12
Bremer,2018.0,43.33057855984316,1.0000000000000002,12
Bremer,2019.0,33.252728659445545,1.0000000000000002,12
Bremer,2020.0,22.936830677410903,0.9950877030088229,12
Buchanan,2000.0,18.444928356454373,1.0,12
Buchanan,2001.0,33.564213893372916,1.0,12
Buchanan,2002.0,11.230901479677366,1.0,12
Buchanan,2003.0,10.708208528548196,1.0,12
Buchanan,2004.0,28.006952364328587,1.0,12
Buchanan,2005.0,13.642412067203795,1.0,12
Buchanan,2006.0,20.477969577950397,1.0,12
Buchanan,2007.0,41.36786803065283,1.0,12
Buchanan,2008.0,54.18516963204806,1.0,12
Buchanan,2009.0,26.4776913149101,0.8246035217133006,12
Buchanan,2010.0,51.11112168174186,1.0,12
Buchanan,2011.0,27.04943850610624,1.0,12
Buchanan,2012.0,8.39384548289668,1.0,12
Buchanan,2013.0,38.84380162852759,1.0,12
Buchanan,2014.0,23.696488404840828,1.0,12
Buchanan,2015.0,27.306530781316276,1.0,12
Buchanan,2016.0,51.74465925706198,1.0,12
Buchanan,2017.0,36.853793088331194,1.0,12
Buchanan,2018.0,42.315398447474884,1.0,12
Buchanan,2019.0,32.27518535493053,1.0,12
Buchanan,2020.0,25.849545607123556,1.0,12
Buena Vista,2000.0,2.6799760167804143,1.0000000000000002,12
Buena Vista,2001.0,16.867209157555415,1.0000000000000002,12
Buena Vista,2002.0,11.38183105973414,1.0000000000000002,12
Buena Vista,2003.0,18.98277072872175,1.0000000000000002,12
Buena Vista,2004.0,21.982114382138395,1.0000000000000002,12
Buena Vista,2005.0,16.176759693956306,1.0000000000000002,12
Buena Vista,2006.0,14.003397616136962,1.0000000000000002,12
Buena Vista,2007.0,35.16767859225632,1.0000000000000002,12
Buena Vista,2008.0,34.26987235104218,0.8755508106294242,12
Buena Vista,2009.0,20.850520085510333,0.906638946558283,12
Buena Vista,2010.0,43.670301620402896,1.0000000000000002,12
Buena Vista,2011.0,21.702792026892155,1.0000000000000002,12
Buena Vista,2012.0,5.071455363081222,1.0000000000000002,12
Buena Vista,2013.0,38.98653051959908,1.0000000000000002,12
Buena Vista,2014.0,33.45707089121526,1.0000000000000002,12
Buena Vista,2015.0,74.17001805794706,1.0000000000000002,12
Buena Vista,2016.0,50.53457175772651,1.0000000000000002,12
Buena Vista,2017.0,26.404440028543682,1.0000000000000002,12
Buena Vista,2018.0,42.28528521150842,1.0000000000000002,12
Buena Vista,2019.0,32.6733123087157,1.0000000000000002,12
Buena Vista,2020.0,14.336381652963242,1.0000000000000002,12
Butler,2000.0,12.92390157277739,0.6545004270681943,12
Butler,2001.0,31.011851214740553,0.7696669513787961,12
Butler,2002.0,9.968573957553739,0.9999999999999997,12
Butler,2003.0,16.397145027532975,0.9999999999999997,12
Butler,2004.0,23.175830710533983,0.9999999999999997,12
Butler,2005.0,24.377866884207346,0.9999999999999997,12
Butler,2006.0,23.51078611462795,0.9999999999999997,12
Butler,2007.0,40.870601759100616,0.9999999999999997,12
Butler,2008.0,44.25623629033515,0.7677733409182245,12
Butler,2009.0,25.64866262728688,0.8036785069971267,12
Butler,2010.0,29.026221696178165,0.9999999999999997,12
Butler,2011.0,20.961503932087847,0.9999999999999997,12
Butler,2012.0,3.499117568420164,0.9640948339210976,12
Butler,2013.0,40.11059939015983,0.9999999999999997,12
Butler,2014.0,24.761341396077434,0.9999999999999997,12
Butler,2015.0,26.652416158322225,0.9999999999999997,12
Butler,2016.0,49.30046973179975,0.9999999999999997,12
Butler,2017.0,27.354758252154202,0.9999999999999997,12
Butler,2018.0,42.75984318414764,0.9999999999999997,12
Butler,2019.0,26.692443074328345,0.9999999999999997,12
Butler,2020.0,20.513662242729495,0.9712083689223493,12
Calhoun,2000.0,3.350809782722765,1.0,12
Calhoun,2001.0,21.060842883972246,1.0,12
Calhoun,2002.0,15.160828708364393,1.0,12
Calhoun,2003.0,23.609482208682003,1.0,12
Calhoun,2004.0,27.17949995932444,1.0,12
Calhoun,2005.0,18.741253111017425,1.0,12
Calhoun,2006.0,16.412713516726573,1.0,12
Calhoun,2007.0,42.44128520914899,1.0,12
Calhoun,2008.0,41.324656312037376,0.995661577519673,12
Calhoun,2009.0,24.584550660789095,0.995661577519673,12
Calhoun,2010.0,48.35734856048878,1.0,12
Calhoun,2011.0,21.103028921191147,1.0,12
Calhoun,2012.0,5.472832959252877,1.0,12
Calhoun,2013.0,54.823025175334294,1.0,12
Calhoun,2014.0,45.57196222742061,1.0,12
Calhoun,2015.0,99.4692323760035,1.0,12
Calhoun,2016.0,55.20807008162217,1.0,12
Calhoun,2017.0,30.622437182185813,1.0,12
Calhoun,2018.0,51.61678041182461,1.0,12
Calhoun,2019.0,36.07029445174327,1.0,12
Calhoun,2020.0,14.540875235918172,1.0,12
Carroll,2000.0,1.8732971103474028,0.9899566934078252,12
Carroll,2001.0,12.264074083369742,0.9933044622718833,12
Carroll,2002.0,8.594706014980716,0.9999999999999997,12
Carroll,2003.0,13.753540873175579,0.9966522311359416,12
Carroll,2004.0,18.848811040919927,0.9999999999999997,12
Carroll,2005.0,9.940214893005868,0.9999999999999997,12
Carroll,2006.0,7.470631631237262,0.9999999999999997,12
Carroll,2007.0,35.906310412099295,0.9999999999999997,12
Carroll,2008.0,30.725714622897137,0.7804912444045077,12
Carroll,2009.0,19.859897089799702,0.7950809308835091,12
Carroll,2010.0,31.528281841571648,0.9999999999999997,12
Carroll,2011.0,12.19746537830093,0.9999999999999997,12
Carroll,2012.0,2.9585364811700967,0.9933044622718833,12
Carroll,2013.0,27.240710581865663,0.9999999999999997,12
Carroll,2014.0,22.51956163506269,0.9999999999999997,12
Carroll,2015.0,59.819526320717436,0.9999999999999997,12
Carroll,2016.0,38.203326311338344,0.9999999999999997,12
Carroll,2017.0,20.526915322832096,0.9999999999999997,12
Carroll,2018.0,28.900177176476753,0.9999999999999997,12
Carroll,2019.0,27.810495539520833,0.9999999999999997,12
Carroll,2020.0,8.942631602932266,0.9999999999999997,12
Cass,2000.0,1.1935859155776527,0.81454706311688,11
Cass,2001.0,9.805635541640212,0.8278539227182367,10
Cass,2002.0,1.146954399556593,0.9239461745914168,12
Cass,2003.0,4.311062060619144,0.8759000486548266,12
Cass,2004.0,13.14173843570024,0.9934247072618839,12
Cass,2005.0,7.343664338433217,0.9934247072618839,12
Cass,2006.0,3.5326811402034943,0.9934247072618839,12
Cass,2007.0,33.824333897722056,0.9586854409266503,12
Cass,2008.0,21.550817789531745,0.7103292641111794,9
Cass,2009.0,10.558496162472608,0.745068530446413,9
Cass,2010.0,27.163086511329702,0.9934247072618839,12
Cass,2011.0,10.875622133591035,0.9934247072618839,12
Cass,2012.0,5.859585082926693,0.8973324553887037,12
Cass,2013.0,18.634304718037928,0.9934247072618839,12
Cass,2014.0,20.92759719502329,0.9934247072618839,12
Cass,2015.0,29.0258838445162,0.9934247072618839,12
Cass,2016.0,23.480581158796223,0.9934247072618839,12
Cass,2017.0,12.766060223012738,0.9586854409266503,12
Cass,2018.0,16.288367232946737,0.9586854409266503,12
Cass,2019.0,14.468324647224419,0.9934247072618839,12
Cass,2020.0,4.435724717732218,0.9934247072618839,12
Cedar,2000.0,11.885068169663628,1.0,12
Cedar,2001.0,31.612621314865688,1.0,12
Cedar,2002.0,12.178012979503874,1.0,12
Cedar,2003.0,8.248548339980431,0.9792986517809047,12
Cedar,2004.0,22.16097119827296,1.0,12
Cedar,2005.0,10.690798018466104,1.0,12
Cedar,2006.0,11.5183468485973,1.0,12
Cedar,2007.0,28.931383956502597,1.0,12
Cedar,2008.0,33.93476018689788,0.7292986517809047,9
Cedar,2009.0,20.312843302051895,0.75,9
Cedar,2010.0,28.85327872769234,1.0,12
Cedar,2011.0,21.715231991303813,1.0,12
Cedar,2012.0,5.331147618522443,1.0,12
Cedar,2013.0,29.223086084062103,1.0,12
Cedar,2014.0,21.700666917171105,1.0,12
Cedar,2015.0,27.255309300414023,0.9792986517809047,12
Cedar,2016.0,34.17473811235475,1.0,12
Cedar,2017.0,24.044374181343745,1.0,12
Cedar,2018.0,30.46787176503574,1.0,12
Cedar,2019.0,27.40623558158941,1.0,12
Cedar,2020.0,20.44463129912636,0.9792986517809047,12
Cerro Gordo,2000.0,11.786075797828664,0.8160591985406165,12
Cerro Gordo,2001.0,25.774271089755086,0.8773727990270777,12
Cerro Gordo,2002.0,11.098514722437852,1.0,12
Cerro Gordo,2003.0,14.61824979945511,1.0,12
Cerro Gordo,2004.0,22.01561398108965,1.0,12
Cerro Gordo,2005.0,23.515025788571144,1.0,12
Cerro Gordo,2006.0,22.247913566178514,1.0,12
Cerro Gordo,2007.0,31.84927022588882,1.0,12
Cerro Gordo,2008.0,31.33709642896387,0.7179025028691579,9
Cerro Gordo,2009.0,18.747231455075994,0.75,9
Cerro Gordo,2010.0,25.5770708947928,1.0,12
Cerro Gordo,2011.0,19.78809786643212,1.0,12
Cerro Gordo,2012.0,2.4015476693592963,0.9679025028691578,12
Cerro Gordo,2013.0,36.848847366941435,0.996105965859273,12
Cerro Gordo,2014.0,28.53047370235382,0.8922776917573723,12
Cerro Gordo,2015.0,26.30918850689786,0.6050182031103651,12
Cerro Gordo,2016.0,51.44123288272914,0.6050182031103651,12
Cerro Gordo,2017.0,27.573108274421553,0.640925639191241,12
Cerro Gordo,2018.0,42.2068941656113,0.6050182031103651,12
Cerro Gordo,2019.0,25.66918713413088,0.6050182031103651,12
Cerro Gordo,2020.0,19.011688087283545,0.6255972390696257,12
Cherokee,2000.0,1.4288284122884976,0.8341820772318472,12
Cherokee,2001.0,10.881519652974815,0.8341820772318472,12
Cherokee,2002.0,4.03276710130358,0.8341820772318472,12
Cherokee,2003.0,8.926843821641866,0.8341820772318472,12
Cherokee,2004.0,11.313129828413729,0.8341820772318472,12
Cherokee,2005.0,12.520165697915916,0.8341820772318472,12
Cherokee,2006.0,11.480982337042741,0.8341820772318472,12
Cherokee,2007.0,18.563834283130277,0.8341820772318472,12
Cherokee,2008.0,14.874038009632795,0.5561213848212315,8
Cherokee,2009.0,7.785864667535349,0.6256365579238854,9
Cherokee,2010.0,34.90312259685577,0.8341820772318472,12
Cherokee,2011.0,24.12156636465378,0.8341820772318472,12
Cherokee,2012.0,4.728204786538277,0.8341820772318472,12
Cherokee,2013.0,10.477068555699567,0.8341820772318472,12
Cherokee,2014.0,9.181854725148774,0.8341820772318472,12
Cherokee,2015.0,21.882639460976346,0.8341820772318472,12
Cherokee,2016.0,40.243857179032695,0.8341820772318472,12
Cherokee,2017.0,17.21344889648572,0.8341820772318472,12
Cherokee,2018.0,26.825929150652048,0.8341820772318472,12
Cherokee,2019.0,25.288665106419167,0.8341820772318472,12
Cherokee,2020.0,13.439344294200765,0.8341820772318472,12
Chickasaw,2000.0,18.57264893646768,1.0,12
Chickasaw,2001.0,32.106206127820336,1.0,12
Chickasaw,2002.0,8.781776855386797,1.0,12
Chickasaw,2003.0,8.736627903203434,1.0,12
Chickasaw,2004.0,27.293608564515996,1.0,12
Chickasaw,2005.0,13.359784443007463,1.0,12
Chickasaw,2006.0,20.79845822541697,1.0,12
Chickasaw,2007.0,38.09155177976639,1.0,12
Chickasaw,2008.0,46.63726041358129,0.9195806319257281,12
Chickasaw,2009.0,17.542304843644736,0.75,9
Chickasaw,2010.0,43.40967172114373,1.0,12
Chickasaw,2011.0,25.50005808572856,1.0,12
Chickasaw,2012.0,7.791155981346551,1.0,12
Chickasaw,2013.0,40.71784371971492,1.0,12
Chickasaw,2014.0,25.775100847622863,1.0,12
Chickasaw,2015.0,25.164617281748534,1.0,12
Chickasaw,2016.0,51.50398503598841,1.0,12
Chickasaw,2017.0,37.75347931113138,1.0,12
Chickasaw,2018.0,41.17844816023228,1.0,12
Chickasaw,2019.0,32.524037528919145,1.0,12
Chickasaw,2020.0,24.054147318786818,1.0,12
Clarke,2000.0,1.0962494873274946,0.854663274044384,12
Clarke,2001.0,10.319556982724539,0.9169504423110766,12
Clarke,2002.0,2.5922475202048916,0.8754256634666149,12
Clarke,2003.0,6.308352800759334,0.8821178227403242,12
Clarke,2004.0,7.489948334280828,0.9377128317333074,12
Clarke,2005.0,6.412577262231287,0.8754256634666149,12
Clarke,2006.0,3.0544332943837484,0.8339008846221532,12
Clarke,2007.0,14.17629869963998,0.9792376105777691,12
Clarke,2008.0,12.73503892648499,0.75,9
Clarke,2009.0,7.165678526350185,0.7292376105777691,9
Clarke,2010.0,16.766008114148416,1.0,12
Clarke,2011.0,10.793040414599105,0.9792376105777691,12
Clarke,2012.0,2.2169821403749683,0.9169504423110766,12
Clarke,2013.0,7.974496240286841,0.8914979761726719,12
Clarke,2014.0,8.229533598081742,0.9792376105777691,12
Clarke,2015.0,9.178463861596416,1.0,12
Clarke,2016.0,4.845869592011167,1.0,12
Clarke,2017.0,4.6600766453211815,0.8449993449676265,12
Clarke,2018.0,7.516297447503337,0.9142624481524383,12
Clarke,2019.0,6.6193343835074305,0.9584752211555383,12
Clarke,2020.0,1.9293266295338705,0.838307185693917,12
Clay,2000.0,1.4236375619126227,0.9992478843886334,12
Clay,2001.0,12.298792858480661,1.0,12
Clay,2002.0,3.3761641485887783,1.0,12
Clay,2003.0,6.7922821772938144,1.0,12
Clay,2004.0,9.388773395603621,1.0,12
Clay,2005.0,13.009434759372652,1.0,12
Clay,2006.0,12.577110100440056,0.9996239421943166,12
Clay,2007.0,15.52336286096064,1.0,12
Clay,2008.0,18.56759993638765,0.6707570022988324,12
Clay,2009.0,12.161105553349719,0.7503704894123393,12
Clay,2010.0,32.54379300489266,1.0,12
Clay,2011.0,24.666997790837986,1.0,12
Clay,2012.0,4.956155578649915,0.9992478843886333,12
Clay,2013.0,9.998393541672305,1.0,12
Clay,2014.0,7.428823162501295,1.0,12
Clay,2015.0,16.048870907997628,0.9996239421943166,12
Clay,2016.0,37.51247757863476,1.0,12
Clay,2017.0,15.697693881572375,1.0,12
Clay,2018.0,27.127753035514655,1.0,12
Clay,2019.0,23.061062105445238,0.9996239421943166,12
Clay,2020.0,12.525820476350646,1.0,12
Clayton,2000.0,13.814814258503212,1.0000000000000002,12
Clayton,2001.0,20.95178625709728,0.9565933344095553,12
Clayton,2002.0,8.512212935604987,0.8263733376382204,12
Clayton,2003.0,6.728209482678617,0.8263733376382204,12
Clayton,2004.0,20.268059994501233,0.8263733376382204,12
Clayton,2005.0,8.892715192668417,0.8263733376382204,12
Clayton,2006.0,15.529050027392493,0.8263733376382204,12
Clayton,2007.0,35.54171748951241,0.8263733376382204,12
Clayton,2008.0,37.373410174417224,0.6878043203944227,12
Clayton,2009.0,16.665562789607264,0.6258481658781639,11
Clayton,2010.0,22.67749422497913,0.8263733376382204,12
Clayton,2011.0,20.713090838034642,0.8263733376382204,12
Clayton,2012.0,8.912782551885885,0.8263733376382204,12
Clayton,2013.0,34.95585754919121,0.8263733376382204,12
Clayton,2014.0,26.221462191991264,0.8263733376382204,12
Clayton,2015.0,18.653826778785124,0.8263733376382204,12
Clayton,2016.0,40.158582026004666,0.8263733376382204,12
Clayton,2017.0,33.91595534019543,0.8263733376382204,12
Clayton,2018.0,37.26730963250304,0.8263733376382204,12
Clayton,2019.0,32.88891180258444,0.8263733376382204,12
Clayton,2020.0,23.575340448915632,0.8263733376382204,12
Clinton,2000.0,18.13263727525225,0.7681822592539517,12
Clinton,2001.0,26.64540193422558,0.8601778472620228,12
Clinton,2002.0,18.37401840326136,0.798847455256642,12
Clinton,2003.0,9.621549613477686,0.7223766868086815,12
Clinton,2004.0,24.000044613910728,0.7784039912548485,12
Clinton,2005.0,8.870676967242538,0.7681822592539517,12
Clinton,2006.0,18.05856297276197,0.7681822592539517,12
Clinton,2007.0,32.82862759899817,0.7681822592539517,12
Clinton,2008.0,45.56949949041111,0.5849599694728708,12
Clinton,2009.0,23.79842512917072,0.6125559260922486,11
Clinton,2010.0,36.140888412588076,0.7681822592539517,12
Clinton,2011.0,27.915263832978336,0.7681822592539517,12
Clinton,2012.0,10.448625304574612,0.7681822592539517,12
Clinton,2013.0,29.923417260472156,0.7784039912548485,12
Clinton,2014.0,23.08761855406185,0.7681822592539517,12
Clinton,2015.0,23.064830597607795,0.7223766868086815,12
Clinton,2016.0,33.78153041217242,0.7681822592539517,12
Clinton,2017.0,29.06413849090003,0.7681822592539517,12
Clinton,2018.0,33.39375464487115,0.7784039912548485,12
Clinton,2019.0,29.380815668451156,0.7681822592539517,12
Clinton,2020.0,24.57164909354534,0.7223766868086815,12
Crawford,2000.0,2.239716372321291,0.996965832291893,12
Crawford,2001.0,8.839665200536524,0.996965832291893,12
Crawford,2002.0,4.63754830729152,0.996965832291893,12
Crawford,2003.0,7.717732979353699,0.996965832291893,12
Crawford,2004.0,10.576480544713613,0.996965832291893,12
Crawford,2005.0,7.1865603746808775,0.996965832291893,12
Crawford,2006.0,3.747508035320788,0.996965832291893,12
Crawford,2007.0,29.176729730382934,0.996965832291893,12
Crawford,2008.0,19.858225826293488,0.6646438881945952,8
Crawford,2009.0,9.995285812148616,0.7477243742189197,9
Crawford,2010.0,27.31372328535317,0.996965832291893,12
Crawford,2011.0,17.11239078772754,0.996965832291893,12
Crawford,2012.0,3.626694547148997,0.996965832291893,12
Crawford,2013.0,11.610505511833844,0.996965832291893,12
Crawford,2014.0,21.442274623063177,0.996965832291893,12
Crawford,2015.0,40.40805800430306,0.996965832291893,12
Crawford,2016.0,39.151030364753865,0.996965832291893,12
Crawford,2017.0,22.689081551577896,0.996965832291893,12
Crawford,2018.0,25.48848032304988,0.996965832291893,12
Crawford,2019.0,26.48311467404229,0.996965832291893,12
Crawford,2020.0,12.77411401497528,0.996965832291893,12
Dallas,2000.0,2.7228677812086355,1.0,12
Dallas,2001.0,18.478450987864896,1.0,12
Dallas,2002.0,11.384233771627628,1.0,12
Dallas,2003.0,18.502377470856285,1.0,12
Dallas,2004.0,21.929344632497134,1.0,12
Dallas,2005.0,14.839533353294128,1.0,12
Dallas,2006.0,13.481601976964987,1.0,12
Dallas,2007.0,37.10642830762302,1.0,12
Dallas,2008.0,33.85688635966794,0.856154460719333,12
Dallas,2009.0,21.278969111260977,0.856154460719333,12
Dallas,2010.0,37.59370394807589,1.0,12
Dallas,2011.0,17.15428776266588,1.0,12
Dallas,2012.0,3.823378981758057,1.0,12
Dallas,2013.0,37.24138272440279,1.0,12
Dallas,2014.0,29.29875577838717,1.0,12
Dallas,2015.0,69.90704425434238,1.0,12
Dallas,2016.0,42.562153267973734,1.0,12
Dallas,2017.0,23.64216185334693,0.9996494388919729,12
Dallas,2018.0,39.99399786736201,1.0,12
Dallas,2019.0,31.95316898884609,1.0,12
Dallas,2020.0,11.728012649073078,0.9996494388919729,12
Davis,2000.0,1.1644767571588333,0.3742159152561078,12
Davis,2001.0,10.326431679558798,0.4079883147845687,12
Davis,2002.0,3.438940438119953,0.4760988000629396,12
Davis,2003.0,6.836581425588524,0.4073084346738092,12
Davis,2004.0,9.518580713513208,0.4079883147845687,12
Davis,2005.0,7.413104611692188,0.4420435574237542,12
Davis,2006.0,4.727798932461883,0.4420435574237542,12
Davis,2007.0,18.066627084567404,0.4079883147845687,12
Davis,2008.0,17.670535652303197,0.30599123608842654,9
Davis,2009.0,7.6939845329917445,0.30599123608842654,9
Davis,2010.0,20.361132486436624,0.4079883147845687,12
Davis,2011.0,17.92427692322497,0.4079883147845687,12
Davis,2012.0,1.660576220764805,0.4079883147845687,12
Davis,2013.0,7.743959160424559,0.44181693072016764,12
Davis,2014.0,7.271253083011947,0.4079883147845687,12
Davis,2015.0,19.64723848575114,0.4079883147845687,12
Davis,2016.0,15.644525179680738,0.4079883147845687,12
Davis,2017.0,8.090008372748288,0.4073084346738092,12
Davis,2018.0,13.790895303511427,0.4068551812666363,12
Davis,2019.0,10.758183426090028,0.4420435574237542,12
Davis,2020.0,6.162307607802577,0.4079883147845687,12
Decatur,2000.0,0.19671383107208487,0.399373993895724,12
Decatur,2001.0,4.743541314796277,0.6262787519046248,12
Decatur,2002.0,0.43717883516474254,0.47500891323202427,12
Decatur,2003.0,0.6584538135631691,0.545343983264769,11
Decatur,2004.0,3.2705352523806326,0.7019136712409252,12
Decatur,2005.0,1.9755938798589925,0.47500891323202427,12
Decatur,2006.0,0.49753868258186296,0.3237390745594237,12
Decatur,2007.0,8.26436764692152,0.8531835099135257,12
Decatur,2008.0,6.630105250609301,0.6966138219373694,9
Decatur,2009.0,4.649963066324226,0.6209789026010691,9
Decatur,2010.0,15.00616867683355,0.9288184292498259,12
Decatur,2011.0,14.045904027311297,0.8531835099135257,12
Decatur,2012.0,2.697686304233752,0.6262787519046248,12
Decatur,2013.0,2.614040320531073,0.5488772161338059,12
Decatur,2014.0,9.923710018833425,0.8531835099135257,12
Decatur,2015.0,7.4008708287445035,0.9288184292498259,12
Decatur,2016.0,3.6354872664161437,0.9288184292498259,12
Decatur,2017.0,2.640957434433246,0.6209789026010691,11
Decatur,2018.0,4.286093673291375,0.6930805890683324,10
Decatur,2019.0,4.911226969662414,0.7775485905772254,12
Decatur,2020.0,1.436173318956243,0.5506438325683245,12
Delaware,2000.0,19.32263319833701,1.0,12
Delaware,2001.0,28.314046556862476,1.0,12
Delaware,2002.0,23.854761818202377,1.0,12
Delaware,2003.0,12.14926425470071,1.0,12
Delaware,2004.0,24.20370426892487,1.0,12
Delaware,2005.0,8.242138289915419,1.0,12
Delaware,2006.0,18.427141942582175,1.0,12
Delaware,2007.0,33.831685280021674,1.0,12
Delaware,2008.0,54.87600647842505,0.9860014868269243,12
Delaware,2009.0,26.548422079076648,0.8880682674867226,11
Delaware,2010.0,44.94111939365489,1.0,12
Delaware,2011.0,37.77597519104239,1.0,12
Delaware,2012.0,13.366442563733399,1.0,12
Delaware,2013.0,37.165641865455214,1.0,12
Delaware,2014.0,30.302254777717142,1.0,12
Delaware,2015.0,21.128384257309868,1.0,12
Delaware,2016.0,35.1697434306134,1.0,12
Delaware,2017.0,28.50967393787766,1.0,12
Delaware,2018.0,38.9076259907934,1.0,12
Delaware,2019.0,34.62453542648901,1.0,12
Delaware,2020.0,25.359474131324546,1.0,12
Des Moines,2000.0,8.917045944997241,0.18472066165569304,12
Des Moines,2001.0,21.858928605538036,0.19912115630520097,12
Des Moines,2002.0,10.246702808091111,0.18472066165569304,12
Des Moines,2003.0,3.4454691067476673,0.15591967235667717,12
Des Moines,2004.0,12.585154610550697,0.22792214560421678,12
Des Moines,2005.0,6.585582040267662,0.19912115630520097,12
Des Moines,2006.0,6.47540522331127,0.1703201670061851,12
Des Moines,2007.0,24.992368221148297,0.21352165095470887,12
Des Moines,2008.0,26.478068609414574,0.1565411145536547,9
Des Moines,2009.0,21.930776965939614,0.1709416092031626,9
Des Moines,2010.0,26.798762113410053,0.22792214560421678,12
Des Moines,2011.0,19.05284159945278,0.18472066165569304,12
Des Moines,2012.0,3.0060736795060143,0.18472066165569304,12
Des Moines,2013.0,19.990186536398934,0.19912115630520097,12
Des Moines,2014.0,9.644993919393652,0.22792214560421678,12
Des Moines,2015.0,25.458025021502774,0.22792214560421678,12
Des Moines,2016.0,14.278607635597057,0.22792214560421678,12
Des Moines,2017.0,13.838310424081866,0.1703201670061851,12
Des Moines,2018.0,13.08426551772718,0.21352165095470887,12
Des Moines,2019.0,21.331758967809066,0.22792214560421678,12
Des Moines,2020.0,11.849513403518797,0.22792214560421678,12
Dickinson,2000.0,1.3608585700959461,0.988347740730394,12
Dickinson,2001.0,12.142633638225202,1.0,12
Dickinson,2002.0,3.213099783953552,1.0,12
Dickinson,2003.0,6.539619295786981,1.0,12
Dickinson,2004.0,8.98199339483773,1.0,12
Dickinson,2005.0,12.951806891701903,1.0,12
Dickinson,2006.0,12.597968770040156,0.9941738703651971,12
Dickinson,2007.0,14.977203027146754,1.0,12
Dickinson,2008.0,13.157157909742445,0.6666666666666666,8
Dickinson,2009.0,6.398889991689219,0.7441738703651971,9
Dickinson,2010.0,31.741317492219913,1.0,12
Dickinson,2011.0,24.360376173675956,1.0,12
Dickinson,2012.0,4.964061788970512,0.9883477407303941,12
Dickinson,2013.0,9.363631898429972,1.0,12
Dickinson,2014.0,7.039184567093005,1.0,12
Dickinson,2015.0,15.030777498324934,0.9941738703651971,12
Dickinson,2016.0,37.24397576496087,1.0,12
Dickinson,2017.0,15.642223017808325,1.0,12
Dickinson,2018.0,26.38421828435278,1.0,12
Dickinson,2019.0,22.520118730263746,0.9941738703651971,12
Dickinson,2020.0,12.360614495845788,1.0,12
Dubuque,2000.0,15.313691547407435,0.8213112921394389,12
Dubuque,2001.0,21.384204957128812,0.7442838019090567,12
Dubuque,2002.0,26.287956922569048,0.5132013312179106,12
Dubuque,2003.0,12.884327493463408,0.5132013312179106,12
Dubuque,2004.0,23.79681260425234,0.5132013312179106,12
Dubuque,2005.0,7.612527359250868,0.5132013312179106,12
Dubuque,2006.0,18.285455355245254,0.5132013312179106,12
Dubuque,2007.0,32.87378527454109,0.5132013312179106,12
Dubuque,2008.0,55.94407749836741,0.5100312381981841,12
Dubuque,2009.0,27.175618040014047,0.4672644605966915,11
Dubuque,2010.0,45.06952636111693,0.5132013312179106,12
Dubuque,2011.0,39.98186225783571,0.5132013312179106,12
Dubuque,2012.0,14.158880635836661,0.5132013312179106,12
Dubuque,2013.0,36.98890883774541,0.5132013312179106,12
Dubuque,2014.0,31.154440669873427,0.5132013312179106,12
Dubuque,2015.0,20.6792591897305,0.5132013312179106,12
Dubuque,2016.0,32.73474949564059,0.5132013312179106,12
Dubuque,2017.0,26.871121465850475,0.5132013312179106,12
Dubuque,2018.0,38.789205520177504,0.5132013312179106,12
Dubuque,2019.0,35.1167569610325,0.5132013312179106,12
Dubuque,2020.0,25.51286621005211,0.5132013312179106,12
Emmet,2000.0,3.7243831384444634,0.874703039924733,12
Emmet,2001.0,22.433109890654013,0.9694473612429287,12
Emmet,2002.0,5.230940895807838,0.9694473612429287,12
Emmet,2003.0,12.622877466733222,0.9694473612429287,12
Emmet,2004.0,11.293851404850107,0.9694473612429287,12
Emmet,2005.0,19.92053601170804,0.9694473612429287,12
Emmet,2006.0,19.46391170668235,0.9220752005838309,12
Emmet,2007.0,19.924472514919152,0.9694473612429287,12
Emmet,2008.0,16.803135753879037,0.6462982408286192,8
Emmet,2009.0,8.209346386159918,0.6797133602730986,9
Emmet,2010.0,25.912098247209773,0.9694473612429287,12
Emmet,2011.0,22.6226649339086,0.9088840145654103,12
Emmet,2012.0,4.472431218006813,0.7838580199084554,12
Emmet,2013.0,16.605743566386483,0.9694473612429287,12
Emmet,2014.0,14.83963568955913,0.9694473612429287,12
Emmet,2015.0,20.595523431605226,0.9220752005838309,12
Emmet,2016.0,40.979114371947425,0.9694473612429287,12
Emmet,2017.0,20.025555624635093,0.9391656879041697,12
Emmet,2018.0,29.464645761286988,0.9694473612429287,12
Emmet,2019.0,22.601723495011093,0.9220752005838309,12
Emmet,2020.0,12.392689807333781,0.8786023412266513,12
Fayette,2000.0,16.314692848380584,1.0,12
Fayette,2001.0,26.718421800781158,1.0,12
Fayette,2002.0,9.280431890888947,1.0,12
Fayette,2003.0,7.334250323651884,1.0,12
Fayette,2004.0,23.35426913438584,1.0,12
Fayette,2005.0,10.236991332337395,1.0,12
Fayette,2006.0,17.351342951052526,1.0,12
Fayette,2007.0,36.72017601383792,1.0,12
Fayette,2008.0,42.2873784472092,0.8848209089402812,12
Fayette,2009.0,19.657194967393334,0.7618415517020737,11
Fayette,2010.0,32.08028689432109,1.0,12
Fayette,2011.0,22.64509314618944,1.0,12
Fayette,2012.0,8.975460713098544,1.0,12
Fayette,2013.0,37.301999076495285,1.0,12
Fayette,2014.0,26.470667606420424,1.0,12
Fayette,2015.0,21.108549601394856,1.0,12
Fayette,2016.0,44.00966482340215,1.0,12
Fayette,2017.0,35.65518134786193,1.0,12
Fayette,2018.0,38.45952419868226,1.0,12
Fayette,2019.0,32.1042414273113,1.0,12
Fayette,2020.0,23.623397065823248,1.0,12
Floyd,2000.0,18.937444381470293,0.4384370552980739,12
Floyd,2001.0,31.288510770815343,0.6256247035320492,12
Floyd,2002.0,6.986991096293538,1.0,12
Floyd,2003.0,14.772504396511163,1.0,12
Floyd,2004.0,25.816410693929946,1.0,12
Floyd,2005.0,25.355570400947542,1.0,12
Floyd,2006.0,26.66952975841773,1.0,12
Floyd,2007.0,32.10648042029381,1.0,12
Floyd,2008.0,38.42747081748088,0.7513605320995459,12
Floyd,2009.0,13.964524866758486,0.75,9
Floyd,2010.0,20.791685146798738,1.0,12
Floyd,2011.0,23.608136925665146,1.0,12
Floyd,2012.0,2.804560775937684,1.0,12
Floyd,2013.0,43.69006467471798,1.0,12
Floyd,2014.0,24.231685253600244,0.9966889863357293,12
Floyd,2015.0,21.902916700749675,0.9878596165643407,12
Floyd,2016.0,44.794997451904464,0.9878596165643407,12
Floyd,2017.0,25.296252700627715,0.9889632877857643,12
Floyd,2018.0,41.010767494795566,0.9878596165643407,12
Floyd,2019.0,28.284106410809912,0.9878596165643407,12
Floyd,2020.0,16.78990355270971,0.9421663757272705,12
Franklin,2000.0,11.718888718782624,0.9992652917445403,12
Franklin,2001.0,31.551666912100785,0.9995101944963601,12
Franklin,2002.0,13.474461559481083,1.0,12
Franklin,2003.0,16.851740762012483,1.0,12
Franklin,2004.0,20.596809194340263,1.0,12
Franklin,2005.0,21.612282611698614,1.0,12
Franklin,2006.0,21.753212760806637,1.0,12
Franklin,2007.0,43.517797355567446,1.0,12
Franklin,2008.0,40.499117487897585,0.7110432964089944,12
Franklin,2009.0,30.33219073786524,0.7832365530407795,12
Franklin,2010.0,35.29982290310129,1.0,12
Franklin,2011.0,21.91202465324436,1.0,12
Franklin,2012.0,3.790271507269053,0.9278067433682149,12
Franklin,2013.0,40.08935726099912,0.9667972422812521,12
Franklin,2014.0,32.7877676814991,1.0,12
Franklin,2015.0,32.92868235739254,1.0,12
Franklin,2016.0,53.88040998918621,1.0,12
Franklin,2017.0,29.59013392746604,1.0,12
Franklin,2018.0,46.722309193893686,1.0,12
Franklin,2019.0,29.972677584872073,1.0,12
Franklin,2020.0,23.212241159107446,0.999938774312045,12
Fremont,2000.0,1.7546569622972865,0.48247803600927375,12
Fremont,2001.0,9.395943016307688,0.5008528492316241,12
Fremont,2002.0,2.2385579800420676,0.569080626523217,12
Fremont,2003.0,6.024482309414959,0.5349667378774207,12
Fremont,2004.0,15.199204785856498,0.5376024756763249,12
Fremont,2005.0,9.477415792496089,0.5376024756763249,12
Fremont,2006.0,4.67196447236925,0.5376024756763249,12
Fremont,2007.0,36.477536577759565,0.5376024756763249,12
Fremont,2008.0,22.939490898621884,0.37677646367323364,9
Fremont,2009.0,11.939507071053034,0.4032018567572437,9
Fremont,2010.0,32.95214118416032,0.5848197019466631,12
Fremont,2011.0,14.524582211049253,0.7264713807576778,12
Fremont,2012.0,5.659199570262093,0.663192040383415,12
Fremont,2013.0,18.959598058478896,0.6005587773701092,12
Fremont,2014.0,24.275144958037934,0.5848197019466631,12
Fremont,2015.0,33.47036708606326,0.7264713807576778,12
Fremont,2016.0,33.60767840681156,0.7264713807576778,12
Fremont,2017.0,17.634276652812588,0.7264713807576778,12
Fremont,2018.0,20.581037748659202,0.7264713807576778,12
Fremont,2019.0,21.601784631238765,0.7264713807576778,12
Fremont,2020.0,7.577326673796761,0.7264713807576778,12
Greene,2000.0,3.116870783502235,1.0,12
Greene,2001.0,20.090205158089553,1.0,12
Greene,2002.0,13.771250255401082,1.0,12
Greene,2003.0,21.72326764283466,1.0,12
Greene,2004.0,25.249713828875674,1.0,12
Greene,2005.0,17.288091911550207,1.0,12
Greene,2006.0,15.320392309352457,1.0,12
Greene,2007.0,40.495419968852545,1.0,12
Greene,2008.0,38.57342369231298,0.944022933378661,12
Greene,2009.0,23.371619453713315,0.944022933378661,12
Greene,2010.0,44.37999602051476,1.0,12
Greene,2011.0,19.62645326041472,1.0,12
Greene,2012.0,4.859368176115079,1.0,12
Greene,2013.0,48.33183883900602,1.0,12
Greene,2014.0,39.554878446156465,1.0,12
Greene,2015.0,88.61193271649252,1.0,12
Greene,2016.0,50.57175390338726,1.0,12
Greene,2017.0,28.055678122570914,1.0,12
Greene,2018.0,47.32418377671186,1.0,12
Greene,2019.0,34.5717005131767,1.0,12
Greene,2020.0,13.501667578478145,1.0,12
Grundy,2000.0,12.936036250441731,1.0,12
Grundy,2001.0,30.11340684942488,1.0,12
Grundy,2002.0,9.113248918619037,1.0,12
Grundy,2003.0,16.449451462908666,1.0,12
Grundy,2004.0,23.157671157199818,1.0,12
Grundy,2005.0,16.178009253849158,1.0,12
Grundy,2006.0,18.997446782028447,1.0,12
Grundy,2007.0,42.09857126225714,1.0,12
Grundy,2008.0,49.66926769243781,0.972094839757398,12
Grundy,2009.0,27.66911969897554,0.9779722486471507,12
Grundy,2010.0,35.54911237147404,1.0,12
Grundy,2011.0,20.9180264625014,1.0,12
Grundy,2012.0,5.493409235550741,0.9933900036629821,12
Grundy,2013.0,38.096814723393116,0.9867800073259642,12
Grundy,2014.0,21.608984812903074,1.0,12
Grundy,2015.0,32.63026235211835,1.0,12
Grundy,2016.0,49.031521137905735,1.0,12
Grundy,2017.0,29.307803440805444,1.0,12
Grundy,2018.0,48.06367980583356,1.0,12
Grundy,2019.0,33.89594134035535,1.0,12
Grundy,2020.0,26.84825667976547,1.0,12
Guthrie,2000.0,1.4234159957304577,0.9843543482915135,12
Guthrie,2001.0,11.006464349553967,0.9895695655276757,12
Guthrie,2002.0,7.545428627871643,1.0,12
Guthrie,2003.0,12.394828813934062,0.9947847827638379,12
Guthrie,2004.0,17.185724330651933,1.0,12
Guthrie,2005.0,8.027204465271799,1.0,12
Guthrie,2006.0,5.790511552976366,1.0,12
Guthrie,2007.0,32.83527286656802,1.0,12
Guthrie,2008.0,27.725958321774176,0.7550173496247589,12
Guthrie,2009.0,19.023093548856952,0.755017349624759,12
Guthrie,2010.0,26.167608462567976,1.0,12
Guthrie,2011.0,8.826218023841449,1.0,12
Guthrie,2012.0,1.8945945485795852,0.9895695655276757,12
Guthrie,2013.0,21.77896693439799,1.0,12
Guthrie,2014.0,15.041254623896089,1.0,12
Guthrie,2015.0,49.96536030538162,1.0,12
Guthrie,2016.0,30.740071505841563,1.0,12
Guthrie,2017.0,16.420159013005563,0.991030697743165,12
Guthrie,2018.0,22.7859872093529,1.0,12
Guthrie,2019.0,24.125346718612565,1.0,12
Guthrie,2020.0,6.459063848277698,0.991030697743165,12
Hamilton,2000.0,6.213044726032565,0.8973351652540925,12
Hamilton,2001.0,31.947894037896596,1.0000000000000002,12
Hamilton,2002.0,17.86305924072979,1.0000000000000002,12
Hamilton,2003.0,21.33828829896915,0.9486675826270464,12
Hamilton,2004.0,28.291168900915686,0.9486675826270464,12
Hamilton,2005.0,22.06478367759462,0.9743337913135233,12
Hamilton,2006.0,22.82998291188486,1.0000000000000002,12
Hamilton,2007.0,48.98698151918474,1.0000000000000002,12
Hamilton,2008.0,46.48774291559256,0.9467656049738418,12
Hamilton,2009.0,33.5579123177117,0.9323117920137068,12
Hamilton,2010.0,39.980487223934155,1.0000000000000002,12
Hamilton,2011.0,17.850314348119074,0.8716689565676156,12
Hamilton,2012.0,3.4905297044385195,0.8091241434683196,12
Hamilton,2013.0,37.60546565847858,0.9005765824878854,12
Hamilton,2014.0,34.48859024956711,1.0000000000000002,12
Hamilton,2015.0,44.10126397052399,1.0000000000000002,12
Hamilton,2016.0,38.24275309968622,1.0000000000000002,12
Hamilton,2017.0,23.34268646104197,0.9743337913135233,12
Hamilton,2018.0,41.63810349848413,1.0000000000000002,12
Hamilton,2019.0,26.887314129049596,1.0000000000000002,12
Hamilton,2020.0,14.643841599926008,0.9486675826270464,12
Hancock,2000.0,9.2283685019445,0.9028916912507231,12
Hancock,2001.0,35.289526879815284,1.0,12
Hancock,2002.0,17.50417923475015,1.0,12
Hancock,2003.0,18.97800766376398,0.9514458456253615,12
Hancock,2004.0,20.068710099241294,0.9514458456253615,12
Hancock,2005.0,21.869454288043567,0.9757229228126807,12
Hancock,2006.0,20.996872548022466,1.0,12
Hancock,2007.0,43.24101480193739,1.0,12
Hancock,2008.0,35.823605060994446,0.7699515429595024,12
Hancock,2009.0,27.03030632934375,0.7985541543746385,12
Hancock,2010.0,39.74045379786667,1.0,12
Hancock,2011.0,22.134653116600905,0.8643835349395667,12
Hancock,2012.0,2.5081938343941275,0.762949691962473,12
Hancock,2013.0,38.4514878218712,0.8371064088677382,12
Hancock,2014.0,40.12480501835907,0.9814702973693236,12
Hancock,2015.0,39.009885020477014,0.9320577570208529,12
Hancock,2016.0,50.43479470819216,0.9320577570208529,12
Hancock,2017.0,26.40860688997067,0.9068417078151739,12
Hancock,2018.0,49.45227625282475,0.9320577570208529,12
Hancock,2019.0,33.192470380319705,0.9320577570208529,12
Hancock,2020.0,19.10847655782586,0.8683335515040174,12
Hardin,2000.0,8.13889733297823,1.0,12
Hardin,2001.0,31.03208208670052,1.0,12
Hardin,2002.0,16.440369758975184,1.0,12
Hardin,2003.0,16.717637767460968,1.0,12
Hardin,2004.0,17.961749848965685,1.0,12
Hardin,2005.0,19.50078281384382,1.0,12
Hardin,2006.0,20.173243502683217,1.0,12
Hardin,2007.0,43.043670574067896,1.0,12
Hardin,2008.0,36.09446890925779,0.6963058737799229,12
Hardin,2009.0,31.520207613917357,0.7722294053349422,12
Hardin,2010.0,37.151920906907634,1.0,12
Hardin,2011.0,22.648040221172494,1.0,12
Hardin,2012.0,3.1620187442872383,0.9240764684449808,12
Hardin,2013.0,32.53130917214793,0.8481529368899615,12
Hardin,2014.0,43.21200135288845,1.0,12
Hardin,2015.0,37.33431535005589,1.0,12
Hardin,2016.0,45.33558654754112,1.0,12
Hardin,2017.0,24.897819706657305,1.0,12
Hardin,2018.0,49.56441883521654,1.0,12
Hardin,2019.0,35.90505884461885,1.0,12
Hardin,2020.0,21.989764660367857,1.0,12
Harrison,2000.0,2.255433960280439,0.7736768320282948,12
Harrison,2001.0,8.746372516183161,0.7736768320282948,12
Harrison,2002.0,4.858834691182499,0.7736768320282948,12
Harrison,2003.0,7.83434709931069,0.7736768320282948,12
Harrison,2004.0,9.692341088333551,0.7736768320282948,12
Harrison,2005.0,6.832549014209158,0.7736768320282948,12
Harrison,2006.0,3.7497836025583755,0.7736768320282948,12
Harrison,2007.0,27.40765381896975,0.7736768320282948,12
Harrison,2008.0,18.76184792413942,0.51578455468553,8
Harrison,2009.0,9.712789715013553,0.5802576240212213,9
Harrison,2010.0,25.967879022678886,0.7736768320282948,12
Harrison,2011.0,17.262477756632343,0.7736768320282948,12
Harrison,2012.0,3.31384603710141,0.7749615458302719,12
Harrison,2013.0,10.244043659817365,0.7736768320282948,12
Harrison,2014.0,19.905314109024147,0.7736768320282948,12
Harrison,2015.0,40.29912412597877,0.7736768320282948,12
Harrison,2016.0,39.47923384196967,0.7736768320282948,12
Harrison,2017.0,23.016114061737277,0.7736768320282948,12
Harrison,2018.0,26.07546273210658,0.7736768320282948,12
Harrison,2019.0,26.603416210876926,0.7736768320282948,12
Harrison,2020.0,13.325694998251015,0.7736768320282948,12
Henry,2000.0,9.078539372352257,0.7381719419314029,12
Henry,2001.0,22.333902964149424,0.820182884123545,12
Henry,2002.0,10.636478502677447,0.7381719419314029,12
Henry,2003.0,2.542210245092365,0.5741500575471187,12
Henry,2004.0,11.462101976444538,0.9842047685078293,12
Henry,2005.0,5.509675016898222,0.820182884123545,12
Henry,2006.0,5.81983466386558,0.6561609997392608,12
Henry,2007.0,22.19899821897644,0.9021938263156871,12
Henry,2008.0,23.37678825030922,0.6561426341887299,9
Henry,2009.0,21.982983756517477,0.738153576380872,9
Henry,2010.0,26.503322586487688,0.9842047685078293,12
Henry,2011.0,19.643851062248743,0.7381719419314029,12
Henry,2012.0,2.4618510506741007,0.7381719419314029,12
Henry,2013.0,19.554167128623813,0.820182884123545,12
Henry,2014.0,7.973108443434792,0.9842047685078293,12
Henry,2015.0,25.05889532170012,0.9842047685078293,12
Henry,2016.0,10.864329899786926,0.9842047685078293,12
Henry,2017.0,13.011047716850815,0.6561609997392608,12
Henry,2018.0,11.372816747529619,0.9021938263156871,12
Henry,2019.0,20.640642702511652,0.9842047685078293,12
Henry,2020.0,11.13128315415526,0.9842047685078293,12
Howard,2000.0,16.19394200316438,1.0,12
Howard,2001.0,24.523495892159055,1.0,12
Howard,2002.0,7.308763687661893,1.0,12
Howard,2003.0,6.382954392915926,1.0,12
Howard,2004.0,21.797988855175717,1.0,12
Howard,2005.0,11.869925264119825,1.0,12
Howard,2006.0,17.252804317301955,1.0,12
Howard,2007.0,33.57523478507461,1.0,12
Howard,2008.0,39.911347025666316,0.8413620561446971,12
Howard,2009.0,12.53587100678056,0.75,9
Howard,2010.0,30.26152508986403,1.0,12
Howard,2011.0,23.764267770812776,1.0,12
Howard,2012.0,7.578860895274049,0.9751994554811428,12
Howard,2013.0,38.26651466481045,1.0,12
Howard,2014.0,25.720648186190747,1.0,12
Howard,2015.0,20.83526153468422,1.0,12
Howard,2016.0,47.48257899593577,1.0,12
Howard,2017.0,34.3431548559328,1.0,12
Howard,2018.0,37.96465524294059,1.0,12
Howard,2019.0,34.696230517400906,1.0,12
Howard,2020.0,22.82869715097418,1.0,12
Humboldt,2000.0,5.974961174993272,0.8892187937405372,12
Humboldt,2001.0,29.824721959294916,1.0,12
Humboldt,2002.0,9.60037520536239,1.0,12
Humboldt,2003.0,17.032247384919966,0.9676408680979955,12
Humboldt,2004.0,16.26639943039559,0.9676408680979955,12
Humboldt,2005.0,22.385411329599457,0.9838204340489978,12
Humboldt,2006.0,21.006210280318623,0.976968528772273,12
Humboldt,2007.0,29.530359990874334,1.0,12
Humboldt,2008.0,26.12495828078808,0.7433655553812164,12
Humboldt,2009.0,16.525706019876452,0.7593276606742775,12
Humboldt,2010.0,33.14549693185829,1.0,12
Humboldt,2011.0,23.29443803280075,0.8548188277568625,12
Humboldt,2012.0,4.253466772539074,0.7442550821553408,12
Humboldt,2013.0,27.55694968540077,0.9514613021469933,12
Humboldt,2014.0,21.897275106325605,1.0,12
Humboldt,2015.0,29.630655718871296,0.976968528772273,12
Humboldt,2016.0,46.15288526213987,1.0,12
Humboldt,2017.0,22.888794708302107,0.9516787628049346,12
Humboldt,2018.0,37.308226314105106,1.0,12
Humboldt,2019.0,26.139879340317133,0.976968528772273,12
Humboldt,2020.0,13.708536970593949,0.8712158543658058,12
Ida,2000.0,1.8905595534097732,1.0,12
Ida,2001.0,8.041031292402137,1.0,12
Ida,2002.0,5.709333219397599,1.0,12
Ida,2003.0,13.534689667674147,1.0,12
Ida,2004.0,14.798529197697976,1.0,12
Ida,2005.0,10.360439612505802,1.0,12
Ida,2006.0,8.02658367915231,1.0,12
Ida,2007.0,26.28434922980007,1.0,12
Ida,2008.0,18.07627582671801,0.6666666666666666,8
Ida,2009.0,10.933760316970815,0.75,9
Ida,2010.0,37.08171268730325,1.0,12
Ida,2011.0,21.174431384122876,1.0,12
Ida,2012.0,3.9377814702666596,1.0,12
Ida,2013.0,12.458862637696964,1.0,12
Ida,2014.0,15.29593316893247,1.0,12
Ida,2015.0,37.28568301840682,1.0,12
Ida,2016.0,44.03295104611638,1.0,12
Ida,2017.0,20.91128546025293,1.0,12
Ida,2018.0,25.475736349076236,1.0,12
Ida,2019.0,29.609458134104017,1.0,12
Ida,2020.0,15.127561606675611,1.0,12
Iowa,2000.0,7.891022081892395,1.0,12
Iowa,2001.0,24.141962899453645,1.0,12
Iowa,2002.0,10.682991994419055,1.0,12
Iowa,2003.0,9.832671930736973,1.0,12
Iowa,2004.0,18.575203501777715,1.0,12
Iowa,2005.0,13.268140775286112,1.0,12
Iowa,2006.0,11.75372348147497,1.0,12
Iowa,2007.0,38.11395086154558,1.0,12
Iowa,2008.0,46.227808426894214,0.7817428409682897,10
Iowa,2009.0,24.419709106149416,0.75,9
Iowa,2010.0,33.67082155321264,1.0,12
Iowa,2011.0,17.833048255510683,1.0,12
Iowa,2012.0,4.443436051243107,1.0,12
Iowa,2013.0,26.072834611957312,1.0,12
Iowa,2014.0,20.655541485301708,1.0,12
Iowa,2015.0,35.25117505182638,1.0,12
Iowa,2016.0,29.084792281797853,1.0,12
Iowa,2017.0,19.033463325667213,1.0,12
Iowa,2018.0,22.423112071798407,1.0,12
Iowa,2019.0,25.31120051798712,1.0,12
Iowa,2020.0,16.41431632492432,1.0,12
Jackson,2000.0,19.721299864999345,0.6767960264665139,12
Jackson,2001.0,28.026718348322706,0.6767960264665139,12
Jackson,2002.0,27.019961785399516,0.6767960264665139,12
Jackson,2003.0,13.134472585953155,0.6767960264665139,12
Jackson,2004.0,23.90572874875745,0.6767960264665139,12
Jackson,2005.0,7.548143422562587,0.6767960264665139,12
Jackson,2006.0,18.378282022652368,0.6767960264665139,12
Jackson,2007.0,32.78614249070736,0.6767960264665139,12
Jackson,2008.0,56.6612657030418,0.6767960264665139,12
Jackson,2009.0,27.58491936078893,0.6203963575943044,11
Jackson,2010.0,45.95921728499575,0.6767960264665139,12
Jackson,2011.0,40.78048543074546,0.6767960264665139,12
Jackson,2012.0,14.372253056583954,0.6767960264665139,12
Jackson,2013.0,37.000650888703795,0.6767960264665139,12
Jackson,2014.0,31.321226551122447,0.6767960264665139,12
Jackson,2015.0,20.73488425338909,0.6767960264665139,12
Jackson,2016.0,32.40657173695304,0.6767960264665139,12
Jackson,2017.0,26.566037841739124,0.6767960264665139,12
Jackson,2018.0,38.835043187837805,0.6767960264665139,12
Jackson,2019.0,35.23471237395904,0.6767960264665139,12
Jackson,2020.0,25.616536917648983,0.6767960264665139,12
Jasper,2000.0,2.3768262954215102,1.0,12
Jasper,2001.0,21.890898157333663,1.0,12
Jasper,2002.0,11.37774089947332,1.0,12
Jasper,2003.0,15.036533967110056,0.9735646836111417,12
Jasper,2004.0,25.128005251632267,1.0,12
Jasper,2005.0,17.092102141218433,1.0,12
Jasper,2006.0,17.020711528424155,0.9735646836111417,12
Jasper,2007.0,39.16076965947354,1.0,12
Jasper,2008.0,41.3574399809656,0.8945023649341574,12
Jasper,2009.0,35.03768687352,0.8934953348936382,12
Jasper,2010.0,33.29065265342719,1.0,12
Jasper,2011.0,15.060831624295979,0.9735646836111417,12
Jasper,2012.0,3.646787440185375,0.8413881016668503,12
Jasper,2013.0,25.3627083076563,0.9206940508334251,12
Jasper,2014.0,23.100248531666292,0.9735646836111417,12
Jasper,2015.0,38.14702193564898,1.0,12
Jasper,2016.0,19.782172870828,1.0,12
Jasper,2017.0,15.543257321350342,0.9655054750050653,12
Jasper,2018.0,25.33335142135197,1.0,12
Jasper,2019.0,21.92947476209188,1.0,12
Jasper,2020.0,11.282576840591723,0.9655054750050653,12
Jefferson,2000.0,8.077048119151423,0.7643026287022158,12
Jefferson,2001.0,21.425085628137207,0.8474678857253762,12
Jefferson,2002.0,9.915536259364139,0.7712018285880644,12
Jefferson,2003.0,4.692375201454681,0.6186697143134408,12
Jefferson,2004.0,11.348939424570672,1.0,12
Jefferson,2005.0,5.8067318598356525,0.8474678857253762,12
Jefferson,2006.0,5.596660021057505,0.6949357714507526,12
Jefferson,2007.0,22.492419551659786,0.9237339428626882,12
Jefferson,2008.0,29.067507887949496,0.6742381717932062,12
Jefferson,2009.0,30.59497830331627,0.750504228930518,12
Jefferson,2010.0,26.017320695441782,1.0,12
Jefferson,2011.0,19.51213715749622,0.7712018285880644,12
Jefferson,2012.0,2.359057867591311,0.7712018285880644,12
Jefferson,2013.0,18.657706074722512,0.8474678857253762,12
Jefferson,2014.0,7.962236640950732,1.0,12
Jefferson,2015.0,24.66168500617848,1.0,12
Jefferson,2016.0,11.296422446884332,1.0,12
Jefferson,2017.0,12.637095650236162,0.6949357714507526,12
Jefferson,2018.0,12.602345354047435,0.9237339428626882,12
Jefferson,2019.0,19.875238518151153,1.0,12
Jefferson,2020.0,10.725041675407708,1.0,12
Johnson,2000.0,8.249107602268145,1.0,12
Johnson,2001.0,24.44734301094525,1.0,12
Johnson,2002.0,10.41828665532162,1.0,12
Johnson,2003.0,8.929226253833102,1.0,12
Johnson,2004.0,18.357722967678782,1.0,12
Johnson,2005.0,12.334836613980388,1.0,12
Johnson,2006.0,10.813957289709853,1.0,12
Johnson,2007.0,35.98571904440372,1.0,12
Johnson,2008.0,42.928527778914145,0.7714814047829127,10
Johnson,2009.0,23.520400604359352,0.75,9
Johnson,2010.0,31.7499330064604,1.0,12
Johnson,2011.0,18.116602998143524,1.0,12
Johnson,2012.0,4.4650263574972,1.0,12
Johnson,2013.0,25.51154713626084,1.0,12
Johnson,2014.0,19.664865736357267,1.0,12
Johnson,2015.0,32.679477490906564,1.0,12
Johnson,2016.0,28.833578174977855,1.0,12
Johnson,2017.0,18.853556487909945,1.0,12
Johnson,2018.0,22.48419143132353,1.0,12
Johnson,2019.0,25.19819561494894,1.0,12
Johnson,2020.0,16.333228300055037,1.0,12
Jones,2000.0,18.935779483252805,1.0,12
Jones,2001.0,27.98151924483317,1.0,12
Jones,2002.0,21.68205781768992,1.0,12
Jones,2003.0,11.131804789145209,0.9718742442202496,12
Jones,2004.0,24.838523392156844,1.0,12
Jones,2005.0,8.59302079576937,1.0,12
Jones,2006.0,18.368313052969867,1.0,12
Jones,2007.0,33.398528087917825,1.0,12
Jones,2008.0,51.06489899130545,0.886130601826984,12
Jones,2009.0,25.71432917074925,0.8488079072473287,11
Jones,2010.0,41.959724443230904,1.0,12
Jones,2011.0,33.73076336294252,1.0,12
Jones,2012.0,12.08307507952057,1.0,12
Jones,2013.0,34.13767917002293,1.0,12
Jones,2014.0,26.918782405851474,1.0,12
Jones,2015.0,22.243608724048997,0.9718742442202496,12
Jones,2016.0,34.54401959099732,1.0,12
Jones,2017.0,28.63714711479568,1.0,12
Jones,2018.0,36.673134169139296,1.0,12
Jones,2019.0,32.1801847762943,1.0,12
Jones,2020.0,25.01742184476926,0.9718742442202496,12
Keokuk,2000.0,4.523431114587558,0.950610679306591,12
Keokuk,2001.0,22.071392123403037,0.967073786204394,12
Keokuk,2002.0,9.441153002582759,0.950610679306591,12
Keokuk,2003.0,8.95341511259213,0.881177975999206,12
Keokuk,2004.0,18.299853543561166,1.0,12
Keokuk,2005.0,12.112273532172894,0.967073786204394,12
Keokuk,2006.0,11.10635345257356,0.8976410828970091,12
Keokuk,2007.0,32.45196841629298,0.983536893102197,12
Keokuk,2008.0,36.814370484260635,0.7831739208032981,12
Keokuk,2009.0,33.82359286779265,0.799637027701101,12
Keokuk,2010.0,32.38432433489241,1.0,12
Keokuk,2011.0,17.08640982341156,0.914104189794812,12
Keokuk,2012.0,3.7849397415352346,0.7315717422359173,12
Keokuk,2013.0,23.08340074289329,0.8575543176690571,12
Keokuk,2014.0,16.08254355618449,0.9634935104882211,12
Keokuk,2015.0,32.75125131714742,1.0,12
Keokuk,2016.0,17.042054396189425,1.0,12
Keokuk,2017.0,14.176257180017489,0.897641082897009,12
Keokuk,2018.0,19.012280836415027,0.983536893102197,12
Keokuk,2019.0,23.489178651956653,1.0,12
Keokuk,2020.0,12.125712795422611,0.9634935104882211,12
Kossuth,2000.0,7.547774661765942,0.705412214847971,12
Kossuth,2001.0,33.31836091654587,0.7402436815264233,12
Kossuth,2002.0,9.102933291791738,0.7402436815264233,12
Kossuth,2003.0,19.34739308720107,0.7230568616161115,12
Kossuth,2004.0,17.243492390926804,0.7230568616161115,12
Kossuth,2005.0,27.226909191458354,0.7316502715712674,12
Kossuth,2006.0,23.521879679125263,0.740014768097509,12
Kossuth,2007.0,28.992205271208917,0.7402436815264233,12
Kossuth,2008.0,27.079688845939838,0.5278694275049058,12
Kossuth,2009.0,18.16742435244995,0.572140667626215,12
Kossuth,2010.0,34.17703198127416,0.7402436815264233,12
Kossuth,2011.0,26.63092069426763,0.5915473315977137,12
Kossuth,2012.0,3.832641997437252,0.5210380347531082,10
Kossuth,2013.0,29.899883988096466,0.7144634516609556,12
Kossuth,2014.0,24.83434580911036,0.7402436815264233,12
Kossuth,2015.0,31.935983266956182,0.740014768097509,12
Kossuth,2016.0,56.28090550227543,0.7402436815264233,12
Kossuth,2017.0,24.93798565731449,0.6787856214948024,12
Kossuth,2018.0,38.47170451715111,0.7402436815264233,12
Kossuth,2019.0,26.512660738304366,0.740014768097509,12
Kossuth,2020.0,14.899913723906893,0.5644629113867163,12
Lee,2000.0,2.9352473281994103,0.3904606151875833,11
Lee,2001.0,13.208301121660337,0.4275440341808853,12
Lee,2002.0,5.351611025122974,0.418815959732969,12
Lee,2003.0,6.288301274727397,0.4013585435727775,12
Lee,2004.0,10.01548338807404,0.44500102791962376,12
Lee,2005.0,7.375522567326937,0.4275442453916118,12
Lee,2006.0,5.11312003280257,0.41008725165287324,12
Lee,2007.0,19.27093164906057,0.4362725310502546,12
Lee,2008.0,18.963480099075312,0.3250222740703486,9
Lee,2009.0,11.08099956282803,0.33375077093971783,9
Lee,2010.0,21.873252606754967,0.44500102791962376,12
Lee,2011.0,18.407232596207457,0.41881553731151605,12
Lee,2012.0,1.842825905201564,0.41881553731151605,12
Lee,2013.0,11.365074294402483,0.4275442453916118,12
Lee,2014.0,7.454609156374949,0.44500102791962376,12
Lee,2015.0,21.008113943588057,0.44500102791962376,12
Lee,2016.0,14.588297805574168,0.44500102791962376,12
Lee,2017.0,9.27334443862384,0.4100870404421468,12
Lee,2018.0,13.522894604775116,0.4362725310502546,12
Lee,2019.0,13.54072111944362,0.4450012391303502,12
Lee,2020.0,7.3579988095890965,0.44500102791962376,12
Linn,2000.0,13.297025686753065,0.9999999999999999,12
Linn,2001.0,32.375009323254964,0.9999999999999999,12
Linn,2002.0,10.31697422673084,0.9999999999999999,12
Linn,2003.0,11.699864442050659,0.9997797368573953,12
Linn,2004.0,24.008135456333605,0.9999999999999999,12
Linn,2005.0,13.721406903083105,0.9999999999999999,12
Linn,2006.0,15.831879524792488,0.9999999999999999,12
Linn,2007.0,36.882522125654965,0.9999999999999999,12
Linn,2008.0,46.437590092973004,0.8986275316721893,12
Linn,2009.0,26.785728145731564,0.8409439388311464,12
Linn,2010.0,37.73366416119421,0.9999999999999999,12
Linn,2011.0,22.4863960105492,0.9999999999999999,12
Linn,2012.0,5.7452735983541725,0.9999999999999999,12
Linn,2013.0,35.121957614415855,0.9999999999999999,12
Linn,2014.0,22.214154507911562,0.9999999999999999,12
Linn,2015.0,30.350176344520843,0.9997797368573953,12
Linn,2016.0,44.0743232031053,0.9999999999999999,12
Linn,2017.0,28.85853092166192,0.9999999999999999,12
Linn,2018.0,38.696043819378374,0.9999999999999999,12
Linn,2019.0,30.66461639250841,0.9999999999999999,12
Linn,2020.0,23.736554486601783,0.9997797368573953,12
Louisa,2000.0,8.482190650714905,0.8044557012502245,12
Louisa,2001.0,21.289464408095434,0.8942158140761439,12
Louisa,2002.0,9.473444038294717,0.8328396816886822,12
Louisa,2003.0,6.060507084450154,0.7952393582291316,12
Louisa,2004.0,15.549105151592538,0.8277415425946829,12
Louisa,2005.0,9.678746663651213,0.8090638727607709,12
Louisa,2006.0,8.362595137820612,0.799847529739678,12
Louisa,2007.0,32.87156929691156,0.8136720442713172,12
Louisa,2008.0,35.28366941742639,0.6091019903258513,9
Louisa,2009.0,21.77581678685423,0.6137101618363978,9
Louisa,2010.0,27.64290429674902,0.8182802157818637,12
Louisa,2011.0,17.432595908234347,0.8044557012502245,12
Louisa,2012.0,4.551644081374257,0.8044557012502245,12
Louisa,2013.0,21.187618994048897,0.8185251995735902,12
Louisa,2014.0,14.542783521508042,0.8182802157818637,12
Louisa,2015.0,26.624614340149755,0.8182802157818637,12
Louisa,2016.0,24.181780055538923,0.8182802157818637,12
Louisa,2017.0,16.293990326250544,0.799847529739678,12
Louisa,2018.0,17.974999853645887,0.8231333710841365,12
Louisa,2019.0,23.371925875103415,0.8182802157818637,12
Louisa,2020.0,13.994107968773502,0.8182802157818637,12
Lucas,2000.0,0.8854859084806432,0.9794698000301572,12
Lucas,2001.0,8.982012002946593,1.0,12
Lucas,2002.0,2.5943442332049256,1.0,12
Lucas,2003.0,6.163274929635002,0.9181175616198431,12
Lucas,2004.0,6.953232180269881,1.0,12
Lucas,2005.0,5.460681198215305,1.0,12
Lucas,2006.0,2.9165917768117904,1.0,12
Lucas,2007.0,12.67755335827686,1.0,12
Lucas,2008.0,12.504239858030026,0.75,9
Lucas,2009.0,6.478248010032823,0.75,9
Lucas,2010.0,15.17514880460727,1.0,12
Lucas,2011.0,9.83461029855554,1.0,12
Lucas,2012.0,1.5793801236993337,1.0,12
Lucas,2013.0,7.8627412612929595,0.972705853873281,12
Lucas,2014.0,6.425456710246602,1.0,12
Lucas,2015.0,10.131837969172533,1.0,12
Lucas,2016.0,6.923091303022568,1.0,12
Lucas,2017.0,5.323283312270626,0.8826085743830716,12
Lucas,2018.0,8.22568260655446,0.8635292693664053,12
Lucas,2019.0,7.224410293353166,1.0,12
Lucas,2020.0,2.7919941128522834,0.9644910127632285,12
Lyon,2000.0,1.1622131825913997,0.7814298041623561,12
Lyon,2001.0,17.677250803560057,0.7814298041623561,12
Lyon,2002.0,4.555294275750332,0.7814298041623561,12
Lyon,2003.0,2.9654004203272986,0.7814298041623561,12
Lyon,2004.0,9.326444058773069,0.7814298041623561,12
Lyon,2005.0,14.085159353634676,0.7814298041623561,12
Lyon,2006.0,22.67910206952762,0.7814298041623561,12
Lyon,2007.0,15.621825719489332,0.7814298041623561,12
Lyon,2008.0,14.793577812341088,0.5209532027749041,8
Lyon,2009.0,5.0792835792703706,0.5860723531217671,9
Lyon,2010.0,28.24895297432774,0.7814298041623561,12
Lyon,2011.0,28.07416199877576,0.7814298041623561,12
Lyon,2012.0,5.451848352437528,0.7814298041623561,12
Lyon,2013.0,6.620450834061666,0.7814298041623561,12
Lyon,2014.0,12.803255449623963,0.7814298041623561,12
Lyon,2015.0,8.915750894521624,0.7814298041623561,12
Lyon,2016.0,38.972731394324036,0.7814298041623561,12
Lyon,2017.0,24.71484314135978,0.7814298041623561,12
Lyon,2018.0,51.30730251893594,0.716310653815493,11
Lyon,2019.0,53.044912261282754,0.7814298041623561,12
Lyon,2020.0,15.798089519587672,0.7814298041623561,12
Madison,2000.0,1.3122706945542124,0.970164657633734,12
Madison,2001.0,12.393320571282574,0.9829512329335622,12
Madison,2002.0,3.1830268619777455,0.9744268494003435,12
Madison,2003.0,8.41524622291195,0.9786890411669528,12
Madison,2004.0,9.46157288649484,0.9872134247001717,12
Madison,2005.0,7.850411965432418,0.9744268494003435,12
Madison,2006.0,3.8325652256422957,0.9659024658671246,12
Madison,2007.0,17.422088898129214,0.9957378082333905,12
Madison,2008.0,20.43242349559896,0.7517863149291496,12
Madison,2009.0,13.871275230290596,0.7475241231625404,12
Madison,2010.0,18.394726596063023,1.0,12
Madison,2011.0,10.373742274541888,0.9957378082333905,12
Madison,2012.0,2.1573352930250325,0.9829512329335622,12
Madison,2013.0,10.48211241926222,0.9786890411669528,12
Madison,2014.0,8.568963080196484,0.9957378082333905,12
Madison,2015.0,12.080250748592844,1.0,12
Madison,2016.0,6.544071797944525,1.0,12
Madison,2017.0,6.041351791461219,0.9068307147444076,12
Madison,2018.0,9.4374157430451,0.9872134247001717,12
Madison,2019.0,8.063726944387534,0.9914756164667811,12
Madison,2020.0,2.420113676675008,0.9025685229777983,12
Mahaska,2000.0,2.4722997795437074,0.9535078960241853,12
Mahaska,2001.0,18.590725194865758,0.9872235102518464,12
Mahaska,2002.0,8.630825987217909,0.9808352653777698,12
Mahaska,2003.0,10.891630147882315,0.9440169404351103,12
Mahaska,2004.0,18.607575741676182,1.0,12
Mahaska,2005.0,12.971176954772496,0.9872235102518464,12
Mahaska,2006.0,11.871261918300412,0.950405185309187,12
Mahaska,2007.0,30.901153713798735,0.9936117551259233,12
Mahaska,2008.0,34.593561661198684,0.81955346118873,12
Mahaska,2009.0,29.66967767869245,0.8259417060628068,12
Mahaska,2010.0,29.582346252567653,1.0,12
Mahaska,2011.0,16.841781200117477,0.9567934301832638,12
Mahaska,2012.0,3.026383075095577,0.8365842542107341,12
Mahaska,2013.0,19.862893267601823,0.9150980046683287,12
Mahaska,2014.0,16.438863848517247,0.975958164805494,12
Mahaska,2015.0,31.77237423041458,1.0,12
Mahaska,2016.0,17.589771714578117,1.0,12
Mahaska,2017.0,12.895788525605523,0.950405185309187,12
Mahaska,2018.0,20.242881536243694,0.9936117551259233,12
Mahaska,2019.0,19.471651697137556,1.0,12
Mahaska,2020.0,10.067517875872474,0.975958164805494,12
Marion,2000.0,1.4186124516053877,0.9657053916638939,12
Marion,2001.0,12.800603607658562,1.0,12
Marion,2002.0,4.527312902527619,1.0,12
Marion,2003.0,9.019157947023412,1.0,12
Marion,2004.0,11.772353190619224,1.0,12
Marion,2005.0,9.303493748855722,1.0,12
Marion,2006.0,6.267095177672188,1.0,12
Marion,2007.0,20.59469088455652,1.0,12
Marion,2008.0,25.659774966461182,0.7742676952454323,12
Marion,2009.0,19.884092048783167,0.7742676952454323,12
Marion,2010.0,20.619122907439365,1.0,12
Marion,2011.0,13.835409662304011,1.0,12
Marion,2012.0,2.078182482607035,1.0,12
Marion,2013.0,11.49855936486973,1.0,12
Marion,2014.0,9.91344490841038,1.0,12
Marion,2015.0,17.62572526032086,1.0,12
Marion,2016.0,11.660287035891892,1.0,12
Marion,2017.0,7.934880647626588,0.9590505067512503,12
Marion,2018.0,13.26716776580156,1.0,12
Marion,2019.0,10.50302355099933,1.0,12
Marion,2020.0,4.814934521893163,0.9590505067512503,12
Marshall,2000.0,6.511087490655208,1.0,12
Marshall,2001.0,29.066012562696187,1.0,12
Marshall,2002.0,13.11553653867588,1.0,12
Marshall,2003.0,14.917167172476484,0.9889994529069045,12
Marshall,2004.0,21.113366276207646,1.0,12
Marshall,2005.0,17.969127310130425,1.0,12
Marshall,2006.0,16.765823860095807,0.9889994529069045,12
Marshall,2007.0,42.76498521183388,1.0,12
Marshall,2008.0,54.09880750116982,0.8025351730520289,12
Marshall,2009.0,35.09994130758656,0.7676027591768212,12
Marshall,2010.0,40.62022274228061,1.0,12
Marshall,2011.0,19.25964197188884,0.9889994529069045,12
Marshall,2012.0,3.8272637809773067,0.9182303244550484,12
Marshall,2013.0,31.860307859868442,0.9354655727479569,12
Marshall,2014.0,30.53670433001464,0.9889994529069045,12
Marshall,2015.0,44.15093117136822,1.0,12
Marshall,2016.0,34.50923340581965,1.0,12
Marshall,2017.0,21.99278800466188,0.9889994529069045,12
Marshall,2018.0,31.938015920903464,1.0,12
Marshall,2019.0,29.29283067686603,1.0,12
Marshall,2020.0,19.251031435886304,0.9889994529069045,12
Mills,2000.0,2.1429942175838734,0.5955339480018371,12
Mills,2001.0,9.349647832460827,0.5955339480018371,12
Mills,2002.0,3.0144256705273422,0.5955339480018371,12
Mills,2003.0,6.336650315790531,0.5955339480018371,12
Mills,2004.0,14.474325945029019,0.5955339480018371,12
Mills,2005.0,9.279365196964243,0.5955339480018371,12
Mills,2006.0,4.537215337758256,0.5955339480018371,12
Mills,2007.0,35.722512375298585,0.5955339480018371,12
Mills,2008.0,24.14376677521364,0.39702263200122473,8
Mills,2009.0,11.192935389498967,0.4466504610013778,9
Mills,2010.0,34.89581670690588,0.5955339480018371,12
Mills,2011.0,17.13346906847846,0.5955339480018371,12
Mills,2012.0,5.635595673038393,0.6239767904012107,12
Mills,2013.0,18.21140652509686,0.5955339480018371,12
Mills,2014.0,27.2545791536569,0.5955339480018371,12
Mills,2015.0,35.836638233755615,0.5955339480018371,12
Mills,2016.0,36.4665623926526,0.5955339480018371,12
Mills,2017.0,19.644067991636152,0.5955339480018371,12
Mills,2018.0,21.983125512974205,0.5955339480018371,12
Mills,2019.0,25.140012861226374,0.5955339480018371,12
Mills,2020.0,9.781677008069842,0.5955339480018371,12
Mitchell,2000.0,19.250880324541587,0.9833552733256439,12
Mitchell,2001.0,32.325388647826735,0.9889035155504292,12
Mitchell,2002.0,7.477690851165182,1.0,12
Mitchell,2003.0,13.077100044234326,1.0,12
Mitchell,2004.0,26.704097827862793,1.0,12
Mitchell,2005.0,17.59418261066234,1.0,12
Mitchell,2006.0,25.642417156317784,1.0,12
Mitchell,2007.0,28.334866788455184,1.0,12
Mitchell,2008.0,34.34983376503977,0.7793538447101301,12
Mitchell,2009.0,14.838761624070994,0.75,9
Mitchell,2010.0,27.68269394089854,1.0,12
Mitchell,2011.0,28.4971188982007,1.0,12
Mitchell,2012.0,4.6880119098695126,0.999727899210797,12
Mitchell,2013.0,50.663996524797845,1.0,12
Mitchell,2014.0,29.79073731675416,1.0,12
Mitchell,2015.0,28.087755210605156,1.0,12
Mitchell,2016.0,52.393229047985734,1.0,12
Mitchell,2017.0,31.669170740196577,1.0,12
Mitchell,2018.0,46.76404981473815,1.0,12
Mitchell,2019.0,36.71082687043534,1.0,12
Mitchell,2020.0,21.418962561905012,0.9986129394438037,12
Monona,2000.0,2.4556683921586777,0.7852194239014466,12
Monona,2001.0,7.420663092694359,0.7852194239014466,12
Monona,2002.0,3.8842140790003286,0.7852194239014466,12
Monona,2003.0,6.9139815075997255,0.7852194239014466,12
Monona,2004.0,8.261457368525218,0.7852194239014466,12
Monona,2005.0,6.470617217319415,0.7852194239014466,12
Monona,2006.0,5.013938199128078,0.7852194239014466,12
Monona,2007.0,20.337203029452745,0.7852194239014466,12
Monona,2008.0,14.480809079007454,0.5234796159342978,8
Monona,2009.0,10.131120664445987,0.5889145679260851,9
Monona,2010.0,28.727534496749023,0.7852194239014466,12
Monona,2011.0,18.876409489618638,0.7852194239014466,12
Monona,2012.0,3.786679838660665,0.7852194239014466,12
Monona,2013.0,8.744344940746105,0.7852194239014466,12
Monona,2014.0,14.067545878226788,0.7852194239014466,12
Monona,2015.0,27.785164706893834,0.7852194239014466,12
Monona,2016.0,37.545268926892014,0.7852194239014466,12
Monona,2017.0,19.826280902666312,0.7852194239014466,12
Monona,2018.0,24.021691525633766,0.7852194239014466,12
Monona,2019.0,26.09019000108579,0.7852194239014466,12
Monona,2020.0,13.85868332654803,0.7852194239014466,12
Monroe,2000.0,1.1460322541638648,0.9186222616000156,12
Monroe,2001.0,10.20225904476188,1.0,12
Monroe,2002.0,3.721855858677893,1.0,12
Monroe,2003.0,6.773803763970584,0.9941332151999532,12
Monroe,2004.0,9.388274350977593,1.0,12
Monroe,2005.0,7.749391442615568,1.0,12
Monroe,2006.0,4.880038092960003,1.0,12
Monroe,2007.0,17.805821498716128,1.0,12
Monroe,2008.0,17.448848526075427,0.75,9
Monroe,2009.0,7.615715614170758,0.75,9
Monroe,2010.0,20.142159782801638,1.0,12
Monroe,2011.0,17.67657945937952,1.0,12
Monroe,2012.0,1.6463643704034714,1.0,12
Monroe,2013.0,8.740467754269156,0.998044405066651,12
Monroe,2014.0,7.210997551710016,1.0,12
Monroe,2015.0,19.3599889585346,1.0,12
Monroe,2016.0,15.416546984889656,1.0,12
Monroe,2017.0,8.023966300441776,0.9941332151999532,12
Monroe,2018.0,13.648953942768207,0.9902220253332553,12
Monroe,2019.0,11.178773280459847,1.0,12
Monroe,2020.0,6.076029832903267,1.0,12
Montgomery,2000.0,1.4454096248024637,0.6882194702404189,12
Montgomery,2001.0,10.182790085481384,0.6872034661153507,12
Montgomery,2002.0,1.7349479252673106,0.7310881754749804,12
Montgomery,2003.0,4.821989836752939,0.7091458207951655,12
Montgomery,2004.0,13.080587823237009,0.7770048930847464,12
Montgomery,2005.0,7.570634204357537,0.7770048930847464,12
Montgomery,2006.0,3.63865762360044,0.7770048930847464,12
Montgomery,2007.0,33.97972571790156,0.7540465342798633,12
Montgomery,2008.0,22.572583922908464,0.5399456167363125,9
Montgomery,2009.0,10.381084941094333,0.5827536698135598,9
Montgomery,2010.0,29.07167016460302,0.7770048930847464,12
Montgomery,2011.0,12.666583909952777,0.7770048930847464,12
Montgomery,2012.0,5.906001979212719,0.7331201837251168,12
Montgomery,2013.0,18.255064565457232,0.7770048930847464,12
Montgomery,2014.0,23.037183193892076,0.7770048930847464,12
Montgomery,2015.0,30.664451163388527,0.7770048930847464,12
Montgomery,2016.0,26.545297158792977,0.7770048930847464,12
Montgomery,2017.0,14.658703184988958,0.7540465342798633,12
Montgomery,2018.0,17.563668428810814,0.7540465342798633,12
Montgomery,2019.0,17.4593895082076,0.7770048930847464,12
Montgomery,2020.0,5.976767417502007,0.7770048930847464,12
Muscatine,2000.0,9.91839111120241,0.6880563187182102,12
Muscatine,2001.0,30.392634072787377,0.9220140796795527,12
Muscatine,2002.0,11.809892943958864,0.7660422390386578,12
Muscatine,2003.0,8.225673511713342,0.6880563187182102,12
Muscatine,2004.0,19.173059588933665,0.7140516254916927,12
Muscatine,2005.0,11.039529246309048,0.6880563187182102,12
Muscatine,2006.0,9.339471274357196,0.6880563187182102,12
Muscatine,2007.0,28.055071035608034,0.6880563187182102,12
Muscatine,2008.0,33.17955437578191,0.5160422390386576,9
Muscatine,2009.0,21.435660064357304,0.5160422390386576,9
Muscatine,2010.0,27.734013865485913,0.6880563187182102,12
Muscatine,2011.0,21.07268551838764,0.6880563187182102,12
Muscatine,2012.0,4.193314288647664,0.6880563187182102,12
Muscatine,2013.0,27.19239624195485,0.7140516254916927,12
Muscatine,2014.0,21.81660963483776,0.6880563187182102,12
Muscatine,2015.0,28.212213500968566,0.6880563187182102,12
Muscatine,2016.0,33.50038382460368,0.6880563187182102,12
Muscatine,2017.0,21.673114071051163,0.6880563187182102,12
Muscatine,2018.0,27.871320323649424,0.7140516254916927,12
Muscatine,2019.0,27.248157380589404,0.6880563187182102,12
Muscatine,2020.0,19.38669278200394,0.6880563187182102,12
Obrien,2000.0,1.3584041298648202,1.0,12
Obrien,2001.0,13.597088767554679,1.0,12
Obrien,2002.0,3.875765686926976,1.0,12
Obrien,2003.0,6.551957662299668,1.0,12
Obrien,2004.0,11.432753559847729,1.0,12
Obrien,2005.0,13.122435223296826,1.0,12
Obrien,2006.0,13.426116018094014,1.0,12
Obrien,2007.0,16.99021122130759,1.0,12
Obrien,2008.0,14.674166534356731,0.6666666666666666,8
Obrien,2009.0,7.073471828633631,0.75,9
Obrien,2010.0,40.33577890905577,1.0,12
Obrien,2011.0,26.992925248118812,1.0,12
Obrien,2012.0,5.150004067991344,1.0,12
Obrien,2013.0,9.646803232899924,1.0,12
Obrien,2014.0,6.738886289780174,1.0,12
Obrien,2015.0,14.459930925299172,1.0,12
Obrien,2016.0,42.531252112228955,1.0,12
Obrien,2017.0,19.21135952682128,1.0,12
Obrien,2018.0,37.225216662321394,0.9998469610428972,12
Obrien,2019.0,31.802184118779135,1.0,12
Obrien,2020.0,15.203208366060815,1.0,12
Osceola,2000.0,1.2737119417060931,1.0,12
Osceola,2001.0,14.344106638203623,1.0,12
Osceola,2002.0,3.8144863652004184,1.0,12
Osceola,2003.0,5.103292574248986,1.0,12
Osceola,2004.0,9.605440924462059,1.0,12
Osceola,2005.0,13.334875268199045,1.0,12
Osceola,2006.0,16.42811165353644,1.0,12
Osceola,2007.0,15.548673941035236,1.0,12
Osceola,2008.0,14.06343159937787,0.6666666666666666,8
Osceola,2009.0,6.069826187347059,0.75,9
Osceola,2010.0,32.43150065573785,1.0,12
Osceola,2011.0,26.447516850373155,1.0,12
Osceola,2012.0,5.194417286124036,1.0,12
Osceola,2013.0,8.325207113842936,1.0,12
Osceola,2014.0,9.052807038105126,1.0,12
Osceola,2015.0,12.604126017882985,1.0,12
Osceola,2016.0,39.12643075676302,1.0,12
Osceola,2017.0,19.70807069352168,1.0,12
Osceola,2018.0,39.39183589915767,0.9684978351249834,12
Osceola,2019.0,35.94147212614838,1.0,12
Osceola,2020.0,14.269552497211594,1.0,12
Page,2000.0,1.194633287813919,0.3080484833010368,12
Page,2001.0,10.578169544304112,0.3055258051038602,12
Page,2002.0,1.2176195381763217,0.3324015266376375,12
Page,2003.0,4.026720003508073,0.31896366587074887,12
Page,2004.0,12.302137938418195,0.364322604565768,12
Page,2005.0,6.716993089820525,0.364322604565768,12
Page,2006.0,3.1852959456886505,0.364322604565768,12
Page,2007.0,32.850042009618996,0.3483620656017028,12
Page,2008.0,21.87757703652187,0.2563195971440674,9
Page,2009.0,9.880330236677333,0.27324195342432606,9
Page,2010.0,26.5407484726774,0.364322604565768,12
Page,2011.0,10.834624933602063,0.364322604565768,12
Page,2012.0,6.034496550332475,0.3374468830319907,12
Page,2013.0,18.15227600208759,0.364322604565768,12
Page,2014.0,21.44722945817013,0.364322604565768,12
Page,2015.0,28.398035550984837,0.364322604565768,12
Page,2016.0,22.171718925194245,0.364322604565768,12
Page,2017.0,12.496122137577423,0.3483620656017028,12
Page,2018.0,15.31800496383635,0.3483620656017028,12
Page,2019.0,14.27991093389085,0.364322604565768,12
Page,2020.0,4.421467697980189,0.364322604565768,12
Palo Alto,2000.0,2.0039004707684587,0.8576082604067291,12
Palo Alto,2001.0,18.00611439360893,1.0,12
Palo Alto,2002.0,4.619930504743491,1.0,12
Palo Alto,2003.0,9.835029102346537,1.0,12
Palo Alto,2004.0,9.459237824725886,1.0,12
Palo Alto,2005.0,15.752324697788424,1.0,12
Palo Alto,2006.0,17.099010469153054,0.9288041302033646,12
Palo Alto,2007.0,18.036928576524947,1.0,12
Palo Alto,2008.0,19.366080263896098,0.6730932901573056,12
Palo Alto,2009.0,11.445033616360211,0.6810448943586206,12
Palo Alto,2010.0,23.696879236820706,1.0,12
Palo Alto,2011.0,20.015905776837496,0.9951708546477307,12
Palo Alto,2012.0,4.811020755714903,0.8503645423783252,12
Palo Alto,2013.0,12.4944479498528,1.0,12
Palo Alto,2014.0,11.156401864722506,1.0,12
Palo Alto,2015.0,17.574592112150075,0.9288041302033646,12
Palo Alto,2016.0,32.833049589607135,1.0,12
Palo Alto,2017.0,17.93000281504657,0.9975854273238652,12
Palo Alto,2018.0,26.678088720514147,1.0,12
Palo Alto,2019.0,21.500765803983235,0.9288041302033645,12
Palo Alto,2020.0,11.201637591993547,0.9927562819715959,12
Plymouth,2000.0,1.678004395172473,0.46078958504908446,12
Plymouth,2001.0,16.314542904172615,0.46078958504908446,12
Plymouth,2002.0,5.310040780793308,0.46078958504908446,12
Plymouth,2003.0,6.537021033511294,0.46078958504908446,12
Plymouth,2004.0,15.463595115404633,0.46078958504908446,12
Plymouth,2005.0,12.249006095393456,0.46078958504908446,12
Plymouth,2006.0,13.991939203510649,0.46078958504908446,12
Plymouth,2007.0,21.706163401719255,0.46078958504908446,12
Plymouth,2008.0,17.578107737964352,0.3071930566993896,8
Plymouth,2009.0,8.883809882342131,0.34559218878681336,9
Plymouth,2010.0,54.35957085968119,0.46078958504908446,12
Plymouth,2011.0,30.059796493445404,0.46078958504908446,12
Plymouth,2012.0,5.229558253759329,0.46078958504908446,12
Plymouth,2013.0,10.04988408186995,0.46078958504908446,12
Plymouth,2014.0,7.816027694749583,0.46078958504908446,12
Plymouth,2015.0,14.870474466964279,0.46078958504908446,12
Plymouth,2016.0,51.41743534793083,0.46078958504908446,12
Plymouth,2017.0,27.15761261506611,0.46078958504908446,12
Plymouth,2018.0,57.523956164789794,0.46078958504908446,12
Plymouth,2019.0,49.904659385248976,0.46078958504908446,12
Plymouth,2020.0,20.695864546200024,0.46078958504908446,12
Pocahontas,2000.0,3.1369865608140413,0.9655635301699488,12
Pocahontas,2001.0,22.374713551357182,1.0,12
Pocahontas,2002.0,10.069969686830548,1.0,12
Pocahontas,2003.0,17.737738476556338,1.0,12
Pocahontas,2004.0,19.268235297988046,1.0,12
Pocahontas,2005.0,17.94768499066163,1.0,12
Pocahontas,2006.0,18.029927160510137,0.9827817650849743,12
Pocahontas,2007.0,32.336430692034156,1.0,12
Pocahontas,2008.0,30.65904412317359,0.8190511032844933,12
Pocahontas,2009.0,18.621344133325284,0.8190511032844933,12
Pocahontas,2010.0,36.692518335384115,1.0,12
Pocahontas,2011.0,21.787654089665907,1.0,12
Pocahontas,2012.0,4.84492240463731,0.9655635301699488,12
Pocahontas,2013.0,33.09300963369678,1.0,12
Pocahontas,2014.0,27.105092427450998,1.0,12
Pocahontas,2015.0,54.38982889912342,0.9827817650849743,12
Pocahontas,2016.0,40.24655289847798,1.0,12
Pocahontas,2017.0,23.089463846232377,1.0,12
Pocahontas,2018.0,42.14759421132301,1.0,12
Pocahontas,2019.0,31.369436439745428,0.9827817650849743,12
Pocahontas,2020.0,13.458593096858582,1.0,12
Polk,2000.0,2.4087522014098606,1.0,12
Polk,2001.0,19.045528727463772,1.0,12
Polk,2002.0,8.256582937779422,1.0,12
Polk,2003.0,14.801015202381203,1.0,12
Polk,2004.0,18.1408171069394,1.0,12
Polk,2005.0,14.556632091599637,1.0,12
Polk,2006.0,13.22098211391591,1.0,12
Polk,2007.0,29.63472673696538,1.0,12
Polk,2008.0,30.857555879448725,0.8258757836287907,12
Polk,2009.0,22.4418592937426,0.8258757836287908,12
Polk,2010.0,28.999622374338124,1.0,12
Polk,2011.0,15.845602973219442,1.0,12
Polk,2012.0,3.347387474685114,1.0,12
Polk,2013.0,23.36035605895475,1.0,12
Polk,2014.0,19.995096769309804,1.0,12
Polk,2015.0,34.468229669933265,1.0,12
Polk,2016.0,22.376160262986158,1.0,12
Polk,2017.0,14.902263917643054,0.9638898317493675,12
Polk,2018.0,27.338327977996514,1.0,12
Polk,2019.0,20.27731378194998,1.0,12
Polk,2020.0,8.632508294523792,0.9638898317493675,12
Pottawattamie,2000.0,2.0793687298219843,0.566586987444037,12
Pottawattamie,2001.0,9.367223233406754,0.5695281465207133,12
Pottawattamie,2002.0,2.975864018102705,0.5754104646740658,12
Pottawattamie,2003.0,6.394968764836676,0.5724693055973895,12
Pottawattamie,2004.0,14.495827183870531,0.5754104646740658,12
Pottawattamie,2005.0,9.275146104909945,0.5754104646740658,12
Pottawattamie,2006.0,4.550176612458958,0.5754104646740658,12
Pottawattamie,2007.0,35.69605414346319,0.5754104646740658,12
Pottawattamie,2008.0,24.15630925203716,0.38654813552605344,9
Pottawattamie,2009.0,11.251538579092045,0.43155784850554935,9
Pottawattamie,2010.0,34.35911164790378,0.5754104646740658,12
Pottawattamie,2011.0,16.81042777187466,0.5754104646740658,12
Pottawattamie,2012.0,5.506790917036371,0.5774142591851628,12
Pottawattamie,2013.0,18.137804953179653,0.5754104646740658,12
Pottawattamie,2014.0,26.640240050881115,0.5754104646740658,12
Pottawattamie,2015.0,35.926514616256554,0.5754104646740658,12
Pottawattamie,2016.0,36.1965211159861,0.5754104646740658,12
Pottawattamie,2017.0,19.47052210840313,0.5754104646740658,12
Pottawattamie,2018.0,22.053656621213577,0.5754104646740658,12
Pottawattamie,2019.0,24.664206982192606,0.5754104646740658,12
Pottawattamie,2020.0,9.59943101497283,0.5754104646740658,12
Poweshiek,2000.0,6.229721186297493,1.0,12
Poweshiek,2001.0,25.129468336215098,1.0,12
Poweshiek,2002.0,10.306438518321528,1.0,12
Poweshiek,2003.0,10.575843391946368,0.9796822014350955,12
Poweshiek,2004.0,18.79759043965245,1.0,12
Poweshiek,2005.0,14.166079636610574,1.0,12
Poweshiek,2006.0,12.108027384128153,0.9796822014350955,12
Poweshiek,2007.0,37.77423082046442,1.0,12
Poweshiek,2008.0,50.750061942264864,0.7865874096974229,12
Poweshiek,2009.0,35.05494721352209,0.7500002223323937,12
Poweshiek,2010.0,36.59662660379714,1.0,12
Poweshiek,2011.0,17.865173914673175,0.9796822014350955,12
Poweshiek,2012.0,4.224775336467789,0.8780932086105729,12
Poweshiek,2013.0,27.068884547669793,0.9390466043052864,12
Poweshiek,2014.0,21.309082483665666,0.9796822014350955,12
Poweshiek,2015.0,38.00731704661449,1.0,12
Poweshiek,2016.0,26.768538407950942,1.0,12
Poweshiek,2017.0,18.256788452066445,0.9796822014350955,12
Poweshiek,2018.0,22.535142039816193,1.0,12
Poweshiek,2019.0,26.01866897621259,1.0,12
Poweshiek,2020.0,16.22514748511085,0.9796822014350955,12
Ringgold,2000.0,0.1852071722830847,0.030115996888050334,5
Ringgold,2001.0,4.69409139883483,0.04818559502088054,8
Ringgold,2002.0,0.2255768160456044,0.0361391962656604,6
Ringgold,2003.0,0.6621424872866498,0.04216239564327046,7
Ringgold,2004.0,3.284419658378883,0.054208794398490606,9
Ringgold,2005.0,1.985555918513036,0.0361391962656604,6
Ringgold,2006.0,0.4946287367231877,0.02409279751044027,4
Ringgold,2007.0,7.896375313519971,0.06625519315371074,11
Ringgold,2008.0,6.678364332170327,0.054208794398490606,9
Ringgold,2009.0,4.466429816433888,0.04818559502088054,8
Ringgold,2010.0,15.183475675802995,0.0722783925313208,12
Ringgold,2011.0,14.29354121488058,0.06625519315371074,11
Ringgold,2012.0,2.7361321228489155,0.04818559502088054,8
Ringgold,2013.0,2.556444714261665,0.04216239564327046,7
Ringgold,2014.0,9.679619968675777,0.06625519315371074,11
Ringgold,2015.0,7.511499057037366,0.0722783925313208,12
Ringgold,2016.0,3.669809893740063,0.0722783925313208,12
Ringgold,2017.0,2.6587749942557726,0.04818559502088054,8
Ringgold,2018.0,4.3666480035919495,0.054208794398490606,9
Ringgold,2019.0,4.735652888224071,0.06023199377610067,10
Ringgold,2020.0,1.4102109183409435,0.04216239564327046,7
Sac,2000.0,2.620301203606258,1.0,12
Sac,2001.0,14.923263585380928,1.0,12
Sac,2002.0,10.570405947267911,1.0,12
Sac,2003.0,17.78390531353426,1.0,12
Sac,2004.0,20.46708700418388,1.0,12
Sac,2005.0,13.896570108875453,1.0,12
Sac,2006.0,10.876444138753609,1.0,12
Sac,2007.0,36.806464436907206,1.0,12
Sac,2008.0,33.790121869821064,0.8306731270341818,12
Sac,2009.0,20.14198386563659,0.8729937016097208,12
Sac,2010.0,39.78807368829029,1.0,12
Sac,2011.0,19.837029398253026,1.0,12
Sac,2012.0,4.427249030096168,1.0,12
Sac,2013.0,33.609716735497436,1.0,12
Sac,2014.0,33.159078085870526,1.0,12
Sac,2015.0,73.02984891978508,1.0,12
Sac,2016.0,49.48846559464033,1.0,12
Sac,2017.0,27.211586625159775,1.0,12
Sac,2018.0,39.15522179124054,1.0,12
Sac,2019.0,32.44679751714764,1.0,12
Sac,2020.0,14.35153010092445,1.0,12
Scott,2000.0,16.759316512202055,0.5923439196198781,12
Scott,2001.0,26.373569689345942,0.8980859799049695,12
Scott,2002.0,15.312099908373352,0.6942579397149086,12
Scott,2003.0,7.934034564277383,0.5478820440984101,12
Scott,2004.0,21.61239221124994,0.6263152596515549,12
Scott,2005.0,9.5673976231026,0.5923439196198781,12
Scott,2006.0,17.084418488947783,0.5923439196198781,12
Scott,2007.0,32.3285392519893,0.5923439196198781,12
Scott,2008.0,36.499718302863165,0.3997960641934406,9
Scott,2009.0,17.428187505144106,0.4442579397149086,9
Scott,2010.0,31.790682194595593,0.5923439196198781,12
Scott,2011.0,22.657422197913085,0.5923439196198781,12
Scott,2012.0,8.418923733806121,0.5923439196198781,12
Scott,2013.0,26.120794451534188,0.6263152596515549,12
Scott,2014.0,20.063553128875558,0.5923439196198781,12
Scott,2015.0,24.45358342655758,0.5478820440984101,12
Scott,2016.0,34.30787310392609,0.5923439196198781,12
Scott,2017.0,29.263059413385797,0.5923439196198781,12
Scott,2018.0,30.407785133014933,0.6263152596515549,12
Scott,2019.0,27.100218401442845,0.5923439196198781,12
Scott,2020.0,22.206144772729967,0.5478820440984101,12
Shelby,2000.0,1.986435050657092,0.7454275507045575,12
Shelby,2001.0,9.391296533249825,0.75495727693622,12
Shelby,2002.0,2.924597312240539,0.7740167293995451,12
Shelby,2003.0,6.481135362567238,0.7644870031678824,12
Shelby,2004.0,14.522710935559736,0.7740167293995451,12
Shelby,2005.0,9.267876394381098,0.7740167293995451,12
Shelby,2006.0,4.568153844346272,0.7740167293995451,12
Shelby,2007.0,35.65331935283369,0.7740167293995451,12
Shelby,2008.0,23.700669436480347,0.5255408791646925,9
Shelby,2009.0,11.332016143581223,0.5805125470496587,9
Shelby,2010.0,33.59326060270288,0.7740167293995451,12
Shelby,2011.0,16.35570855576057,0.7740167293995451,12
Shelby,2012.0,5.386509614533168,0.7604596570127121,12
Shelby,2013.0,18.026258369892513,0.7740167293995451,12
Shelby,2014.0,25.768627912561673,0.7740167293995451,12
Shelby,2015.0,36.065892339233635,0.7740167293995451,12
Shelby,2016.0,35.82220029668829,0.7740167293995451,12
Shelby,2017.0,19.23156442009908,0.7740167293995451,12
Shelby,2018.0,22.15946303677491,0.7740167293995451,12
Shelby,2019.0,23.99647857334335,0.7740167293995451,12
Shelby,2020.0,9.34685127838277,0.7740167293995451,12
Sioux,2000.0,1.3444826392498013,0.6855983254181152,12
Sioux,2001.0,18.117315225026115,0.6855983254181152,12
Sioux,2002.0,5.4030998894962,0.6855983254181152,12
Sioux,2003.0,5.882076126081042,0.6855983254181152,12
Sioux,2004.0,15.112492739645365,0.6855983254181152,12
Sioux,2005.0,14.038089886186704,0.6855983254181152,12
Sioux,2006.0,18.221803554256613,0.6855983254181152,12
Sioux,2007.0,20.441911604722577,0.6855983254181152,12
Sioux,2008.0,17.445013574984124,0.45706555027874346,8
Sioux,2009.0,7.52754020550951,0.5141987440635863,9
Sioux,2010.0,50.68392200462032,0.6855983254181152,12
Sioux,2011.0,31.291353922329577,0.6855983254181152,12
Sioux,2012.0,5.5296590840979745,0.6855983254181152,12
Sioux,2013.0,9.495342687084214,0.6855983254181152,12
Sioux,2014.0,8.437024988084238,0.6855983254181152,12
Sioux,2015.0,11.824530911544407,0.6855983254181152,12
Sioux,2016.0,50.07294708534036,0.6855983254181152,12
Sioux,2017.0,27.439361061947277,0.6855983254181152,12
Sioux,2018.0,62.316895808915014,0.6684115855100474,12
Sioux,2019.0,54.29305910074266,0.6855983254181152,12
Sioux,2020.0,20.21079766829392,0.6855983254181152,12
Story,2000.0,3.214803825481564,1.0,12
Story,2001.0,23.8453817019799,1.0,12
Story,2002.0,15.40704490102847,1.0,12
Story,2003.0,19.878943698010858,0.9997466097038593,12
Story,2004.0,31.139501236923582,1.0,12
Story,2005.0,21.204775470857488,1.0,12
Story,2006.0,23.451133102703217,0.9997466097038593,12
Story,2007.0,46.99048950160597,1.0,12
Story,2008.0,47.693476544055855,0.9619617555435135,12
Story,2009.0,38.12925328457202,0.9693736918355759,12
Story,2010.0,34.29879518266618,1.0,12
Story,2011.0,15.560741040782226,0.9997466097038593,12
Story,2012.0,3.5507767351603623,0.9904142675433674,12
Story,2013.0,29.315106558634774,0.983109047752002,12
Story,2014.0,31.678976095129407,0.9997466097038593,12
Story,2015.0,44.33259294914003,1.0,12
Story,2016.0,27.311316420967568,1.0,12
Story,2017.0,19.564167598506813,0.998549499801464,12
Story,2018.0,34.17839936318209,1.0,12
Story,2019.0,23.586961150812453,1.0,12
Story,2020.0,13.197506015129031,0.998549499801464,12
Tama,2000.0,9.03463142117021,1.0,12
Tama,2001.0,30.19217410699451,1.0,12
Tama,2002.0,11.823236404465598,1.0,12
Tama,2003.0,15.867352842278763,1.0,12
Tama,2004.0,22.926220676517506,1.0,12
Tama,2005.0,17.773509827653243,1.0,12
Tama,2006.0,17.58862763579134,1.0,12
Tama,2007.0,44.201632686052704,1.0,12
Tama,2008.0,58.825000175404625,0.8851798873077894,12
Tama,2009.0,31.37632513952045,0.8277698309616842,12
Tama,2010.0,40.83997428574027,1.0,12
Tama,2011.0,19.453631714208207,1.0,12
Tama,2012.0,4.540662349413188,1.0,12
Tama,2013.0,35.266862800578195,1.0,12
Tama,2014.0,26.742644226709036,1.0,12
Tama,2015.0,43.81570202416327,1.0,12
Tama,2016.0,40.01684138105806,1.0,12
Tama,2017.0,25.286372901588475,1.0,12
Tama,2018.0,34.85112451203971,1.0,12
Tama,2019.0,29.961470230237524,1.0,12
Tama,2020.0,22.40699182042708,1.0,12
Taylor,2000.0,,0.0,0
Taylor,2001.0,,0.0,0
Taylor,2002.0,,0.0,0
Taylor,2003.0,,0.0,0
Taylor,2004.0,,0.0,0
Taylor,2005.0,,0.0,0
Taylor,2006.0,,0.0,0
Taylor,2007.0,,0.0,0
Taylor,2008.0,,0.0,0
Taylor,2009.0,,0.0,0
Taylor,2010.0,,0.0,0
Taylor,2011.0,,0.0,0
Taylor,2012.0,,0.0,0
Taylor,2013.0,,0.0,0
Taylor,2014.0,,0.0,0
Taylor,2015.0,,0.0,0
Taylor,2016.0,,0.0,0
Taylor,2017.0,,0.0,0
Taylor,2018.0,,0.0,0
Taylor,2019.0,,0.0,0
Taylor,2020.0,,0.0,0
Union,2000.0,0.7463084539159676,0.24011849636251473,12
Union,2001.0,5.33963530920388,0.3749383281452166,12
Union,2002.0,1.9487076447425178,0.28505844029008204,12
Union,2003.0,1.2869139490688837,0.3299983842176493,12
Union,2004.0,3.653024638415094,0.4198782720727839,12
Union,2005.0,3.556906891435987,0.28505844029008204,12
Union,2006.0,1.8103862935632045,0.19517855243494744,12
Union,2007.0,8.559640787675733,0.5097581599279185,12
Union,2008.0,6.925514766897231,0.41602357789161437,9
Union,2009.0,4.810634677154476,0.3710836339640471,9
Union,2010.0,15.264305918706086,0.5546981038554858,12
Union,2011.0,14.19908569595419,0.5097581599279185,12
Union,2012.0,2.8101279709979416,0.3749383281452166,12
Union,2013.0,2.893721575113483,0.3299983842176493,12
Union,2014.0,9.792767842658082,0.5097581599279185,12
Union,2015.0,7.589128173841816,0.5546981038554858,12
Union,2016.0,3.7202628739044172,0.5546981038554858,12
Union,2017.0,2.860095672665397,0.3736534300848267,11
Union,2018.0,5.110302279799004,0.4198782720727839,12
Union,2019.0,5.029467090247795,0.46481821600035117,12
Union,2020.0,1.5180901163676184,0.3287134861572594,11
Van Buren,2000.0,2.2459137424458953,0.75878749171516,11
Van Buren,2001.0,12.10192698336032,0.8296153741043594,12
Van Buren,2002.0,4.651742559986827,0.8444666687096111,12
Van Buren,2003.0,6.51217929650078,0.7991365522553106,12
Van Buren,2004.0,9.841592528409011,0.8499345886703918,12
Van Buren,2005.0,7.4703173570794705,0.8421208250484934,12
Van Buren,2006.0,5.000897744297024,0.8218016104824608,12
Van Buren,2007.0,18.840961929139464,0.8397749813873756,12
Van Buren,2008.0,18.492827238744106,0.6272913342197776,9
Van Buren,2009.0,9.770209876042003,0.6374509415027939,9
Van Buren,2010.0,21.316572343085134,0.8499345886703918,12
Van Buren,2011.0,18.256979897935718,0.819455766821343,12
Van Buren,2012.0,1.773844106323816,0.819455766821343,12
Van Buren,2013.0,10.092463185408953,0.8421208250484934,12
Van Buren,2014.0,7.392330046478277,0.8499345886703918,12
Van Buren,2015.0,20.521087639574787,0.8499345886703918,12
Van Buren,2016.0,15.036171627351038,0.8499345886703918,12
Van Buren,2017.0,8.821384576331887,0.8092961595383268,12
Van Buren,2018.0,13.64956664416819,0.8397749813873756,12
Van Buren,2019.0,12.525954106288568,0.8624400396145259,12
Van Buren,2020.0,6.904348893857022,0.8499345886703918,12
Wapello,2000.0,3.7951292220519077,0.8583243478714592,11
Wapello,2001.0,14.588403743979132,0.9416576812047924,12
Wapello,2002.0,6.116004322259044,0.9124865218071888,12
Wapello,2003.0,6.009033498815951,0.8541442030119812,12
Wapello,2004.0,10.2323966573861,1.0,12
Wapello,2005.0,7.10588564733974,0.9416576812047924,12
Wapello,2006.0,5.172214038227539,0.883315362409585,12
Wapello,2007.0,19.807280355559246,0.9708288406023963,12
Wapello,2008.0,19.550577378611326,0.7208288406023963,9
Wapello,2009.0,12.716092269189966,0.75,9
Wapello,2010.0,22.567661365137855,1.0,12
Wapello,2011.0,18.594659376820676,0.9124865218071888,12
Wapello,2012.0,1.9288745195244985,0.9124865218071888,12
Wapello,2013.0,12.588199701825117,0.9416576812047924,12
Wapello,2014.0,7.532296766658523,1.0,12
Wapello,2015.0,21.615635627292377,1.0,12
Wapello,2016.0,14.029615335960447,1.0,12
Wapello,2017.0,9.837123877729658,0.883315362409585,12
Wapello,2018.0,13.364882583625134,0.9708288406023963,12
Wapello,2019.0,14.605547450511462,1.0,12
Wapello,2020.0,7.923886438956983,1.0,12
Warren,2000.0,1.3317713590003024,1.0,12
Warren,2001.0,12.814032160867926,1.0,12
Warren,2002.0,3.03017026024962,1.0,12
Warren,2003.0,8.610042887829412,1.0,12
Warren,2004.0,9.451862073833736,1.0,12
Warren,2005.0,8.054838636996372,1.0,12
Warren,2006.0,3.8269317469693847,1.0,12
Warren,2007.0,17.299403144545863,1.0,12
Warren,2008.0,20.583535916027206,0.7508620609555937,12
Warren,2009.0,13.85336022618812,0.7508620609555937,12
Warren,2010.0,18.196603820165866,1.0,12
Warren,2011.0,10.176543440950592,1.0,12
Warren,2012.0,2.124277484267955,1.0,12
Warren,2013.0,10.347627205363729,1.0,12
Warren,2014.0,8.141828575824897,1.0,12
Warren,2015.0,10.61558384281025,1.0,12
Warren,2016.0,5.657722510426558,1.0,12
Warren,2017.0,5.944095124604992,0.9169540203185312,12
Warren,2018.0,9.04070837661363,1.0,12
Warren,2019.0,7.539471930327348,1.0,12
Warren,2020.0,2.39359120680769,0.9169540203185312,12
Washington,2000.0,8.737673709631697,0.8775823757234774,12
Washington,2001.0,21.3313702160678,0.9183882504823182,12
Washington,2002.0,9.813775358508822,0.8775823757234774,12
Washington,2003.0,4.448727033602357,0.7959706262057956,12
Washington,2004.0,13.83253950238253,1.0,12
Washington,2005.0,7.7806018685546565,0.9183882504823182,12
Washington,2006.0,7.203553474379795,0.8367765009646364,12
Washington,2007.0,28.094989979191435,0.9591941252411592,12
Washington,2008.0,29.92268923341744,0.7091941252411592,9
Washington,2009.0,21.872790403386656,0.75,9
Washington,2010.0,27.126909513755376,1.0,12
Washington,2011.0,18.396401952340348,0.8775823757234774,12
Washington,2012.0,3.6105467597354504,0.8775823757234774,12
Washington,2013.0,20.47447730362289,0.9183882504823182,12
Washington,2014.0,11.501972497467156,1.0,12
Washington,2015.0,25.901342050727738,1.0,12
Washington,2016.0,18.07087732521588,1.0,12
Washington,2017.0,14.757158723117481,0.8367765009646364,12
Washington,2018.0,14.98518741066031,0.9591941252411592,12
Washington,2019.0,22.099388161357396,1.0,12
Washington,2020.0,12.647258348594987,1.0,12
Wayne,2000.0,0.1015025438390945,0.6699740343604256,12
Wayne,2001.0,3.3791798465104184,0.7120250400419067,12
Wayne,2002.0,1.0201883278770865,0.6839910362542526,12
Wayne,2003.0,0.44393818801862495,0.548035781925257,11
Wayne,2004.0,2.1408957714834953,0.7260420419357336,12
Wayne,2005.0,0.6578790077844914,0.6839910362542526,12
Wayne,2006.0,0.2881641814864368,0.6559570324665985,12
Wayne,2007.0,3.9061088446007575,0.7540760457233877,12
Wayne,2008.0,5.026997922607637,0.576069785712911,9
Wayne,2009.0,3.4214196238814556,0.562052783819084,9
Wayne,2010.0,9.116248268910633,0.7680930476172149,12
Wayne,2011.0,5.692627563012831,0.7540760457233877,12
Wayne,2012.0,1.2410643965539454,0.7120250400419067,12
Wayne,2013.0,3.545973441177287,0.6480172860738055,12
Wayne,2014.0,5.101610519953149,0.7540760457233877,12
Wayne,2015.0,3.7259371639613574,0.7680930476172149,12
Wayne,2016.0,2.495331805528085,0.7680930476172149,12
Wayne,2017.0,1.8731936621598944,0.562052783819084,11
Wayne,2018.0,1.5813884603506485,0.4760882815643626,10
Wayne,2019.0,4.077043930487659,0.7400590438295608,12
Wayne,2020.0,1.1453884729554364,0.6980080381480797,12
Webster,2000.0,3.635005538960169,0.9946057244937494,12
Webster,2001.0,24.963486070209353,1.0,12
Webster,2002.0,10.393856072871204,1.0,12
Webster,2003.0,18.617137399922182,0.9973028622468747,12
Webster,2004.0,20.1794106969531,0.9973028622468747,12
Webster,2005.0,18.65951118246975,0.9986514311234375,12
Webster,2006.0,19.039868126597693,1.0,12
Webster,2007.0,34.30442350490395,1.0,12
Webster,2008.0,31.066259038824246,0.8095017641514345,12
Webster,2009.0,19.315457316151964,0.8081531952748717,12
Webster,2010.0,37.69511972320641,1.0,12
Webster,2011.0,22.910274100563676,0.9932571556171869,12
Webster,2012.0,4.444453705356826,0.9905600178640616,12
Webster,2013.0,32.92473896759753,0.9959542933703122,12
Webster,2014.0,26.218794452532876,1.0,12
Webster,2015.0,50.10015840734536,1.0,12
Webster,2016.0,37.8814790600242,1.0,12
Webster,2017.0,22.23548482456749,0.9986514311234375,12
Webster,2018.0,44.62570312930682,1.0,12
Webster,2019.0,33.26600958409746,1.0,12
Webster,2020.0,14.011419572069954,0.9973028622468747,12
Winnebago,2000.0,9.805812574503085,0.7794058957860487,12
Winnebago,2001.0,24.06365088565062,0.7821775739357552,12
Winnebago,2002.0,9.371081604025768,0.7877209302351678,12
Winnebago,2003.0,14.249599060030635,0.7877209302351678,12
Winnebago,2004.0,19.64478735545747,0.7877209302351678,12
Winnebago,2005.0,23.109285317223154,0.7877209302351678,12
Winnebago,2006.0,21.223332636441878,0.7877209302351678,12
Winnebago,2007.0,21.204882994255165,0.7877209302351678,12
Winnebago,2008.0,21.4031135144673,0.5685354580775971,9
Winnebago,2009.0,13.667351241668976,0.5907906976763758,9
Winnebago,2010.0,24.143887078792392,0.7877209302351678,12
Winnebago,2011.0,21.257088974024878,0.7436273185104542,12
Winnebago,2012.0,2.424514495506111,0.7213720789116755,12
Winnebago,2013.0,29.930791013094332,0.787304062762324,12
Winnebago,2014.0,28.43245920889276,0.6596351750849916,12
Winnebago,2015.0,28.92061825059348,0.3180731613511885,12
Winnebago,2016.0,57.89869156533643,0.3180731613511885,12
Winnebago,2017.0,24.33244707302481,0.33872160720555716,12
Winnebago,2018.0,36.805669655222,0.3180731613511885,12
Winnebago,2019.0,25.857511627252737,0.3180731613511885,12
Winnebago,2020.0,15.234620424065476,0.293935075943417,12
Winneshiek,2000.0,15.707449320862308,0.9934643828223416,12
Winneshiek,2001.0,20.39749110874562,0.9934643828223416,12
Winneshiek,2002.0,6.517627256611218,0.9934643828223416,12
Winneshiek,2003.0,5.5756658434770205,0.9934643828223416,12
Winneshiek,2004.0,18.335778199479243,0.9934643828223416,12
Winneshiek,2005.0,12.71555383422941,0.9934643828223416,12
Winneshiek,2006.0,16.225841129143305,0.9934643828223416,12
Winneshiek,2007.0,29.004499901447755,0.9934643828223416,12
Winneshiek,2008.0,35.38515357295496,0.7695553885253616,10
Winneshiek,2009.0,9.643502780527351,0.7450982871167562,9
Winneshiek,2010.0,24.6002022619943,0.9934643828223416,12
Winneshiek,2011.0,25.964038666695494,0.9934643828223416,12
Winneshiek,2012.0,6.574376713669143,0.9405731472755412,12
Winneshiek,2013.0,37.88146174953036,0.9934643828223416,12
Winneshiek,2014.0,25.127363618632327,0.9934643828223416,12
Winneshiek,2015.0,19.105423048048127,0.9934643828223416,12
Winneshiek,2016.0,48.145909221364306,0.9934643828223416,12
Winneshiek,2017.0,30.918037722115635,0.9934643828223416,12
Winneshiek,2018.0,36.75753528282683,0.9934643828223416,12
Winneshiek,2019.0,38.49381383335535,0.9934643828223416,12
Winneshiek,2020.0,22.17791265525585,0.9934643828223416,12
Woodbury,2000.0,1.8173575339284314,0.46093565142438536,12
Woodbury,2001.0,10.0040650982481,0.46093565142438536,12
Woodbury,2002.0,3.962994271714775,0.46093565142438536,12
Woodbury,2003.0,7.7997300502230065,0.46093565142438536,12
Woodbury,2004.0,10.23848993091857,0.46093565142438536,12
Woodbury,2005.0,10.300697930565633,0.46093565142438536,12
Woodbury,2006.0,9.369672571797807,0.46093565142438536,12
Woodbury,2007.0,18.94137905404336,0.46093565142438536,12
Woodbury,2008.0,14.661014451543576,0.3072904342829236,8
Woodbury,2009.0,8.616322454761178,0.345701738568289,9
Woodbury,2010.0,33.755490563050614,0.46093565142438536,12
Woodbury,2011.0,22.6726333446689,0.46093565142438536,12
Woodbury,2012.0,4.448232962618563,0.46093565142438536,12
Woodbury,2013.0,9.67714666690614,0.46093565142438536,12
Woodbury,2014.0,10.550123988254803,0.46093565142438536,12
Woodbury,2015.0,22.73530715466037,0.46093565142438536,12
Woodbury,2016.0,39.71736227144208,0.46093565142438536,12
Woodbury,2017.0,18.59275578665879,0.46093565142438536,12
Woodbury,2018.0,27.696116644052644,0.46093565142438536,12
Woodbury,2019.0,26.934894444310704,0.46093565142438536,12
Woodbury,2020.0,13.991702765647114,0.46093565142438536,12
Worth,2000.0,14.585497785631592,0.48472736960581536,12
Worth,2001.0,25.048261155978057,0.6564849130705435,12
Worth,2002.0,7.946907647223563,0.9999999999999999,12
Worth,2003.0,14.262129884559766,0.9999999999999999,12
Worth,2004.0,24.570098069293387,0.9999999999999999,12
Worth,2005.0,25.510325996368724,0.9999999999999999,12
Worth,2006.0,24.903837518177415,0.9999999999999999,12
Worth,2007.0,29.563814823219868,0.9999999999999999,12
Worth,2008.0,34.36302331018206,0.7499999999999999,9
Worth,2009.0,13.93411577055861,0.7499999999999999,9
Worth,2010.0,19.949730553383304,0.9999999999999999,12
Worth,2011.0,21.064285684293008,0.9999999999999999,12
Worth,2012.0,2.1616863145153014,0.9999999999999999,12
Worth,2013.0,38.86809284406198,0.9999999999999999,12
Worth,2014.0,24.14279057513284,0.9288332340797121,12
Worth,2015.0,19.96235486605464,0.7390551916256114,12
Worth,2016.0,42.956428494147204,0.7390551916256114,12
Worth,2017.0,23.770715468535546,0.762777446932374,12
Worth,2018.0,39.270016872681,0.7390551916256114,12
Worth,2019.0,25.602802930238923,0.7390551916256114,12
Worth,2020.0,15.397214024874629,0.719838061066192,12
Wright,2000.0,10.248107833387524,0.7898349450432658,12
Wright,2001.0,41.74657983327387,1.0,12
Wright,2002.0,20.978057306438256,1.0,12
Wright,2003.0,22.073735507257343,0.8949174725216329,12
Wright,2004.0,22.599870836580276,0.8949174725216329,12
Wright,2005.0,22.644272626925233,0.9474587362608164,12
Wright,2006.0,21.27749227123256,1.0,12
Wright,2007.0,50.69288473769189,1.0,12
Wright,2008.0,42.78103486771079,0.8768354857284796,12
Wright,2009.0,27.676698047728102,0.8550825274783671,12
Wright,2010.0,46.386376601176295,1.0,12
Wright,2011.0,21.113501477780964,0.7372936813040822,12
Wright,2012.0,2.849073919030802,0.601422848336644,12
Wright,2013.0,46.72659584549232,0.7807995978043071,12
Wright,2014.0,40.6022662972396,1.0,12
Wright,2015.0,42.41258152549869,1.0,12
Wright,2016.0,52.81909834181898,1.0,12
Wright,2017.0,28.12028176914312,0.9474587362608164,12
Wright,2018.0,51.682434162427484,1.0,12
Wright,2019.0,32.20475291867525,1.0,12
Wright,2020.0,17.760678476756485,0.8949174725216329,12
