CountyName,Year,loading_kgha,months_available,mean_concentration_mgL,flow_mm,area_ha,NS,precipmm,Value,NS_lag1,NS_lag2,precip_lag1,loading_lag1,NS_precip,precip_z,Value_std
Adair,2001,10.392399704044498,12,3.6317982060077583,221.82747037498268,147693.63480283634,-6.5,868.1,164414.0,-3.9,,592.4,0.9442340196433109,-5642.650000000001,-0.24981868926638806,0.25752447919117905
Adair,2002,1.5874696266994777,12,2.4347336813263616,54.5085154824078,147693.63480283634,-15.0,611.2,164414.0,-6.5,-3.9,868.1,10.392399704044498,-9168.0,-1.4854853933000147,0.25752447919117905
Adair,2003,3.7411951174525546,12,2.874432581893642,85.55058907990639,147693.63480283634,-13.0,816.9,164414.0,-15.0,-6.5,611.2,1.5874696266994777,-10619.699999999999,-0.4960862456950441,0.25752447919117905
Adair,2004,8.200930696050094,12,3.4415393516580366,178.38971224938052,147693.63480283634,-15.1,932.9,164414.0,-13.0,-15.0,816.9,3.7411951174525546,-14086.789999999999,0.06186368683862931,0.25752447919117905
Adair,2005,5.105791988394117,12,3.0837585622549497,129.2187326659705,147693.63480283634,-6.6,657.0,164414.0,-15.1,-13.0,932.9,8.200930696050094,-4336.2,-1.265191368213444,0.25752447919117905
Adair,2006,2.100329974241487,12,3.1848885167459393,61.31467520763558,147693.63480283634,-5.2,876.6999999999999,164414.0,-6.6,-15.1,657.0,5.105791988394117,-4558.84,-0.2084534356475127,0.25752447919117905
Adair,2007,19.447452404398383,12,4.753815651754183,388.77672403619954,147693.63480283634,-10.8,1153.5,164414.0,-5.2,-6.6,876.6999999999999,2.100329974241487,-12457.800000000001,1.1229305412949084,0.25752447919117905
Adair,2008,17.046411950166416,9,3.0148861527218447,474.679890968104,147693.63480283634,-3.3,1146.1,164414.0,-10.8,-5.2,1153.5,19.447452404398383,-3782.1299999999997,1.0873371835298289,0.25752447919117905
Adair,2009,7.673552052202425,9,2.986525790710118,229.9646807574544,147693.63480283634,-13.8,995.5,164414.0,-3.3,-10.8,1146.1,17.046411950166416,-13737.900000000001,0.3629642538783532,0.25752447919117905
Adair,2010,20.201536827257954,12,3.1554633683304574,576.6571237426042,147693.63480283634,-17.3,1155.0,164414.0,-13.8,-3.3,995.5,7.673552052202425,-19981.5,1.1301454111121543,0.25752447919117905
Adair,2011,11.006668911845043,12,2.928876754109293,278.16377344904765,147693.63480283634,36.9,819.7,164414.0,-17.3,-13.8,1155.0,20.201536827257954,30246.93,-0.4826184887028517,0.25752447919117905
Adair,2012,4.151914084436359,12,2.559155708708919,114.64041339495279,147693.63480283634,47.3,811.4,164414.0,36.9,-17.3,819.7,11.006668911845043,38379.219999999994,-0.5225407683582787,0.25752447919117905
Adair,2013,10.940513457341186,12,3.33998735855481,185.1171719900835,147693.63480283634,50.3,826.0,164414.0,47.3,36.9,811.4,4.151914084436359,41547.799999999996,-0.45231603547041965,0.25752447919117905
Adair,2014,14.255602303269487,12,3.069798206187959,399.477333180037,147693.63480283634,29.5,1425.3999999999999,164414.0,50.3,47.3,826.0,10.940513457341186,42049.299999999996,2.4307459435009924,0.25752447919117905
Adair,2015,15.872552847465203,12,2.976874836997957,460.1798387216974,147693.63480283634,0.0,1331.1,164414.0,29.5,50.3,1425.3999999999999,14.255602303269487,0.0,1.977171127656808,0.25752447919117905
Adair,2016,8.791614416326976,12,2.7638129946998657,297.8319871910139,147693.63480283634,3.6,961.2,164414.0,0.0,29.5,1331.1,15.872552847465203,3460.32,0.19798423072399998,0.25752447919117905
Adair,2017,6.745777231487677,12,2.523743802804039,223.0199594126553,147693.63480283634,10.5,939.8,164414.0,3.6,0.0,961.2,8.791614416326976,9867.9,0.09505208799795978,0.25752447919117905
Adair,2018,8.667141580628488,12,2.61361504177448,319.3754431707412,147693.63480283634,10.4,1033.6,164414.0,10.5,3.6,939.8,6.745777231487677,10749.439999999999,0.5462219472363955,0.25752447919117905
Adair,2019,8.675540790617461,12,2.246700081274771,437.1262586760937,147693.63480283634,0.4,1032.1,164414.0,10.4,10.5,1033.6,8.667141580628488,412.84,0.5390070774191498,0.25752447919117905
Adams,2001,11.164155075357241,10,3.4155158488030173,237.52488069359887,110198.97806915005,-4.8,860.1,100575.0,-10.1,,671.6999999999999,0.7901340018474979,-4128.48,-0.28829799495836556,-0.49254668461150664
Adams,2002,1.1453327420368262,10,2.0681486791521286,37.75587395429763,110198.97806915005,-10.9,668.1999999999999,100575.0,-4.8,-10.1,860.1,11.164155075357241,-7283.379999999999,-1.2113203402446757,-0.49254668461150664
Adams,2003,2.2655227462893364,10,2.6118513208478715,53.702442145139564,110198.97806915005,-12.2,685.0,100575.0,-10.9,-4.8,668.1999999999999,1.1453327420368262,-8357.0,-1.1305137982915228,-0.49254668461150664
Adams,2004,9.960507649274945,12,4.501685990685428,163.7394583514998,110198.97806915005,-11.7,981.0999999999999,100575.0,-12.2,-10.9,685.0,2.2655227462893364,-11478.869999999999,0.2937015036327933,-0.49254668461150664
Adams,2005,5.075652033862278,12,2.925421132194502,111.37552313849841,110198.97806915005,-3.4,744.6,100575.0,-11.7,-12.2,981.0999999999999,9.960507649274945,-2531.64,-0.8438429708862903,-0.49254668461150664
Adams,2006,2.885554998392667,12,3.576748595854762,70.51401404639849,110198.97806915005,-3.0,852.0,100575.0,-3.4,-11.7,744.6,5.075652033862278,-2556.0,-0.32725829197149287,-0.49254668461150664
Adams,2007,25.184917351834912,11,5.883623807467736,399.64497515526233,110198.97806915005,-4.7,1165.5,100575.0,-3.0,-3.4,852.0,2.885554998392667,-5477.85,1.1806494998328747,-0.49254668461150664
Adams,2008,19.25481389840017,8,4.169034433697034,440.9990474865174,110198.97806915005,-3.0,1144.5,100575.0,-4.7,-3.0,1165.5,25.184917351834912,-3433.5,1.0796413223914338,-0.49254668461150664
Adams,2009,7.862718517726216,9,3.5607232702964953,194.85115630772896,110198.97806915005,-10.2,852.1,100575.0,-3.0,-4.7,1144.5,19.25481389840017,-8691.42,-0.326777300650343,-0.49254668461150664
Adams,2010,22.20752589642547,12,3.5436847795844013,547.9845081937048,110198.97806915005,-14.4,1051.3,100575.0,-10.2,-3.0,852.1,7.862718517726216,-15138.72,0.6313574110798958,-0.49254668461150664
Adams,2011,10.04260864074971,12,3.170919905513314,247.88104274569153,110198.97806915005,39.8,752.1,100575.0,-14.4,-10.2,1051.3,22.20752589642547,29933.579999999998,-0.8077686218000615,-0.49254668461150664
Adams,2012,6.46266062333663,12,2.4174512576891276,145.77034005398662,110198.97806915005,52.4,758.5,100575.0,39.8,-14.4,752.1,10.04260864074971,39745.4,-0.7769851772464796,-0.49254668461150664
Adams,2013,17.223481455690713,12,3.998221351992955,196.02808481622841,110198.97806915005,43.7,795.6,100575.0,52.4,39.8,758.5,6.46266062333663,34767.72,-0.5985373970999339,-0.49254668461150664
Adams,2014,17.41154523002018,12,3.381665288795761,393.65584495304057,110198.97806915005,42.6,1267.3999999999999,100575.0,43.7,52.4,795.6,17.223481455690713,53991.24,1.6707796560844372,-0.49254668461150664
Adams,2015,25.48918933816852,12,4.057511320573584,566.5354812352477,110198.97806915005,-15.2,1301.6,100575.0,42.6,43.7,1267.3999999999999,17.41154523002018,-19784.319999999996,1.835278687917641,-0.49254668461150664
Adams,2016,11.887404349846449,12,3.356553301319673,350.66535117204927,110198.97806915005,-15.1,1046.7,100575.0,-15.2,42.6,1301.6,25.48918933816852,-15805.17,0.6092318103070092,-0.49254668461150664
Adams,2017,7.935463262007941,11,2.887166380412642,237.9383869578251,110198.97806915005,-11.4,935.1,100575.0,-15.1,-15.2,1046.7,11.887404349846449,-10660.140000000001,0.07244549590392334,-0.49254668461150664
Adams,2018,9.419053648282011,11,3.057218798929986,318.5993820863319,110198.97806915005,-13.4,1026.3999999999999,100575.0,-11.4,-15.1,935.1,7.935463262007941,-13753.759999999998,0.5115905721136156,-0.49254668461150664
Adams,2019,8.743141204029419,12,2.5480196223275455,436.138874323391,110198.97806915005,-12.6,1019.4,100575.0,-13.4,-11.4,1026.3999999999999,9.419053648282011,-12844.439999999999,0.4779211796331358,-0.49254668461150664
Allamakee,2001,20.846942072230675,12,7.102262916111898,270.4925444427402,170763.0507588934,16.5,855.34,18508.0,10.0,,995.1599999999999,16.349411997842104,14113.11,-0.3111931818450921,-1.4567862591630347
Allamakee,2002,9.064220957575753,12,4.897114329662091,185.58273964063775,170763.0507588934,-0.6,793.1,18508.0,16.5,10.0,855.34,20.846942072230675,-475.86,-0.6105621801286769,-1.4567862591630347
Allamakee,2003,6.2036153157983485,12,4.387488101639012,132.2004473738595,170763.0507588934,9.8,650.5433333333333,18508.0,-0.6,16.5,793.1,9.064220957575753,6375.324666666666,-1.2962473745156775,-1.4567862591630347
Allamakee,2004,14.53064993950825,12,5.5064477246802115,239.4102969056767,170763.0507588934,6.8,1054.0166666666667,18508.0,9.8,-0.6,650.5433333333333,6.2036153157983485,7167.313333333333,0.6444243419711301,-1.4567862591630347
Allamakee,2005,8.451968152123108,12,4.759092306997238,184.39636117787802,170763.0507588934,2.5,800.36,18508.0,6.8,9.8,1054.0166666666667,14.53064993950825,2000.9,-0.5756422102132074,-1.4567862591630347
Allamakee,2006,12.955762293336388,12,6.336122457769719,185.06658037563636,170763.0507588934,10.5,885.38,18508.0,2.5,6.8,800.36,8.451968152123108,9296.49,-0.16670338897171683,-1.4567862591630347
Allamakee,2007,34.993470158363536,12,8.538127487933414,441.5439529114772,170763.0507588934,-9.2,1263.02,18508.0,10.5,2.5,885.38,12.955762293336388,-11619.784,1.64971223621808,-1.4567862591630347
Allamakee,2008,30.785832801627,10,7.557760304613298,391.6157743086663,170763.0507588934,-4.1,1105.54,18508.0,-9.2,10.5,1263.02,34.993470158363536,-4532.713999999999,0.8922471036715033,-1.4567862591630347
Allamakee,2009,8.045445358205066,9,5.162304055592686,151.98602455972178,170763.0507588934,-17.3,923.78,18508.0,-4.1,-9.2,1105.54,30.785832801627,-15981.394,0.017997278349774964,-1.4567862591630347
Allamakee,2010,20.93325115444385,12,6.253544708987629,332.7538067261383,170763.0507588934,-12.4,1024.9,18508.0,-17.3,-4.1,923.78,8.045445358205066,-12708.760000000002,0.5043757022963709,-1.4567862591630347
Allamakee,2011,26.003179878775207,12,7.260580501219241,327.3585252180351,170763.0507588934,6.4,828.54,18508.0,-12.4,-17.3,1024.9,20.93325115444385,5302.656,-0.44009885591321696,-1.4567862591630347
Allamakee,2012,7.7470291407226295,12,5.03736923025954,144.34325860074082,170763.0507588934,6.0,809.28,18508.0,6.4,-12.4,828.54,26.003179878775207,4855.68,-0.5327377843666528,-1.4567862591630347
Allamakee,2013,25.2870743503031,12,5.344664600393931,409.1296153610453,170763.0507588934,6.3,1127.395,18508.0,6.0,6.4,809.28,7.7470291407226295,7102.5885,0.9973677569087743,-1.4567862591630347
Allamakee,2014,20.64503048160952,12,5.927784302915568,333.1200365521375,170763.0507588934,-4.4,966.4,18508.0,6.3,6.0,1127.395,25.2870743503031,-4252.16,0.222995779423785,-1.4567862591630347
Allamakee,2015,14.75855876262564,12,5.723441345779146,241.04259986728243,170763.0507588934,3.8,856.7,18508.0,-4.4,6.3,966.4,20.64503048160952,3255.46,-0.30465169987745583,-1.4567862591630347
Allamakee,2016,39.519241210538475,12,7.390412398514864,534.7879382192633,170763.0507588934,-12.4,1407.1,18508.0,3.8,-4.4,856.7,14.75855876262564,-17448.04,2.3427245317305943,-1.4567862591630347
Allamakee,2017,29.52068519451879,12,6.682257633311032,424.6226498053123,170763.0507588934,-3.7,834.9,18508.0,-12.4,3.8,1407.1,39.519241210538475,-3089.13,-0.4095078078880948,-1.4567862591630347
Allamakee,2018,34.875677439180045,12,6.218336535899245,549.0582971574379,170763.0507588934,-9.8,1383.5666666666666,18508.0,-3.7,-12.4,834.9,29.52068519451879,-13558.953333333333,2.229531240820027,-1.4567862591630347
Allamakee,2019,39.64116544443939,12,6.08587487386642,663.6271484554026,170763.0507588934,-0.9,1185.4666666666667,18508.0,-9.8,-3.7,1383.5666666666666,34.875677439180045,-1066.92,1.2766874336224352,-1.4567862591630347
Appanoose,2001,4.161230344438072,12,1.1131560246246757,331.6511532313634,133670.76988543477,-4.5,1104.6,9322.0,-24.8,,802.8333333333333,0.14606273504256964,-4970.7,0.8877257852526956,-1.5647164227102626
Appanoose,2002,1.417268136071118,12,1.0288818746037915,92.84863964996086,133670.76988543477,-29.3,700.5,9322.0,-4.5,-24.8,1104.6,4.161230344438072,-20524.65,-1.0559601435133164,-1.5647164227102626
Appanoose,2003,1.0400498016444428,12,2.053620515039695,39.57894937353464,133670.76988543477,-33.7,892.9333333333333,9322.0,-29.3,-4.5,700.5,1.417268136071118,-30091.853333333333,-0.130372511180875,-1.5647164227102626
Appanoose,2004,2.7030031462533555,12,1.0383166957949108,210.53480589233592,133670.76988543477,-32.7,990.7,9322.0,-33.7,-29.3,892.9333333333333,1.0400498016444428,-32395.890000000003,0.33987667046316694,-1.5647164227102626
Appanoose,2005,0.8976453430017916,12,0.8628438685304314,94.63416687799982,133670.76988543477,-28.2,739.8,9322.0,-32.7,-33.7,990.7,2.7030031462533555,-20862.359999999997,-0.8669305543014773,-1.5647164227102626
Appanoose,2006,0.4637097426498632,12,1.0206975357047319,26.893938660076927,133670.76988543477,-28.9,830.9000000000001,9322.0,-28.2,-32.7,739.8,0.8976453430017916,-24013.010000000002,-0.428747460734083,-1.5647164227102626
Appanoose,2007,4.73798273154621,12,1.4131646785749614,352.1672112633351,133670.76988543477,-45.3,1199.1,9322.0,-28.9,-28.2,830.9000000000001,0.4637097426498632,-54319.229999999996,1.3422625837391795,-1.5647164227102626
Appanoose,2008,6.7216759028346305,9,1.2436320462157275,561.9622518004473,133670.76988543477,-25.0,1470.4666666666667,9322.0,-45.3,-28.9,1199.1,4.73798273154621,-36761.666666666664,2.647512698899133,-1.5647164227102626
Appanoose,2009,4.335956908711406,9,1.1150206728848797,379.75822374342624,133670.76988543477,-38.4,1098.9333333333334,9322.0,-25.0,-45.3,1470.4666666666667,6.7216759028346305,-42199.04,0.8604696103875457,-1.5647164227102626
Appanoose,2010,9.626841719993722,12,1.1596349704459454,789.3937568753155,133670.76988543477,-24.9,1570.5,9322.0,-38.4,-25.0,1098.9333333333334,4.335956908711406,-39105.45,3.1286643504892346,-1.5647164227102626
Appanoose,2011,5.400901413317553,12,1.350385073638882,315.5518769575147,133670.76988543477,24.4,1016.4666666666667,9322.0,-24.9,-38.4,1570.5,9.626841719993722,24801.786666666667,0.463812100879411,-1.5647164227102626
Appanoose,2012,0.8922064605704288,12,1.0276564511265074,49.72882636176849,133670.76988543477,48.7,652.1,9322.0,24.4,-24.9,1016.4666666666667,5.400901413317553,31757.270000000004,-1.28875994294978,-1.5647164227102626
Appanoose,2013,5.036796715997403,12,1.166638556878728,312.4586109069026,133670.76988543477,30.5,1013.0,9322.0,48.7,24.4,652.1,0.8922064605704288,30896.5,0.44713773507955396,-1.5647164227102626
Appanoose,2014,4.2675659902747345,12,1.2384670771081294,333.53812347665485,133670.76988543477,37.7,1016.9,9322.0,30.5,48.7,1013.0,5.036796715997403,38337.130000000005,0.46589639660439286,-1.5647164227102626
Appanoose,2015,5.376590273616115,12,1.2358906680791872,467.80982143614574,133670.76988543477,-38.4,1369.2666666666667,9322.0,37.7,30.5,1016.9,4.2675659902747345,-52579.84,2.1607494818956177,-1.5647164227102626
Appanoose,2016,3.2022125475163805,12,1.965832422288052,154.72514347525353,133670.76988543477,-35.4,686.6999999999999,9322.0,-38.4,37.7,1369.2666666666667,5.376590273616115,-24309.179999999997,-1.1223369458319779,-1.5647164227102626
Appanoose,2017,2.9344775443155378,12,1.9030129150093529,111.20347355405943,133670.76988543477,-33.2,812.7666666666667,9322.0,-35.4,-38.4,686.6999999999999,3.2022125475163805,-26983.853333333336,-0.5159672203025658,-1.5647164227102626
Appanoose,2018,2.3541987106820805,12,2.0107535656059317,204.50015218043225,133670.76988543477,-37.5,941.3,9322.0,-33.2,-35.4,812.7666666666667,2.9344775443155378,-35298.75,0.10226695781520556,-1.5647164227102626
Appanoose,2019,4.700786502059138,12,1.0261885902795946,458.98327573200305,133670.76988543477,-38.8,1408.05,9322.0,-37.5,-33.2,941.3,2.3541987106820805,-54632.34,2.3472939492815166,-1.5647164227102626
Audubon,2001,9.272160492349629,12,4.213858341146,162.82373309665454,114853.88233296976,24.6,889.1,116540.0,30.0,,519.1,1.245921130976549,21871.86,-0.14881051182494717,-0.3049672092107348
Audubon,2002,1.5955796599760614,12,2.6761193409254744,57.040865841409726,114853.88233296976,29.0,646.6,116540.0,24.6,30.0,889.1,9.272160492349629,18751.4,-1.3152144656130145,-0.3049672092107348
Audubon,2003,6.028378758959645,12,4.119477545167139,95.51196963883696,114853.88233296976,33.0,764.9,116540.0,29.0,24.6,646.6,1.5955796599760614,25241.7,-0.7462017326928978,-0.3049672092107348
Audubon,2004,15.915205339938058,12,5.183847052630462,201.56917765996803,114853.88233296976,34.0,959.4,116540.0,33.0,29.0,764.9,6.028378758959645,32619.6,0.18932638694330473,-0.3049672092107348
Audubon,2005,9.543642681287814,12,4.64716618134069,143.0419883616937,114853.88233296976,48.6,811.0,116540.0,34.0,33.0,959.4,15.915205339938058,39414.6,-0.5244647336428774,-0.3049672092107348
Audubon,2006,4.881992433805189,12,4.4084658248785855,102.78600680146715,114853.88233296976,41.5,849.5,116540.0,48.6,34.0,811.0,9.543642681287814,35254.25,-0.3392830750002358,-0.3049672092107348
Audubon,2007,37.38665050954871,12,7.071072510462279,462.1169658704722,114853.88233296976,74.6,1055.6,116540.0,41.5,48.6,849.5,4.881992433805189,78747.75999999998,0.6520400378893336,-0.3049672092107348
Audubon,2008,21.82043169908993,9,5.270284017604319,357.77021451629247,114853.88233296976,57.2,971.7,116540.0,74.6,41.5,1055.6,37.38665050954871,55581.240000000005,0.2484883194447204,-0.3049672092107348
Audubon,2009,12.849674657779813,9,5.393546203720125,222.5815875702706,114853.88233296976,48.2,827.2,116540.0,57.2,74.6,971.7,21.82043169908993,39871.04000000001,-0.4465441396166228,-0.3049672092107348
Audubon,2010,31.17966910531155,12,5.51703857906922,540.9350902897993,114853.88233296976,44.5,1242.6000000000001,116540.0,48.2,57.2,827.2,12.849674657779813,55295.700000000004,1.5514938084393082,-0.3049672092107348
Audubon,2011,12.475641266367687,12,4.899831886051262,226.62741242386335,114853.88233296976,67.3,783.7,116540.0,44.5,48.2,1242.6000000000001,31.17966910531155,52743.01,-0.6557753643167503,-0.3049672092107348
Audubon,2012,5.248754357408716,12,3.159649788900918,116.7132432196236,114853.88233296976,87.4,713.7,116540.0,67.3,44.5,783.7,12.475641266367687,62377.380000000005,-0.9924692891215533,-0.3049672092107348
Audubon,2013,19.98899557012427,12,5.595575613825921,193.3985321380309,114853.88233296976,66.7,788.4,116540.0,87.4,67.3,713.7,5.248754357408716,52586.28,-0.633168772222714,-0.3049672092107348
Audubon,2014,20.95510789121858,12,5.2689127146105585,340.51543394440324,114853.88233296976,45.8,1178.4,116540.0,66.7,87.4,788.4,19.98899557012427,53970.72,1.2426973802611887,-0.3049672092107348
Audubon,2015,33.78440812407233,12,7.213121056383674,449.6682956342377,114853.88233296976,43.2,1339.8,116540.0,45.8,66.7,1178.4,20.95510789121858,57879.36,2.0190173725968337,-0.3049672092107348
Audubon,2016,30.994322946234334,12,6.590374365721986,439.6968612636291,114853.88233296976,42.6,1020.1999999999999,116540.0,43.2,45.8,1339.8,33.78440812407233,43460.52,0.4817691102023333,-0.3049672092107348
Audubon,2017,15.613085024068681,12,5.092335500309881,280.6728972622478,114853.88233296976,46.1,997.9,116540.0,42.6,43.2,1020.1999999999999,30.994322946234334,46003.19,0.37450804558594636,-0.3049672092107348
Audubon,2018,20.949357898256245,12,5.625844530412369,358.4837153652908,114853.88233296976,44.5,1051.1,116540.0,46.1,42.6,997.9,15.613085024068681,46773.95,0.6303954284375962,-0.3049672092107348
Audubon,2019,18.36553088160912,12,4.899422350909806,395.90365876142357,114853.88233296976,35.9,1021.3,116540.0,44.5,46.1,1051.1,20.949357898256245,36664.67,0.48706001473498034,-0.3049672092107348
Benton,2001,30.125198724185207,12,8.044827759794309,283.24095919164296,186103.38024714516,-11.5,901.1333333333333,310129.0,-0.7,,774.8666666666667,12.290273080240018,-10363.033333333333,-0.09093122284659785,1.9695910785036423
Benton,2002,9.07079464699447,12,7.139315017436676,114.28920627010018,186103.38024714516,-16.1,803.6999999999999,310129.0,-11.5,-0.7,901.1333333333333,30.125198724185207,-12939.57,-0.5595771000868072,1.9695910785036423
Benton,2003,16.22664667010994,12,6.867102392463469,155.69276799688913,186103.38024714516,-12.2,823.9333333333334,310129.0,-16.1,-11.5,803.6999999999999,9.07079464699447,-10051.986666666668,-0.4622565227741802,1.9695910785036423
Benton,2004,23.523195407025124,12,7.453427005639814,263.603235048308,186103.38024714516,-8.6,906.6333333333333,310129.0,-12.2,-16.1,823.9333333333334,16.22664667010994,-7797.046666666666,-0.06447670018336334,1.9695910785036423
Benton,2005,16.422325762242956,12,6.57039370228804,195.64848641885345,186103.38024714516,2.1,686.5,310129.0,-8.6,-12.2,906.6333333333333,23.523195407025124,1441.65,-1.123298928474277,1.9695910785036423
Benton,2006,18.613459072149325,12,9.166309875072935,178.9976035379151,186103.38024714516,-4.2,805.7666666666667,310129.0,2.1,-8.6,686.5,16.422325762242956,-3384.2200000000003,-0.5496366127830461,1.9695910785036423
Benton,2007,42.31170059288138,12,8.945763907258328,470.33571647231156,186103.38024714516,8.4,1148.8666666666668,310129.0,-4.2,2.1,805.7666666666667,18.613459072149325,9650.480000000001,1.1006446100816387,1.9695910785036423
Benton,2008,52.699683555736854,12,7.124247812089309,620.7695831075933,186103.38024714516,7.6,1255.4666666666667,310129.0,8.4,-4.2,1148.8666666666668,42.31170059288138,9541.546666666667,1.6133813584272383,1.9695910785036423
Benton,2009,28.49538421824208,12,6.6835554693890415,411.12560799339957,186103.38024714516,-1.8,1169.6,310129.0,7.6,8.4,1255.4666666666667,52.699683555736854,-2105.2799999999997,1.2003701440000127,1.9695910785036423
Benton,2010,36.4575284160785,12,6.992072752431249,508.6482970536707,186103.38024714516,-4.8,1016.8000000000001,310129.0,-1.8,7.6,1169.6,28.49538421824208,-4880.64,0.46541540528324354,1.9695910785036423
Benton,2011,20.38404018126588,12,5.934129040813805,282.7216626561727,186103.38024714516,25.9,796.9666666666667,310129.0,-4.8,-1.8,1016.8000000000001,36.4575284160785,20641.436666666665,-0.5919638490442211,1.9695910785036423
Benton,2012,5.4579865658056645,12,4.221496513214752,91.33701219261604,186103.38024714516,27.6,559.0666666666666,310129.0,25.9,-4.8,796.9666666666667,20.38404018126588,15430.24,-1.736242202059402,1.9695910785036423
Benton,2013,37.77382915782813,12,5.579261849024932,399.872829184754,186103.38024714516,6.6,898.3666666666667,310129.0,27.6,25.9,559.0666666666666,5.4579865658056645,5929.219999999999,-0.10423864939840666,1.9695910785036423
Benton,2014,21.018145805506155,12,5.817801613745826,325.3867240627377,186103.38024714516,-5.8,969.2333333333333,310129.0,6.6,27.6,898.3666666666667,37.77382915782813,-5621.553333333333,0.23662386685636055,1.9695910785036423
Benton,2015,34.44612576728012,12,9.40201565082162,338.24705881629865,186103.38024714516,-3.0,1075.1,310129.0,-5.8,6.6,969.2333333333333,21.018145805506155,-3225.2999999999997,0.7458333455135286,1.9695910785036423
Benton,2016,47.36276339607325,12,9.837755981820935,486.81065367139985,186103.38024714516,-2.1,950.5333333333333,310129.0,-3.0,-5.8,1075.1,34.44612576728012,-1996.1200000000001,0.14667848980136297,1.9695910785036423
Benton,2017,28.738600831983376,12,7.658284813150169,316.4922710208851,186103.38024714516,-4.2,644.9666666666667,310129.0,-2.1,-3.0,950.5333333333333,47.36276339607325,-2708.86,-1.3230706571917932,1.9695910785036423
Benton,2018,44.88643754548917,12,7.884593605611253,561.4589328351094,186103.38024714516,-12.1,1168.35,310129.0,-4.2,-2.1,644.9666666666667,28.738600831983376,-14137.034999999998,1.1943577524856412,1.9695910785036423
Benton,2019,32.88213383754722,12,6.334037730293886,491.327347329168,186103.38024714516,-8.8,1042.85,310129.0,-12.1,-4.2,1168.35,44.88643754548917,-9177.08,0.5907136444427444,1.9695910785036423
Black Hawk,2001,30.690142658299617,12,8.05875830192763,285.83619825512125,148332.55176285162,-6.1,801.38,200020.0,0.9,,839.7800000000001,14.42555688333982,-4888.418,-0.5707360987374803,0.6758742944821208
Black Hawk,2002,8.496032897337535,12,6.549234429083426,115.34554781732949,148332.55176285162,-10.3,737.94,200020.0,-6.1,0.9,801.38,30.690142658299617,-7600.782000000001,-0.8758769928748615,0.6758742944821208
Black Hawk,2003,15.387055176253433,12,6.5393706293306115,152.08867054402646,148332.55176285162,-7.9,686.1,200020.0,-10.3,-6.1,737.94,8.496032897337535,-5420.1900000000005,-1.1252228937588757,0.6758742944821208
Black Hawk,2004,24.50038066160479,12,7.348153091140735,274.8245151623751,148332.55176285162,-6.3,793.5,200020.0,-7.9,-10.3,686.1,15.387055176253433,-4999.05,-0.6086382148440782,0.6758742944821208
Black Hawk,2005,15.711578656861557,12,6.41840419488939,199.87453019798983,148332.55176285162,0.5,810.78,200020.0,-6.3,-7.9,793.5,24.50038066160479,405.39,-0.5255229145494069,0.6758742944821208
Black Hawk,2006,19.177714804829613,12,8.760752102551754,190.68552932212557,148332.55176285162,-6.3,862.52,200020.0,0.5,-6.3,810.78,15.711578656861557,-5433.875999999999,-0.2766580049865425,0.6758742944821208
Black Hawk,2007,41.46837217322514,12,8.768026328906968,471.0823281492588,148332.55176285162,-1.7,1046.42,200020.0,-6.3,0.5,862.52,19.177714804829613,-1778.914,0.6078850346077902,0.6758742944821208
Black Hawk,2008,50.596314976566326,12,6.904880844256588,598.9049252409669,148332.55176285162,15.9,1162.68,200020.0,-1.7,-6.3,1046.42,41.46837217322514,18486.612,1.167085544576453,0.6758742944821208
Black Hawk,2009,26.830740228986425,12,6.6683530069409285,379.14632241301183,148332.55176285162,-6.9,1019.7,200020.0,15.9,-1.7,1162.68,50.596314976566326,-7035.93,0.4793641535965853,0.6758742944821208
Black Hawk,2010,37.432587043514125,12,7.314241076810975,496.7678443700316,148332.55176285162,2.8,1106.075,200020.0,-6.9,15.9,1019.7,26.830740228986425,3097.0099999999998,0.8948204072396546,0.6758742944821208
Black Hawk,2011,21.77985130649213,12,6.088686268676823,298.03511770565973,148332.55176285162,16.3,800.4749999999999,200020.0,2.8,-6.9,1106.075,37.432587043514125,13047.742499999998,-0.5750890701938858,0.6758742944821208
Black Hawk,2012,5.937572069777345,12,4.302706537910821,98.40351913835374,148332.55176285162,34.7,607.02,200020.0,16.3,2.8,800.4749999999999,21.77985130649213,21063.594,-1.5055908305240733,0.6758742944821208
Black Hawk,2013,39.38340395185121,12,5.828393976815188,408.85246195020153,148332.55176285162,15.4,1013.3399999999999,200020.0,34.7,16.3,607.02,5.937572069777345,15605.436,0.4487731055714626,0.6758742944821208
Black Hawk,2014,20.635974199996614,12,5.587027797072619,329.0160033570784,148332.55176285162,7.4,888.9000000000001,200020.0,15.4,34.7,1013.3399999999999,39.38340395185121,6577.860000000001,-0.14977249446724628,0.6758742944821208
Black Hawk,2015,30.97406193248441,12,8.912085980808792,315.61077384866786,148332.55176285162,4.8,1028.6599999999999,200020.0,7.4,15.4,888.9000000000001,20.635974199996614,4937.567999999999,0.5224609759715991,0.6758742944821208
Black Hawk,2016,50.54407198543619,12,9.785256566226492,526.8989698113768,148332.55176285162,3.8,1109.88,200020.0,4.8,7.4,1028.6599999999999,30.97406193248441,4217.544,0.9131221270094018,0.6758742944821208
Black Hawk,2017,31.14025092450134,12,7.586220064668683,347.8618230580409,148332.55176285162,9.3,765.62,200020.0,3.8,4.8,1109.88,50.54407198543619,7120.2660000000005,-0.7427385951806197,0.6758742944821208
Black Hawk,2018,47.88254092350285,12,7.751606325956107,605.3003064413588,148332.55176285162,2.7,1358.0,200020.0,9.3,3.8,765.62,31.14025092450134,3666.6000000000004,2.1065577930460826,0.6758742944821208
Black Hawk,2019,33.66951851221463,12,6.238730482207203,510.4479770393741,148332.55176285162,3.6,1034.09,200020.0,2.7,9.3,1358.0,47.88254092350285,3722.7239999999997,0.5485788047100292,0.6758742944821208
Boone,2001,25.301354185790434,12,7.002086863165675,248.8888177772466,148545.88234312658,-20.2,856.15,202657.0,-7.8,,601.05,3.261299268637584,-17294.23,-0.3072971521437796,0.7068575125611584
Boone,2002,9.97639007314534,12,8.829913344048032,95.69966061007791,148545.88234312658,-20.9,776.325,202657.0,-20.2,-7.8,856.15,25.301354185790434,-16225.1925,-0.6912484742515421,0.7068575125611584
Boone,2003,17.767789853944883,12,7.001207557561556,145.92421423432717,148545.88234312658,-20.1,864.3,202657.0,-20.9,-20.2,776.325,9.97639007314534,-17372.43,-0.2680963594700777,0.7068575125611584
Boone,2004,20.820760798235185,12,7.736562888494021,205.83610721226623,148545.88234312658,-20.5,921.825,202657.0,-20.1,-20.9,864.3,17.767789853944883,-18897.412500000002,0.008593898021298316,0.7068575125611584
Boone,2005,19.07318373995723,12,7.88851752386093,187.54632982440222,148545.88234312658,-11.3,850.7,202657.0,-20.5,-20.1,921.825,20.820760798235185,-9612.910000000002,-0.33351117914643896,0.7068575125611584
Boone,2006,20.177365191669253,12,9.30042188389803,187.879599537557,148545.88234312658,-13.0,933.8,202657.0,-11.3,-20.5,850.7,19.07318373995723,-12139.4,0.06619260872897667,0.7068575125611584
Boone,2007,35.03865063203268,12,8.788347693092204,378.46404682348884,148545.88234312658,-5.0,1088.575,202657.0,-13.0,-11.3,933.8,20.177365191669253,-5442.875,0.8106469260384539,0.7068575125611584
Boone,2008,30.431425590851905,12,7.773722034389483,374.12427891636526,148545.88234312658,1.0,1251.3,202657.0,-5.0,-13.0,1088.575,35.03865063203268,1251.3,1.593340053379333,0.7068575125611584
Boone,2009,20.646565582185303,12,7.647191210140023,250.17822487215864,148545.88234312658,-15.5,996.825,202657.0,1.0,-5.0,1251.3,30.431425590851905,-15450.7875,0.3693373888835872,0.7068575125611584
Boone,2010,35.437183068575486,12,6.447636444314289,560.619653807606,148545.88234312658,-1.7,1264.475,202657.0,-15.5,1.0,996.825,20.646565582185303,-2149.6074999999996,1.6567106599408081,0.7068575125611584
Boone,2011,21.479230603978447,12,5.48289888281014,258.43266288043463,148545.88234312658,7.3,809.525,202657.0,-1.7,-15.5,1264.475,35.437183068575486,5909.532499999999,-0.5315593556298359,0.7068575125611584
Boone,2012,4.133431704710304,12,4.549753348749639,59.626512940336355,148545.88234312658,21.4,613.9,202657.0,7.3,-1.7,809.525,21.479230603978447,13137.46,-1.4724986276289727,0.7068575125611584
Boone,2013,27.686595992164143,12,6.9627419591098105,186.30770374608454,148545.88234312658,11.9,792.425,202657.0,21.4,7.3,613.9,4.133431704710304,9429.8575,-0.6138088715464378,0.7068575125611584
Boone,2014,23.070271940926823,12,8.72438746427624,216.385592897299,148545.88234312658,-7.3,1045.925,202657.0,11.9,21.4,792.425,27.686595992164143,-7635.2525,0.6055041275680986,0.7068575125611584
Boone,2015,38.78041167117497,12,10.91856244954203,354.05046161598614,148545.88234312658,-7.7,1250.75,202657.0,-7.3,11.9,1045.925,23.070271940926823,-9630.775,1.5906946011130096,0.7068575125611584
Boone,2016,31.082320875119997,12,8.15850508871119,359.385621387414,148545.88234312658,-9.0,951.5,202657.0,-7.7,-7.3,1250.75,38.78041167117497,-8563.5,0.15132807257247707,0.7068575125611584
Boone,2017,19.637489217499784,12,6.37733921904729,244.1975386634066,148545.88234312658,3.1,793.025,202657.0,-9.0,-7.7,951.5,31.082320875119997,2458.3775,-0.6109229236195395,0.7068575125611584
Boone,2018,40.37945410856548,12,6.691559098836034,549.1159716432362,148545.88234312658,-5.6,1267.125,202657.0,3.1,-9.0,793.025,19.637489217499784,-7095.9,1.669456929951276,0.7068575125611584
Boone,2019,30.31266842505928,12,6.231658076795846,458.00152515921866,148545.88234312658,-8.6,1036.5,202657.0,-5.6,3.1,1267.125,40.37945410856548,-8913.9,0.5601706955497378,0.7068575125611584
Bremer,2001,33.75146825732554,12,7.4689137864135375,320.2777750626772,113790.79086154027,-3.1,793.3000000000001,197464.0,11.1,,953.8,19.076951586860986,-2459.2300000000005,-0.6096001974863773,0.6458427793474905
Bremer,2002,8.265500939330181,12,5.300538753753088,125.23442133736836,113790.79086154027,-9.1,719.3000000000001,197464.0,-3.1,11.1,793.3000000000001,33.75146825732554,-6545.63,-0.965533775137169,0.6458427793474905
Bremer,2003,10.959328112340858,12,4.714526614741099,145.7265884030085,113790.79086154027,-2.8,680.4,197464.0,-9.1,-3.1,719.3000000000001,8.265500939330181,-1905.12,-1.15263939906441,0.6458427793474905
Bremer,2004,28.081869139266928,12,6.922105412902403,332.7518260683372,113790.79086154027,-7.0,943.4,197464.0,-2.8,-9.1,680.4,10.959328112340858,-6603.8,0.11236777555934975,0.6458427793474905
Bremer,2005,16.104592748870367,12,6.951143904047608,222.1854357993809,113790.79086154027,0.6,933.4,197464.0,-7.0,-2.8,943.4,28.081869139266928,560.04,0.06426864344437791,0.6458427793474905
Bremer,2006,23.475750926839176,12,7.47221988246617,227.82821360841731,113790.79086154027,-1.6,900.45,197464.0,0.6,-7.0,933.4,16.104592748870367,-1440.7200000000003,-0.09421799687445401,0.6458427793474905
Bremer,2007,35.0751436434433,12,8.409998118734084,418.5291619947578,113790.79086154027,1.8,1053.1,197464.0,-1.6,0.6,900.45,23.475750926839176,1895.58,0.6400152548605906,0.6458427793474905
Bremer,2008,45.22954457551258,12,6.699467927664704,490.60941912087736,113790.79086154027,14.5,1208.75,197464.0,1.8,-1.6,1053.1,35.0751436434433,17526.875,1.388678246230128,0.6458427793474905
Bremer,2009,17.832725377990226,9,6.910628727629614,216.4226334327541,113790.79086154027,-7.4,951.6999999999999,197464.0,14.5,1.8,1208.75,45.22954457551258,-7042.58,0.15229005521477618,0.6458427793474905
Bremer,2010,39.83395249830761,12,8.749003622378552,437.7076965223635,113790.79086154027,11.1,1060.5,197464.0,-7.4,14.5,951.6999999999999,17.832725377990226,11771.55,0.6756086126256702,0.6458427793474905
Bremer,2011,27.41088833718153,12,6.655319020031546,333.6520063341362,113790.79086154027,18.9,830.8000000000001,197464.0,11.1,-7.4,1060.5,39.83395249830761,15702.12,-0.42922845205523286,0.6458427793474905
Bremer,2012,6.015112250456097,12,4.221003927694887,102.9093987520689,113790.79086154027,51.4,645.0,197464.0,18.9,11.1,830.8000000000001,27.41088833718153,33153.0,-1.3229103267514102,0.6458427793474905
Bremer,2013,44.532058512692444,12,6.70048078972522,427.3644884866032,113790.79086154027,21.0,922.1,197464.0,51.4,18.9,645.0,6.015112250456097,19364.100000000002,0.009916624154459933,0.6458427793474905
Bremer,2014,26.933455161713443,12,6.90351707979347,329.01020653834877,113790.79086154027,19.5,812.85,197464.0,21.0,51.4,922.1,44.532058512692444,15850.575,-0.5155663942016075,0.6458427793474905
Bremer,2015,26.177132749631284,12,7.432876758082396,282.8254954777916,113790.79086154027,3.0,906.2,197464.0,19.5,21.0,812.85,26.933455161713443,2718.6000000000004,-0.0665609959083452,0.6458427793474905
Bremer,2016,53.41084960392729,12,9.675211794622856,590.7568347309358,113790.79086154027,2.1,1015.3499999999999,197464.0,3.0,19.5,906.2,26.177132749631284,2132.2349999999997,0.45844103112657186,0.6458427793474905
Bremer,2017,35.068808452292465,12,6.867578210989009,426.16374878186923,113790.79086154027,4.3,995.05,197464.0,2.1,3.0,1015.3499999999999,53.41084960392729,4278.714999999999,0.36079979293317926,0.6458427793474905
Bremer,2018,44.58948271207926,12,6.164529195408618,701.9737735371145,113790.79086154027,-7.9,1628.75,197464.0,4.3,2.1,995.05,35.068808452292465,-12867.125,3.4088417950589456,0.6458427793474905
Bremer,2019,33.13917588973242,12,5.347329209484619,592.2643193491909,113790.79086154027,-11.1,1004.1,197464.0,-7.9,4.3,1628.75,44.58948271207926,-11145.51,0.4043295074972291,0.6458427793474905
Buchanan,2001,33.36807099609435,12,8.365564400519345,296.2738453893883,148448.0950219119,-0.2,1069.675,250195.0,19.6,,869.55,18.50400593070711,-213.935,0.7197395663411567,1.265401396156642
Buchanan,2002,10.882495010490713,12,5.712653202664918,146.69143627397375,148448.0950219119,-4.0,846.975,250195.0,-0.2,19.6,1069.675,33.36807099609435,-3387.9,-0.3514281058592661,1.265401396156642
Buchanan,2003,10.431275671259444,12,4.817952697612633,147.4292799431775,148448.0950219119,3.5,793.325,250195.0,-4.0,-0.2,846.975,10.882495010490713,2776.6375000000003,-0.60947994965609,1.265401396156642
Buchanan,2004,27.839707241189064,12,6.975118812483784,310.3852708888725,148448.0950219119,11.4,913.425,250195.0,3.5,-4.0,793.325,10.431275671259444,10413.045,-0.03180937295527848,1.265401396156642
Buchanan,2005,13.398682697522068,12,6.295854688202639,194.42156981978417,148448.0950219119,12.8,741.475,250195.0,11.4,3.5,913.425,27.839707241189064,9490.880000000001,-0.8588739496722191,1.265401396156642
Buchanan,2006,20.03113663046617,12,7.762034116596431,202.09858603817761,148448.0950219119,14.4,858.1999999999999,250195.0,12.8,11.4,741.475,13.398682697522068,12358.08,-0.2974368300602106,1.265401396156642
Buchanan,2007,41.23930638912725,12,8.936753113845073,460.4388207586944,148448.0950219119,24.9,1128.84,250195.0,14.4,12.8,858.1999999999999,20.03113663046617,28108.115999999998,1.0043180814993875,1.265401396156642
Buchanan,2008,54.043736381481736,12,6.9895694689931895,583.8984091460536,148448.0950219119,34.9,1108.745,250195.0,24.9,14.4,1128.84,41.23930638912725,38695.20049999999,0.9076628755143514,1.265401396156642
Buchanan,2009,25.553809978177906,12,6.854487649028543,337.5697567205481,148448.0950219119,11.5,1025.05,250195.0,34.9,24.9,1108.745,54.043736381481736,11788.074999999999,0.5050971892780948,1.265401396156642
Buchanan,2010,51.21427739474894,12,9.328147144944259,513.8688933706845,148448.0950219119,37.8,1199.3,250195.0,11.5,34.9,1025.05,25.553809978177906,45333.53999999999,1.3432245663814792,1.265401396156642
Buchanan,2011,26.720895902517974,12,6.782428676910598,332.8048053099647,148448.0950219119,52.7,905.2666666666668,250195.0,37.8,11.5,1199.3,51.21427739474894,47707.553333333344,-0.07105024823907564,1.265401396156642
Buchanan,2012,8.167515719871302,12,4.739110283165701,119.61668818786406,148448.0950219119,67.6,674.5333333333333,250195.0,52.7,37.8,905.2666666666668,26.720895902517974,45598.453333333324,-1.18085755657186,1.265401396156642
Buchanan,2013,39.28527778625786,12,5.864174063727336,427.9461768574859,148448.0950219119,51.6,1048.1,250195.0,67.6,52.7,674.5333333333333,8.167515719871302,54081.96,0.6159656888031046,1.265401396156642
Buchanan,2014,23.99760978997489,12,6.068151489022117,337.57211975035017,148448.0950219119,46.1,842.5,250195.0,51.6,67.6,1048.1,39.28527778625786,38839.25,-0.3729524674807161,1.265401396156642
Buchanan,2015,26.700732861072538,12,7.508741008968716,276.0984249130998,148448.0950219119,47.0,915.9,250195.0,46.1,51.6,842.5,23.99760978997489,43047.299999999996,-0.01990483775682283,1.265401396156642
Buchanan,2016,51.99269330768766,12,9.822447917450617,568.9245157730771,148448.0950219119,50.2,1008.6,250195.0,47.0,46.1,915.9,26.700732861072538,50631.72,0.4259741169489664,1.265401396156642
Buchanan,2017,36.67279266968812,12,7.299964182126634,416.3487159620698,148448.0950219119,52.3,804.9333333333334,250195.0,50.2,47.0,1008.6,51.99269330768766,42098.013333333336,-0.5536448737926267,1.265401396156642
Buchanan,2018,43.467608305468566,12,6.397860240488321,696.2204326143378,148448.0950219119,44.3,1360.35,250195.0,52.3,50.2,804.9333333333334,36.67279266968812,60263.50499999999,2.117861089093101,1.265401396156642
Buchanan,2019,32.60157053636673,12,5.392285598320551,572.9604122701613,148448.0950219119,33.1,1116.15,250195.0,44.3,52.3,1360.35,43.467608305468566,36944.565,0.943280282845489,1.265401396156642
Buena Vista,2001,16.536802262906107,12,8.494478493378269,184.45651175230373,150300.88638852356,20.7,732.9,259662.0,28.9,,668.75,2.517131971280161,15171.029999999999,-0.9001189554608077,1.3766331464616282
Buena Vista,2002,10.650631543188599,12,10.05651881565454,100.49506482688211,150300.88638852356,20.3,691.0,259662.0,20.7,28.9,732.9,16.536802262906107,14027.300000000001,-1.1016543190225396,1.3766331464616282
Buena Vista,2003,18.168853387189518,12,9.431181788317645,159.20085272320281,150300.88638852356,19.7,734.8333333333333,259662.0,20.3,20.7,691.0,10.650631543188599,14476.216666666665,-0.89081978991858,1.3766331464616282
Buena Vista,2004,21.126569597219625,12,10.547240673675105,189.21928781373938,150300.88638852356,15.6,795.0666666666666,259662.0,19.7,20.3,734.8333333333333,18.168853387189518,12403.039999999999,-0.6011026841460662,1.3766331464616282
Buena Vista,2005,15.891196088371796,12,9.169844547569488,147.93554841353384,150300.88638852356,28.6,779.1999999999999,259662.0,15.6,19.7,795.0666666666666,21.126569597219625,22285.12,-0.6774199737684883,1.3766331464616282
Buena Vista,2006,14.083140201337175,12,9.93170800894162,117.61043776521133,150300.88638852356,40.8,620.9666666666667,259662.0,28.6,15.6,779.1999999999999,15.891196088371796,25335.44,-1.4385085742677257,1.3766331464616282
Buena Vista,2007,34.012091215470576,12,9.918967746540735,340.7198650439526,150300.88638852356,59.9,850.9333333333333,259662.0,40.8,28.6,620.9666666666667,14.083140201337175,50970.90666666666,-0.3323888660637568,1.3766331464616282
Buena Vista,2008,32.88966546536584,12,9.174542210159018,350.80482121832955,150300.88638852356,49.0,819.5333333333333,259662.0,59.9,40.8,850.9333333333333,34.012091215470576,40157.13333333333,-0.48342014090476826,1.3766331464616282
Buena Vista,2009,19.63012016839292,12,8.503912758762615,222.1403398941392,150300.88638852356,42.4,691.5,259662.0,49.0,59.9,819.5333333333333,32.88966546536584,29319.6,-1.099249362416791,1.3766331464616282
Buena Vista,2010,43.97326520961665,12,8.49338376037249,522.5356876780614,150300.88638852356,35.4,984.7666666666667,259662.0,42.4,49.0,691.5,19.63012016839292,34860.74,0.31133785207495,1.3766331464616282
Buena Vista,2011,21.754335085391336,12,8.08120298741756,237.02361013410416,150300.88638852356,51.5,581.4666666666667,259662.0,35.4,42.4,984.7666666666667,43.97326520961665,29945.533333333336,-1.6285001461218644,1.3766331464616282
Buena Vista,2012,5.208841982004989,12,7.763215570110297,62.19438416299951,150300.88638852356,64.6,556.2333333333333,259662.0,51.5,35.4,581.4666666666667,21.754335085391336,35932.67333333333,-1.7498702894919769,1.3766331464616282
Buena Vista,2013,35.17684155437547,12,12.345790313053756,163.85551570109553,150300.88638852356,44.2,664.1666666666666,259662.0,64.6,51.5,556.2333333333333,5.208841982004989,29356.166666666668,-1.2307203235310475,1.3766331464616282
Buena Vista,2014,30.783329437545937,12,12.557135291867025,215.13407833871284,150300.88638852356,33.5,864.5666666666666,259662.0,44.2,64.6,664.1666666666666,35.17684155437547,28962.98333333333,-0.26681371594701186,1.3766331464616282
Buena Vista,2015,68.1054474150989,12,16.423514245776687,394.0247259100306,150300.88638852356,20.5,928.2666666666667,259662.0,33.5,44.2,864.5666666666666,30.783329437545937,19029.466666666667,0.039577755625359055,1.3766331464616282
Buena Vista,2016,50.73590748180572,12,12.4554539507657,381.99048303962184,150300.88638852356,22.9,1032.7666666666667,259662.0,20.5,33.5,928.2666666666667,68.1054474150989,23650.356666666667,0.5422136862268149,1.3766331464616282
Buena Vista,2017,25.946659609360662,12,9.272379234135927,237.1841772133328,150300.88638852356,27.1,648.6333333333333,259662.0,22.9,20.5,1032.7666666666667,50.73590748180572,17577.963333333333,-1.305434308749637,1.3766331464616282
Buena Vista,2018,42.20143105080752,12,9.803080548857492,416.0784353413124,150300.88638852356,21.9,1076.5,259662.0,27.1,22.9,648.6333333333333,25.946659609360662,23575.35,0.7525672240096252,1.3766331464616282
Buena Vista,2019,32.45646275011935,12,7.8838382274835785,436.6058036237865,150300.88638852356,25.7,977.8,259662.0,21.9,27.1,1076.5,42.20143105080752,25129.46,0.2778287900348528,1.3766331464616282
Butler,2001,29.46638982055595,12,6.217423798654043,344.11416959226585,150725.13643653656,1.4,869.7,202636.0,16.2,,820.0,12.420501185586827,1217.58,-0.24212282812799243,0.7066107747607565
Butler,2002,9.52794824875892,12,6.422915329189017,136.81983546523713,150725.13643653656,-3.9,832.38,202636.0,1.4,16.2,869.7,29.46638982055595,-3246.2819999999997,-0.4216287891810676,0.7066107747607565
Butler,2003,16.381323447105245,12,6.086220957695452,161.79018595785337,150725.13643653656,-1.8,844.88,202636.0,-3.9,1.4,832.38,9.52794824875892,-1520.784,-0.3615048740373528,0.7066107747607565
Butler,2004,23.302989554970154,12,6.332041110175599,276.38578937749907,150725.13643653656,1.8,968.9599999999999,202636.0,-1.8,-3.9,844.88,16.381323447105245,1744.128,0.23530915724521753,0.7066107747607565
Butler,2005,23.77317473605063,12,7.923495223277631,246.39286393079445,150725.13643653656,14.5,966.7,202636.0,1.8,-1.8,968.9599999999999,23.302989554970154,14017.150000000001,0.22443875338723449,0.7066107747607565
Butler,2006,22.876038898075866,12,8.7289427311709,209.45163072675885,150725.13643653656,13.9,919.52,202636.0,14.5,1.8,966.7,23.77317473605063,12781.328,-0.0024929519312030008,0.7066107747607565
Butler,2007,41.0171774961646,12,9.474608732642254,415.56810533319435,150725.13643653656,23.3,1266.7,202636.0,13.9,14.5,919.52,22.876038898075866,29514.11,1.66741271683639,0.7066107747607565
Butler,2008,45.19168578023197,12,6.924614988446361,499.1523142356169,150725.13643653656,28.3,1157.6,202636.0,23.3,13.9,1266.7,41.0171774961646,32760.079999999998,1.1426511854620465,0.7066107747607565
Butler,2009,24.728745350815274,12,6.4508324683469285,353.75328807732143,150725.13643653656,10.6,1074.46,202636.0,28.3,23.3,1157.6,45.19168578023197,11389.276,0.742755001058171,0.7066107747607565
Butler,2010,28.543506711316002,12,6.12462455198403,434.23004563152784,150725.13643653656,18.0,1110.32,202636.0,10.6,28.3,1074.46,24.728745350815274,19985.76,0.9152384888224596,0.7066107747607565
Butler,2011,21.078842503574453,12,5.41633067334676,293.01842201302713,150725.13643653656,38.1,838.7,202636.0,18.0,10.6,1110.32,28.543506711316002,31954.47,-0.3912301376844052,0.7066107747607565
Butler,2012,3.3109661989078236,12,3.086591384694834,71.75886899883692,150725.13643653656,57.2,677.925,202636.0,38.1,18.0,838.7,21.078842503574453,38777.31,-1.1645439342628656,0.7066107747607565
Butler,2013,40.503619361984725,12,6.483046161318999,349.16231630560566,150725.13643653656,29.6,1214.5,202636.0,57.2,38.1,677.925,3.3109661989078236,35949.200000000004,1.4163352471962367,0.7066107747607565
Butler,2014,24.605891878373196,12,6.442144368804967,319.74217091262915,150725.13643653656,17.6,1002.0500000000001,202636.0,29.6,57.2,1214.5,40.503619361984725,17636.08,0.3944691854136601,0.7066107747607565
Butler,2015,26.245530889832175,12,8.111730646723716,296.51374797290646,150725.13643653656,15.2,1167.3,202636.0,17.6,29.6,1002.0500000000001,24.605891878373196,17742.96,1.1893073436135693,0.7066107747607565
Butler,2016,49.270677860944616,12,9.244238456971528,545.8555653453668,150725.13643653656,5.7,1150.7833333333333,202636.0,15.2,17.6,1167.3,26.245530889832175,6559.465,1.1098636104036743,0.7066107747607565
Butler,2017,27.310452350144654,12,6.376828227142145,349.0543963573789,150725.13643653656,8.3,868.2,202636.0,5.7,15.2,1150.7833333333333,49.270677860944616,7206.060000000001,-0.24933769794523822,0.7066107747607565
Butler,2018,43.45018652798229,12,6.331649177286426,657.7321586647269,150725.13643653656,-0.7,1393.1666666666665,202636.0,8.3,5.7,868.2,27.310452350144654,-975.2166666666665,2.2757064076503997,0.7066107747607565
Butler,2019,26.63268198729525,12,5.164293706929549,484.1236204106481,150725.13643653656,-1.5,1050.2,202636.0,-0.7,8.3,1393.1666666666665,43.45018652798229,-1575.3000000000002,0.6260665065472494,0.7066107747607565
Calhoun,2001,21.071089267320136,12,10.247974621932899,198.32356847777368,148185.69743417145,4.7,991.1,255549.0,11.6,,545.0,3.348168029042068,4658.17,0.3418006357477657,1.3283077858400576
Calhoun,2002,15.145453154046308,12,12.292748002989981,113.75818924910267,148185.69743417145,4.0,784.85,255549.0,4.7,11.6,991.1,21.071089267320136,3139.4,-0.6502439641235287,1.3283077858400576
Calhoun,2003,23.58767921758472,12,11.288191799247711,180.32663240624217,148185.69743417145,12.2,748.05,255549.0,4.0,4.7,784.85,15.145453154046308,9126.21,-0.8272487703066255,1.3283077858400576
Calhoun,2004,27.169791245673387,12,12.435934113820393,205.6852083766694,148185.69743417145,5.0,905.0,255549.0,12.2,4.0,748.05,23.58767921758472,4525.0,-0.07233289176214204,1.3283077858400576
Calhoun,2005,18.76114741464068,12,9.808108111275558,159.82840674008474,148185.69743417145,27.3,816.65,255549.0,5.0,12.2,905.0,27.169791245673387,22294.545,-0.49728872399791846,1.3283077858400576
Calhoun,2006,16.44945843363579,12,11.701754113967047,118.48710093341481,148185.69743417145,21.7,710.5,255549.0,27.3,5.0,816.65,18.76114741464068,15417.85,-1.0078610113983446,1.3283077858400576
Calhoun,2007,42.44417657365938,12,11.13406779860606,382.9729297284953,148185.69743417145,43.4,1130.55,255549.0,21.7,27.3,710.5,16.44945843363579,49065.869999999995,1.0125430330910479,1.3283077858400576
Calhoun,2008,41.2527461421492,12,9.702394655141372,408.9996435578144,148185.69743417145,37.3,990.1,255549.0,43.4,21.7,1130.55,42.44417657365938,36930.729999999996,0.3369907225362685,1.3283077858400576
Calhoun,2009,24.538242378589576,12,9.149710433624234,254.8263762916624,148185.69743417145,27.9,783.4499999999999,255549.0,37.3,43.4,990.1,41.2527461421492,21858.254999999997,-0.6569778426196252,1.3283077858400576
Calhoun,2010,48.35361379574829,12,8.497443837171625,591.9926544355819,148185.69743417145,29.1,1076.6499999999999,255549.0,27.9,37.3,783.4499999999999,24.538242378589576,31330.514999999996,0.7532887109913491,1.3283077858400576
Calhoun,2011,21.1201614151752,12,8.325872390467913,222.8143462388054,148185.69743417145,42.9,569.9,255549.0,29.1,27.9,1076.6499999999999,48.35361379574829,24448.71,-1.684134808934849,1.3283077858400576
Calhoun,2012,5.475935992660686,12,9.638562941680195,55.091530305035675,148185.69743417145,56.8,482.65,255549.0,42.9,29.1,569.9,21.1201614151752,27414.519999999997,-2.103799736637978,1.3283077858400576
Calhoun,2013,54.768278368115894,12,16.075952676243617,190.27622952402672,148185.69743417145,49.3,612.75,255549.0,56.8,42.9,482.65,5.475935992660686,30208.574999999997,-1.4780300278221943,1.3283077858400576
Calhoun,2014,45.4601674211214,12,16.138531613250844,241.18109337784634,148185.69743417145,19.6,929.1999999999999,255549.0,49.3,56.8,612.75,54.768278368115894,18212.32,0.04406700795608951,1.3283077858400576
Calhoun,2015,99.21121517099175,12,20.400936683834246,459.0011077638391,148185.69743417145,17.8,980.5,255549.0,19.6,49.3,929.1999999999999,45.4601674211214,17452.9,0.2908155557058954,1.3283077858400576
Calhoun,2016,55.19991191632131,12,13.967036196354329,370.64381452592914,148185.69743417145,18.2,902.25,255549.0,17.8,19.6,980.5,99.21121517099175,16420.95,-0.08556015309375929,1.3283077858400576
Calhoun,2017,30.628760448569093,12,10.36114862263324,233.84043594820383,148185.69743417145,26.3,755.6,255549.0,18.2,17.8,902.25,55.19991191632131,19872.280000000002,-0.7909339255598213,1.3283077858400576
Calhoun,2018,51.72217373522487,12,11.257513193626481,429.6036757024772,148185.69743417145,18.5,1092.15,255549.0,26.3,18.2,755.6,30.628760448569093,20204.775,0.8278423657695566,1.3283077858400576
Calhoun,2019,36.093559318113066,12,8.43404467984762,446.92520919215315,148185.69743417145,17.2,970.6,255549.0,18.5,26.3,1092.15,51.72217373522487,16694.32,0.2431974149120734,1.3283077858400576
Carroll,2001,12.039080819385186,12,5.711832152583448,174.20125961520867,147648.554858392,47.0,803.85,190008.0,48.8,,539.4,1.9362728879022453,37780.950000000004,-0.5588556131050821,0.558239110785752
Carroll,2002,8.241419355858568,12,6.849395876953644,107.45413602516676,147648.554858392,55.9,759.45,190008.0,47.0,48.8,803.85,12.039080819385186,42453.255000000005,-0.7724157596955571,0.558239110785752
Carroll,2003,13.353058156297879,12,6.922711246127608,147.59101756740324,147648.554858392,53.1,749.05,190008.0,55.9,47.0,759.45,8.241419355858568,39774.555,-0.8224388570951282,0.558239110785752
Carroll,2004,18.672735625988615,12,6.991333200320978,204.53997475008381,147648.554858392,48.9,816.15,190008.0,53.1,55.9,749.05,13.353058156297879,39909.735,-0.49969368060366703,0.558239110785752
Carroll,2005,9.541437802468254,12,5.815007194264969,124.13229127773724,147648.554858392,63.0,728.6,190008.0,48.9,53.1,816.15,18.672735625988615,45901.8,-0.9208015822702453,0.558239110785752
Carroll,2006,6.893578934393864,12,6.378108659428608,104.2841957618519,147648.554858392,65.3,808.0,190008.0,63.0,48.9,728.6,9.541437802468254,52762.399999999994,-0.538894473277369,0.558239110785752
Carroll,2007,35.491016229736246,12,8.739043353886348,364.05186843179433,147648.554858392,83.7,972.6,190008.0,65.3,63.0,808.0,6.893578934393864,81406.62000000001,0.2528172413350678,0.558239110785752
Carroll,2008,31.66964147258804,12,7.854078403216036,399.36793249424426,147648.554858392,71.2,1025.2,190008.0,83.7,65.3,972.6,35.491016229736246,72994.24,0.5058186762598198,0.558239110785752
Carroll,2009,19.302442981787024,12,7.561759532223754,250.0639282179624,147648.554858392,47.3,857.8,190008.0,71.2,83.7,1025.2,31.66964147258804,40573.939999999995,-0.29936079534480936,0.558239110785752
Carroll,2010,31.463257131104967,12,6.168885464741755,515.3450080957452,147648.554858392,63.3,1097.0,190008.0,47.3,71.2,857.8,19.302442981787024,69440.09999999999,0.8511704448453175,0.558239110785752
Carroll,2011,11.673836082620326,12,5.2665947074798884,199.78489212852503,147648.554858392,84.0,631.2,190008.0,63.3,47.3,1097.0,31.463257131104967,53020.8,-1.389287129070071,0.558239110785752
Carroll,2012,2.9287212345464604,12,4.030394419111476,63.286484674816016,147648.554858392,116.6,628.5,190008.0,84.0,63.3,631.2,11.673836082620326,73283.09999999999,-1.4022738947411137,0.558239110785752
Carroll,2013,27.587777369548427,12,7.891412786803374,200.65027475895653,147648.554858392,97.0,781.25,190008.0,116.6,84.0,628.5,2.9287212345464604,75781.25,-0.6675596516849187,0.558239110785752
Carroll,2014,23.621852809507306,12,7.716005544824792,278.637544625927,147648.554858392,61.7,1055.55,190008.0,97.0,116.6,781.25,27.587777369548427,65127.435,0.6517995422287589,0.558239110785752
Carroll,2015,60.66524243102148,12,11.764927607165683,497.3226004657959,147648.554858392,65.6,1262.25,190008.0,61.7,97.0,1055.55,23.621852809507306,82803.59999999999,1.6460086030452272,0.558239110785752
Carroll,2016,38.434055836395,12,9.353292379556896,392.21247136872256,147648.554858392,70.1,922.25,190008.0,65.6,61.7,1262.25,60.66524243102148,64649.72499999999,0.010638111136184401,0.558239110785752
Carroll,2017,20.5222056472294,12,6.721551321060525,251.86389946562136,147648.554858392,79.3,804.4499999999999,190008.0,70.1,65.6,922.25,38.434055836395,63792.884999999995,-0.5559696651781844,0.558239110785752
Carroll,2018,28.048989436318777,12,7.263441229399674,367.0510124293748,147648.554858392,67.5,1167.5,190008.0,79.3,70.1,804.4499999999999,20.5222056472294,78806.25,1.190269326255869,0.558239110785752
Carroll,2019,27.592537296361904,12,6.8474795541618585,405.54825667519174,147648.554858392,62.0,998.65,190008.0,67.5,79.3,1167.5,28.048989436318777,61916.299999999996,0.3781154804945692,0.558239110785752
Cass,2001,9.880918975910236,10,3.902816427568913,183.99742301824656,146364.93857465114,7.4,919.15,92908.0,10.6,,637.25,0.9626445969825858,6801.71,-0.0042726198194569815,-0.5826294805963308
Cass,2002,1.112311410354761,12,2.0659751315325283,48.06237054004425,146364.93857465114,-0.7,583.5,92908.0,7.4,10.6,919.15,9.880918975910236,-408.45,-1.618719989258487,-0.5826294805963308
Cass,2003,4.189605684179149,12,2.9550590477246623,81.6196640375774,146364.93857465114,-1.1,689.65,92908.0,-0.7,7.4,583.5,1.112311410354761,-758.615,-1.108147701858061,-0.5826294805963308
Cass,2004,12.760982463728402,12,4.683365601974614,177.32124199729967,146364.93857465114,-8.9,862.55,92908.0,-1.1,-0.7,689.65,4.189605684179149,-7676.695,-0.2765137075901978,-0.5826294805963308
Cass,2005,6.976213990359296,12,3.7219733083402473,125.07417953299532,146364.93857465114,6.2,694.25,92908.0,-8.9,-1.1,862.55,12.760982463728402,4304.35,-1.0860221010851738,-0.5826294805963308
Cass,2006,3.2096012516382944,12,3.7203735130818303,80.90006781911835,146364.93857465114,1.6,961.1500000000001,92908.0,6.2,-8.9,694.25,6.976213990359296,1537.8400000000001,0.19774373506342532,-0.5826294805963308
Cass,2007,33.57076315959273,12,6.411913074219922,463.2756457936813,146364.93857465114,14.6,1209.95,92908.0,1.6,6.2,961.1500000000001,3.2096012516382944,17665.27,1.3944501420839248,-0.5826294805963308
Cass,2008,21.456845028152596,9,4.649312343946269,389.9000967576898,146364.93857465114,4.4,1189.65,92908.0,14.6,1.6,1209.95,33.57076315959273,5234.460000000001,1.2968089038905322,-0.5826294805963308
Cass,2009,10.244845636539491,9,4.507491830183083,210.56221871622134,146364.93857465114,-2.2,1095.05,92908.0,4.4,14.6,1189.65,21.456845028152596,-2409.11,0.8417911140828978,-0.5826294805963308
Cass,2010,26.97325870915255,12,4.599348040899002,549.2071798352015,146364.93857465114,-0.9,1133.9,92908.0,-2.2,4.4,1095.05,10.244845636539491,-1020.5100000000001,1.028656242349564,-0.5826294805963308
Cass,2011,10.735673703768269,12,4.068416405593272,225.41293627702527,146364.93857465114,30.1,1006.15,92908.0,-0.9,-2.2,1133.9,26.97325870915255,30285.115,0.4141898295807981,-0.5826294805963308
Cass,2012,5.769975952747613,12,2.7575847025964317,131.50635698725196,146364.93857465114,44.8,772.9,92908.0,30.1,-0.9,1006.15,10.735673703768269,34625.92,-0.7077224270009203,-0.5826294805963308
Cass,2013,18.425345889887666,12,4.907181066215904,185.47533505012854,146364.93857465114,27.1,842.4,92908.0,44.8,30.1,772.9,5.769975952747613,22829.04,-0.3734334588018659,-0.5826294805963308
Cass,2014,21.43400015502172,12,4.5231505830581495,398.48886072237906,146364.93857465114,14.2,1095.0,92908.0,27.1,44.8,842.4,18.425345889887666,15549.0,0.8415506184223231,-0.5826294805963308
Cass,2015,29.285290877532137,12,5.658214240336219,480.53578998191284,146364.93857465114,-13.5,1167.6,92908.0,14.2,27.1,1095.0,21.43400015502172,-15762.599999999999,1.1907503175770182,-0.5826294805963308
Cass,2016,22.907657933306727,12,5.270785424076,403.946365464932,146364.93857465114,-8.2,1025.1,92908.0,-13.5,14.2,1167.6,29.285290877532137,-8405.819999999998,0.5053376849386695,-0.5826294805963308
Cass,2017,12.614887813477011,12,4.087748598972255,280.6554169020373,146364.93857465114,-8.1,955.65,92908.0,-8.2,-13.5,1025.1,22.907657933306727,-7740.764999999999,0.17128921240019027,-0.5826294805963308
Cass,2018,15.41623708234143,12,4.596152980016125,337.1890297636459,146364.93857465114,-4.6,1082.2,92908.0,-8.1,-8.2,955.65,12.614887813477011,-4978.12,0.7799837293151594,-0.5826294805963308
Cass,2019,14.692966397240907,12,3.795554416994823,429.5206536643987,146364.93857465114,-15.0,1114.4,92908.0,-4.6,-8.1,1082.2,15.41623708234143,-16716.0,0.934862934725369,-0.5826294805963308
Cedar,2001,31.50928533480263,12,6.753018396093144,344.7695731588225,150695.90307701647,-6.0,983.3333333333333,188018.0,12.8,,870.5333333333333,11.806791768607031,-5900.0,0.30444364313847044,0.534857766842906
Cedar,2002,12.24314019503763,12,5.007395538113288,216.79332602693938,150695.90307701647,-13.9,972.6,188018.0,-6.0,12.8,983.3333333333333,31.50928533480263,-13519.140000000001,0.2528172413350678,0.534857766842906
Cedar,2003,8.409340368898896,12,4.509955638496529,139.69504781650153,150695.90307701647,-9.1,711.9666666666667,188018.0,-13.9,-6.0,972.6,12.24314019503763,-6478.8966666666665,-1.0008064720214818,0.534857766842906
Cedar,2004,22.081824001838605,12,6.97330029470524,281.5074687877997,150695.90307701647,-8.2,963.8333333333334,188018.0,-9.1,-13.9,711.9666666666667,8.409340368898896,-7903.433333333333,0.21065033551427587,0.534857766842906
Cedar,2005,10.721013364599521,12,6.319881188077484,150.0680163502575,150695.90307701647,19.7,580.1,188018.0,-8.2,-9.1,963.8333333333334,22.081824001838605,11427.97,-1.6350736941775774,0.534857766842906
Cedar,2006,11.355257877580785,12,6.194300478894539,149.41598994511756,150695.90307701647,1.6,868.9,188018.0,19.7,-8.2,580.1,10.721013364599521,1390.24,-0.2459707586971905,0.534857766842906
Cedar,2007,28.944697009985678,12,7.916508284529581,362.44391181885027,150695.90307701647,6.7,1092.0333333333333,188018.0,1.6,19.7,868.9,11.355257877580785,7316.623333333333,0.8272812092282147,0.534857766842906
Cedar,2008,33.75372188277127,9,5.915978765384508,539.7327087777559,150695.90307701647,9.5,1145.6666666666665,188018.0,6.7,1.6,1092.0333333333333,28.944697009985678,10883.833333333332,1.0852528878048464,0.534857766842906
Cedar,2009,20.306046295750637,9,6.007491337231046,334.06020595681116,150695.90307701647,-0.3,1297.6333333333334,188018.0,9.5,6.7,1145.6666666666665,33.75372188277127,-389.29,1.8161993655120365,0.534857766842906
Cedar,2010,28.763526996778182,12,5.919475918128309,467.8460409997138,150695.90307701647,11.3,1102.55,188018.0,-0.3,9.5,1297.6333333333334,20.306046295750637,12458.815,0.8778654631691266,0.534857766842906
Cedar,2011,21.62381901860903,12,5.457091082949081,301.96237657591746,150695.90307701647,30.6,893.75,188018.0,11.3,-0.3,1102.55,28.763526996778182,27348.75,-0.12644441539148538,0.534857766842906
Cedar,2012,5.18304586971465,12,3.4845518762756917,103.47831745456554,150695.90307701647,30.7,708.25,188018.0,30.6,11.3,893.75,21.62381901860903,21743.274999999998,-1.0186833161242133,0.534857766842906
Cedar,2013,29.790324206601603,12,5.2456093998003395,394.16091877112177,150695.90307701647,17.5,1055.1499999999999,188018.0,30.7,30.6,708.25,5.18304586971465,18465.124999999996,0.6498755769441596,0.534857766842906
Cedar,2014,21.674403975898425,12,5.192549309309534,363.1984650278541,150695.90307701647,4.5,1014.75,188018.0,17.5,30.7,1055.1499999999999,29.790324206601603,4566.375,0.455555083199674,0.534857766842906
Cedar,2015,27.10581337425881,12,7.107700652240527,317.6775696656353,150695.90307701647,13.9,1120.65,188018.0,4.5,17.5,1014.75,21.674403975898425,15577.035000000002,0.9649248922972263,0.534857766842906
Cedar,2016,34.418002344933186,12,8.097408355696574,443.3207859064778,150695.90307701647,10.9,1068.15,188018.0,13.9,4.5,1120.65,27.10581337425881,11642.835000000001,0.7124044486936241,0.534857766842906
Cedar,2017,23.939427826272734,12,5.70824184028035,334.16497200640663,150695.90307701647,14.9,854.15,188018.0,10.9,13.9,1068.15,34.418002344933186,12726.835,-0.316916978566774,0.534857766842906
Cedar,2018,30.60439545445635,12,5.333213836320865,585.3707614997027,150695.90307701647,6.9,1227.65,188018.0,14.9,10.9,854.15,23.939427826272734,8470.785000000002,1.479585605927425,0.534857766842906
Cedar,2019,27.485664780374297,12,4.898532834002995,525.7994239245972,150695.90307701647,16.6,1172.8,188018.0,6.9,14.9,1227.65,30.60439545445635,19468.48,1.215761866276804,0.534857766842906
Cerro Gordo,2001,25.907995541650013,12,5.325758905799915,353.8517120098282,148903.81436527905,-3.3,734.1,194675.0,6.1,,801.6,11.583506530174578,-2422.5299999999997,-0.8943470596070109,0.6130736495703057
Cerro Gordo,2002,10.633316374682302,12,6.096502261129935,153.83115970800296,148903.81436527905,-11.4,792.7199999999999,194675.0,-3.3,6.1,734.1,25.907995541650013,-9037.008,-0.6123899471490464,0.6130736495703057
Cerro Gordo,2003,14.549833718941994,12,5.379505188657991,160.15652913394916,148903.81436527905,-11.7,661.16,194675.0,-11.4,-3.3,792.7199999999999,10.633316374682302,-7735.571999999999,-1.2451821292536158,0.6130736495703057
Cerro Gordo,2004,21.906980366464996,12,5.607993701566326,307.3502365208761,148903.81436527905,-8.0,1061.22,194675.0,-11.7,-11.4,661.16,14.549833718941994,-8489.76,0.6790717501379483,0.6130736495703057
Cerro Gordo,2005,23.126268562157808,12,7.302294912007976,265.4940384420965,148903.81436527905,-6.1,1024.58,194675.0,-8.0,-11.7,1061.22,21.906980366464996,-6249.937999999999,0.502836530068691,0.6130736495703057
Cerro Gordo,2006,21.963921178771944,12,7.3971760777604665,211.2536413440892,148903.81436527905,-9.6,830.3,194675.0,-6.1,-8.0,1024.58,23.126268562157808,-7970.879999999999,-0.431633408660982,0.6130736495703057
Cerro Gordo,2007,30.886543671617247,12,7.9032732738268905,378.6599107607339,148903.81436527905,1.3,1089.0,194675.0,-9.6,-6.1,830.3,21.963921178771944,1415.7,0.81269113915334,0.6130736495703057
Cerro Gordo,2008,30.965996554367692,9,6.039059300283018,393.38886744918807,148903.81436527905,4.9,1068.84,194675.0,1.3,-9.6,1089.0,30.886543671617247,5237.316,0.7157232888095564,0.6130736495703057
Cerro Gordo,2009,18.193023105909752,9,6.068967899340827,265.4205902084188,148903.81436527905,-4.7,882.0,194675.0,4.9,1.3,1068.84,30.965996554367692,-4145.400000000001,-0.1829608956265773,0.6130736495703057
Cerro Gordo,2010,25.194535461674004,12,5.695147178665895,412.14381170001997,148903.81436527905,0.0,855.36,194675.0,-4.7,4.9,882.0,18.193023105909752,0.0,-0.31109698358086224,0.6130736495703057
Cerro Gordo,2011,19.951693220770313,12,4.93868079705044,291.4647904153008,148903.81436527905,17.7,644.86,194675.0,0.0,-4.7,855.36,25.194535461674004,11414.021999999999,-1.3235837146010196,0.6130736495703057
Cerro Gordo,2012,2.317876778137538,12,2.8635293989906465,59.81910659540785,148903.81436527905,31.2,583.82,194675.0,17.7,0.0,644.86,19.951693220770313,18215.184,-1.6171808170308077,0.6130736495703057
Cerro Gordo,2013,38.273322828387904,12,6.110558899591613,361.83655094285587,148903.81436527905,-3.1,1047.46,194675.0,31.2,17.7,583.82,2.317876778137538,-3247.126,0.612887344347747,0.6130736495703057
Cerro Gordo,2014,28.293865784959955,12,7.139664088332567,299.38916527466716,148903.81436527905,0.3,948.26,194675.0,-3.1,31.2,1047.46,38.273322828387904,284.478,0.13574395376722614,0.6130736495703057
Cerro Gordo,2015,25.562193971520458,12,7.963779706798495,293.7027054316303,148903.81436527905,-8.3,1004.68,194675.0,0.3,-3.1,948.26,28.293865784959955,-8338.844000000001,0.4071192571598971,0.6130736495703057
Cerro Gordo,2016,53.356363114523404,12,9.402035970740018,591.0971941499985,148903.81436527905,-7.6,1173.82,194675.0,-8.3,0.3,1004.68,25.562193971520458,-8921.032,1.2206679777525309,0.6130736495703057
Cerro Gordo,2017,26.233214642930008,12,6.23370877977074,339.3891604879398,148903.81436527905,-8.2,827.06,194675.0,-7.6,-8.3,1173.82,53.356363114523404,-6781.891999999999,-0.4472175274662329,0.6130736495703057
Cerro Gordo,2018,43.55315019575566,12,6.03812597099519,673.1680195298818,148903.81436527905,-7.2,1326.62,194675.0,-8.2,-7.6,827.06,26.233214642930008,-9551.663999999999,1.9556227164693005,0.6130736495703057
Cerro Gordo,2019,26.0020338201039,12,4.956808969065215,492.4537862678342,148903.81436527905,-13.3,1022.29,194675.0,-7.2,-8.2,1326.62,43.55315019575566,-13596.457,0.4918218288143626,0.6130736495703057
Cherokee,2001,10.799716437261145,12,4.9938807182757285,178.02717964064826,149435.4855672672,13.0,814.9,147132.0,30.0,,578.1333333333333,1.2921203341206022,10593.699999999999,-0.5057060721180385,0.05447101887948847
Cherokee,2002,3.9386739734051313,12,5.621953209861222,69.45345192201836,149435.4855672672,20.8,787.6,147132.0,13.0,30.0,814.9,10.799716437261145,16382.080000000002,-0.6370167027919115,0.05447101887948847
Cherokee,2003,8.788577602516321,12,5.53482264998312,106.93970388141514,149435.4855672672,17.5,779.0666666666667,147132.0,20.8,13.0,787.6,3.9386739734051313,13633.666666666668,-0.6780612955300206,0.05447101887948847
Cherokee,2004,11.215126317823108,12,6.651006847915838,163.3046240277222,149435.4855672672,16.5,889.5,147132.0,17.5,20.8,779.0666666666667,8.788577602516321,14676.75,-0.1468865465403484,0.05447101887948847
Cherokee,2005,12.351676024309555,12,7.916410278113013,137.73419710170626,149435.4855672672,21.9,802.8666666666667,147132.0,16.5,17.5,889.5,11.215126317823108,17582.78,-0.5635853610963878,0.05447101887948847
Cherokee,2006,11.827317115189967,12,6.614288457072322,136.96640837596524,149435.4855672672,37.6,701.5333333333333,147132.0,21.9,16.5,802.8666666666667,12.351676024309555,26377.653333333332,-1.050989899861436,0.05447101887948847
Cherokee,2007,18.21677490339693,12,6.731234826158224,259.1151885825395,149435.4855672672,49.0,1050.2333333333333,147132.0,37.6,21.9,701.5333333333333,11.827317115189967,51461.433333333334,0.6262268369876325,0.05447101887948847
Cherokee,2008,14.677568880250167,8,7.105180877119194,191.33547057511936,149435.4855672672,38.2,880.3333333333333,147132.0,49.0,37.6,1050.2333333333333,18.21677490339693,33628.73333333333,-0.19097741764573964,0.05447101887948847
Cherokee,2009,7.580588904228952,9,6.141145753935579,112.69507174798568,149435.4855672672,25.3,777.15,147132.0,38.2,49.0,880.3333333333333,14.677568880250167,19661.895,-0.6872802958520572,0.05447101887948847
Cherokee,2010,34.77746595455395,12,8.198720619010656,399.578153157904,149435.4855672672,14.8,1002.5999999999999,147132.0,25.3,38.2,777.15,7.580588904228952,14838.48,0.3971146376799828,0.05447101887948847
Cherokee,2011,24.38015587657387,12,7.133446129651117,282.0306874631165,149435.4855672672,27.9,569.55,147132.0,14.8,25.3,1002.5999999999999,34.77746595455395,15890.444999999998,-1.685818278558873,0.05447101887948847
Cherokee,2012,4.603252886746127,12,3.8809379406804108,80.90182537289424,149435.4855672672,35.5,662.85,147132.0,27.9,14.8,569.55,24.38015587657387,23531.175,-1.2370533759261853,0.05447101887948847
Cherokee,2013,10.201163812724383,12,4.996373895079309,114.38537048094467,149435.4855672672,14.3,782.15,147132.0,35.5,27.9,662.85,4.603252886746127,11184.745,-0.6632307297945713,0.05447101887948847
Cherokee,2014,8.63167913220839,12,5.202350442424636,148.85038157452195,149435.4855672672,13.9,912.65,147132.0,14.3,35.5,782.15,10.201163812724383,12685.835,-0.035537055694188684,0.05447101887948847
Cherokee,2015,20.298365734589336,12,8.554092271235554,218.7362269618775,149435.4855672672,7.3,1241.1,147132.0,13.9,14.3,912.65,8.63167913220839,9060.029999999999,1.5442789386220614,0.05447101887948847
Cherokee,2016,40.30682726054549,12,9.532947613677663,389.07336064123587,149435.4855672672,10.9,841.95,147132.0,7.3,13.9,1241.1,20.298365734589336,9177.255000000001,-0.3755979197470393,0.05447101887948847
Cherokee,2017,17.087757957625243,12,6.779532708500551,232.9114180138611,149435.4855672672,18.0,681.25,147132.0,10.9,7.3,841.95,40.30682726054549,12262.5,-1.1485509728346373,0.05447101887948847
Cherokee,2018,27.720734643868177,12,6.678503622588028,435.48752818184465,149435.4855672672,6.2,1021.8,147132.0,18.0,10.9,681.25,17.087757957625243,6335.16,0.4894649713407289,0.05447101887948847
Cherokee,2019,25.587199591765614,12,6.266494113442165,430.8748585045098,149435.4855672672,3.7,1008.9,147132.0,6.2,18.0,1021.8,27.720734643868177,3732.9300000000003,0.42741709091241537,0.05447101887948847
Chickasaw,2001,32.10792056658745,12,7.801617317797022,299.26302616617045,131027.14421104017,4.5,762.8,207386.0,19.4,,1041.0,18.587392938670437,3432.6,-0.756302550437042,0.7624205153278512
Chickasaw,2002,8.63530751336581,12,5.136200082636324,132.292711581971,131027.14421104017,-1.0,742.45,207386.0,4.5,19.4,762.8,32.10792056658745,-742.45,-0.8541842842910092,0.7624205153278512
Chickasaw,2003,8.685015826846934,12,4.2663752489171625,135.69775731861358,131027.14421104017,7.5,696.75,207386.0,-1.0,4.5,742.45,8.63530751336581,5225.625,-1.0739973180564308,0.7624205153278512
Chickasaw,2004,27.463523564535457,12,6.4808525586558785,339.506137497922,131027.14421104017,9.5,1116.45,207386.0,7.5,-1.0,696.75,8.685015826846934,10606.275,0.944723256808938,0.7624205153278512
Chickasaw,2005,13.061785908309801,12,6.263716971871355,205.00120065464804,131027.14421104017,17.5,1035.75,207386.0,9.5,7.5,1116.45,27.463523564535457,18125.625,0.5565632606411149,0.7624205153278512
Chickasaw,2006,20.525449439119114,12,7.158655138270896,214.53604191628594,131027.14421104017,16.4,785.85,207386.0,17.5,9.5,1035.75,13.061785908309801,12887.939999999999,-0.6454340509120315,0.7624205153278512
Chickasaw,2007,37.72434137071503,12,8.573127907060675,439.3867173029623,131027.14421104017,29.6,1215.0,207386.0,16.4,17.5,785.85,20.525449439119114,35964.0,1.4187402038019854,0.7624205153278512
Chickasaw,2008,46.39661335260659,12,6.709255363485796,525.7114694642534,131027.14421104017,36.0,1036.75,207386.0,29.6,16.4,1215.0,37.72434137071503,37323.0,0.5613731738526121,0.7624205153278512
Chickasaw,2009,17.25297174620719,9,6.65555266261946,222.9651478804136,131027.14421104017,17.9,955.6,207386.0,36.0,29.6,1036.75,46.39661335260659,17105.239999999998,0.17104871673961564,0.7624205153278512
Chickasaw,2010,41.83585838552941,12,8.700970479756863,456.52124264765405,131027.14421104017,18.0,974.55,207386.0,17.9,36.0,955.6,17.25297174620719,17541.899999999998,0.262196572097487,0.7624205153278512
Chickasaw,2011,25.41522334287295,12,6.500216351804035,333.59047519722833,131027.14421104017,33.1,776.15,207386.0,18.0,17.9,974.55,41.83585838552941,25690.565,-0.6920902090635545,0.7624205153278512
Chickasaw,2012,7.62459539034165,12,4.571330598980613,118.11763456026176,131027.14421104017,55.9,677.3,207386.0,33.1,18.0,776.15,25.41522334287295,37861.07,-1.1675501300200513,0.7624205153278512
Chickasaw,2013,40.66734951235743,12,6.214534370660157,436.6480136575567,131027.14421104017,29.0,927.0,207386.0,55.9,33.1,677.3,7.62459539034165,26883.0,0.03348519889079603,0.7624205153278512
Chickasaw,2014,26.033126888628402,12,6.51052540543547,341.6749499332138,131027.14421104017,29.3,990.8,207386.0,29.0,55.9,927.0,40.66734951235743,29030.44,0.3403576617843162,0.7624205153278512
Chickasaw,2015,24.762280343430028,12,6.973638228863112,266.73789960099816,131027.14421104017,11.8,886.1500000000001,207386.0,29.3,29.0,990.8,26.033126888628402,10456.570000000002,-0.16299975579886353,0.7624205153278512
Chickasaw,2016,51.455678004982616,12,9.398504037990715,594.1202825754685,131027.14421104017,12.0,1446.35,207386.0,11.8,29.3,886.1500000000001,24.762280343430028,17356.199999999997,2.5315136252818586,0.7624205153278512
Chickasaw,2017,37.53197560992123,12,6.886156974176328,457.36928186373393,131027.14421104017,20.7,1157.55,207386.0,12.0,11.8,1446.35,51.455678004982616,23961.285,1.1424106898014719,0.7624205153278512
Chickasaw,2018,41.73158135132602,12,5.891488870842284,722.0537784893295,131027.14421104017,16.7,1617.35,207386.0,20.7,12.0,1157.55,37.53197560992123,27009.745,3.354008784447877,0.7624205153278512
Chickasaw,2019,32.49808192884145,12,5.155625646413711,604.4946449861595,131027.14421104017,9.9,1182.0,207386.0,16.7,20.7,1617.35,41.73158135132602,11701.800000000001,1.2600130678225783,0.7624205153278512
Clarke,2001,10.542292348047132,12,3.723111787000395,225.12629788759796,111802.62096805123,41.4,1034.9,7461.0,20.4,,737.3,1.0071380675815542,42844.86,0.5524748344113427,-1.586582091593497
Clarke,2002,2.2259436955474663,12,2.7517279607369667,68.44839869591492,111802.62096805123,25.2,633.8000000000001,7461.0,41.4,20.4,1034.9,10.542292348047132,15971.760000000002,-1.3767813547201784,-1.586582091593497
Clarke,2003,5.224105979410666,12,3.2188000175207825,105.20508412950474,111802.62096805123,19.4,805.1,7461.0,25.2,41.4,633.8000000000001,2.2259436955474663,15618.939999999999,-0.5528432215907108,-1.586582091593497
Clarke,2004,7.021021312489524,12,2.5616780532622023,214.37911636874063,111802.62096805123,18.2,897.3,7461.0,19.4,25.2,805.1,5.224105979410666,16330.859999999999,-0.10936922349067058,-1.586582091593497
Clarke,2005,5.8034653672952015,12,3.4255437340912724,158.4294552638903,111802.62096805123,23.3,720.1,7461.0,18.2,19.4,897.3,7.021021312489524,16778.33,-0.9616858445679715,-1.586582091593497
Clarke,2006,2.5761570795901885,12,3.2299084523159034,76.304711176989,111802.62096805123,26.8,972.1,7461.0,23.3,18.2,720.1,5.8034653672952015,26052.280000000002,0.2504122847293192,-1.586582091593497
Clarke,2007,13.757072611951532,12,3.796779361526475,362.9908758245345,111802.62096805123,29.6,1182.5,7461.0,26.8,23.3,972.1,2.5761570795901885,35002.0,1.2624180244283267,-1.586582091593497
Clarke,2008,12.596617093989494,9,2.212273657132572,521.2382533718171,111802.62096805123,41.5,1272.5,7461.0,29.6,26.8,1182.5,13.757072611951532,52808.75,1.6953102134630735,-1.586582091593497
Clarke,2009,7.356160017667343,9,2.37933193930967,274.90334956016295,111802.62096805123,27.8,1145.0,7461.0,41.5,29.6,1272.5,12.596617093989494,31831.0,1.0820462789971823,-1.586582091593497
Clarke,2010,17.03446671133703,12,2.456542696542122,633.5995877087008,111802.62096805123,36.8,1254.3,7461.0,27.8,41.5,1145.0,7.356160017667343,46158.24,1.6077697930138244,-1.586582091593497
Clarke,2011,10.618052091658498,12,2.3935496221183383,311.10639192654935,111802.62096805123,105.2,1125.4,7461.0,36.8,27.8,1254.3,17.03446671133703,118392.08000000002,0.987771980051838,-1.586582091593497
Clarke,2012,2.232829908905889,12,2.452753897177752,87.67599473918736,111802.62096805123,132.5,811.0,7461.0,105.2,36.8,1125.4,10.618052091658498,107457.5,-0.5244647336428774,-1.586582091593497
Clarke,2013,7.7809939881222725,12,2.6459875878768426,204.96644233913557,111802.62096805123,123.2,807.9,7461.0,132.5,105.2,811.0,2.232829908905889,99533.28,-0.5393754645985188,-1.586582091593497
Clarke,2014,8.48265175456848,12,2.2529925511431075,338.4760969135484,111802.62096805123,124.4,1184.6000000000001,7461.0,123.2,132.5,807.9,7.7809939881222725,147364.24000000002,1.2725188421724716,-1.586582091593497
Clarke,2015,9.26390602017291,12,1.7851729920791588,419.4729361161358,111802.62096805123,61.7,1119.9,7461.0,124.4,123.2,1184.6000000000001,8.48265175456848,69097.83,0.9613174573886034,-1.586582091593497
Clarke,2016,4.8673734261745984,12,1.7435251745413052,249.29660413121272,111802.62096805123,68.7,856.7,7461.0,61.7,124.4,1119.9,9.26390602017291,58855.29000000001,-0.30465169987745583,-1.586582091593497
Clarke,2017,4.485879730803181,12,1.745533613511971,179.87026887063527,111802.62096805123,76.9,741.4,7461.0,68.7,61.7,856.7,4.8673734261745984,57013.66,-0.8592346931630817,-1.586582091593497
Clarke,2018,7.202346703955876,12,1.8787856740225164,338.3577861726096,111802.62096805123,92.8,1098.9,7461.0,76.9,68.7,741.4,4.485879730803181,101977.92,0.8603092799471626,-1.586582091593497
Clarke,2019,6.582698528901722,12,1.6768998030749769,409.61087031236804,111802.62096805123,111.9,1026.5,7461.0,92.8,76.9,1098.9,7.202346703955876,114865.35,0.5120715634347659,-1.586582091593497
Clay,2001,12.210807330012845,12,4.512584196404167,198.2404000259733,148300.7240357765,13.7,735.0166666666667,207969.0,19.4,,693.4666666666667,1.3948549844994593,10069.728333333333,-0.8899379724964719,0.7692704266437703
Clay,2002,3.3186246564875477,12,5.128316812828526,62.70468688722344,148300.7240357765,14.6,650.3285714285714,207969.0,13.7,19.4,735.0166666666667,12.210807330012845,9494.797142857142,-1.297280360638718,0.7692704266437703
Clay,2003,6.695215794981739,12,4.669676813651498,92.1978571866182,148300.7240357765,11.2,626.6,207969.0,14.6,13.7,650.3285714285714,3.3186246564875477,7017.92,-1.4114127298429582,0.7692704266437703
Clay,2004,9.242373554735668,12,5.731448838314442,163.0132215700455,148300.7240357765,7.4,995.9142857142857,207969.0,11.2,14.6,626.6,6.695215794981739,7369.765714285714,0.3649569322088306,0.7692704266437703
Clay,2005,12.983503919078172,12,7.5625964887178325,147.0533071778902,148300.7240357765,17.0,788.5571428571429,207969.0,7.4,11.2,995.9142857142857,9.242373554735668,13405.471428571429,-0.6324129287180495,0.7692704266437703
Clay,2006,12.56493238624385,12,6.284514666614693,153.76947788995807,148300.7240357765,24.4,669.3857142857142,207969.0,17.0,7.4,788.5571428571429,12.983503919078172,16333.011428571426,-1.2056171574367576,0.7692704266437703
Clay,2007,15.39393864529668,12,5.674778960879288,258.4971464094145,148300.7240357765,33.5,881.8428571428572,207969.0,24.4,17.0,669.3857142857142,12.56493238624385,29541.735714285714,-0.18371673913124106,0.7692704266437703
Clay,2008,15.711955492295102,12,7.185362816055155,206.03227111887955,148300.7240357765,35.8,711.0,207969.0,33.5,24.4,881.8428571428572,15.39393864529668,25453.8,-1.005456054792596,0.7692704266437703
Clay,2009,10.106421381825493,12,6.459489211649818,143.9414951511122,148300.7240357765,16.8,728.3,207969.0,35.8,33.5,711.0,15.711955492295102,12235.44,-0.9222445562336948,0.7692704266437703
Clay,2010,32.64946741130049,12,7.554409559171723,398.8028597476362,148300.7240357765,6.9,1046.6285714285714,207969.0,16.8,35.8,728.3,10.106421381825493,7221.737142857143,0.6088882450776162,0.7692704266437703
Clay,2011,24.663048381970462,12,6.421973803668902,300.1151977452098,148300.7240357765,13.8,701.8142857142857,207969.0,6.9,16.8,1046.6285714285714,32.64946741130049,9685.037142857143,-1.0496385432924915,0.7692704266437703
Clay,2012,4.958003012864216,12,3.227641684123771,85.70865476868408,148300.7240357765,15.4,690.2428571428571,207969.0,13.8,6.9,701.8142857142857,24.663048381970462,10629.74,-1.105296110454102,0.7692704266437703
Clay,2013,9.755452804764865,12,4.386369080045495,109.35372357269799,148300.7240357765,11.1,751.2761904761904,207969.0,15.4,13.8,690.2428571428571,4.958003012864216,8339.165714285713,-0.8117310741123904,0.7692704266437703
Clay,2014,7.244623502753414,12,4.422205879480331,135.94725014493784,148300.7240357765,4.3,850.4833333333332,207969.0,11.1,15.4,751.2761904761904,9.755452804764865,3657.078333333333,-0.3345533270089307,0.7692704266437703
Clay,2015,15.7308543479926,12,7.684741689112666,179.2412117778989,148300.7240357765,-1.6,845.0333333333333,207969.0,4.3,11.1,850.4833333333332,7.244623502753414,-1352.0533333333333,-0.36076735401159005,0.7692704266437703
Clay,2016,37.53947920494298,12,9.033738635971481,378.9103247774783,148300.7240357765,3.6,1036.8866666666665,207969.0,-1.6,4.3,845.0333333333333,15.7308543479926,3732.7919999999995,0.5620305286581828,0.7692704266437703
Clay,2017,15.659694874057385,12,6.0415747322505595,230.81019597701408,148300.7240357765,9.9,778.66,207969.0,3.6,-1.6,1036.8866666666665,37.53947920494298,7708.734,-0.6800173269026966,0.7692704266437703
Clay,2018,27.093475901757103,12,5.973359083784118,477.06494704241135,148300.7240357765,16.6,1017.4,207969.0,9.9,3.6,778.66,15.659694874057385,16888.84,0.46830135321014144,0.7692704266437703
Clay,2019,23.081232346311072,12,5.459100732968409,441.7984447963164,148300.7240357765,3.0,917.95,207969.0,16.6,9.9,1017.4,27.093475901757103,2753.8500000000004,-0.010044515673253275,0.7692704266437703
Clayton,2001,20.130317051405875,12,6.745081867121546,253.4873854848658,205878.4216964073,27.2,1044.6,95712.0,25.7,,944.4000000000001,13.628265431022207,28413.119999999995,0.5991309925628645,-0.5496841095331448
Clayton,2002,8.204957898555579,12,5.0354623575141195,160.28511725159103,205878.4216964073,0.1,895.52,95712.0,27.2,25.7,1044.6,20.130317051405875,89.552,-0.11793086900713544,-0.5496841095331448
Clayton,2003,6.572025970876528,12,4.446471638484611,124.01501498763832,205878.4216964073,5.1,945.26,95712.0,0.1,27.2,895.52,8.204957898555579,4820.826,0.12131421413273458,-0.5496841095331448
Clayton,2004,20.87127583494265,12,5.490547645741159,354.04651485004985,205878.4216964073,5.0,1022.3799999999999,95712.0,5.1,0.1,945.26,6.572025970876528,5111.9,0.49225472100339696,-0.5496841095331448
Clayton,2005,8.759406648907573,12,5.07061847496474,180.29499381188566,205878.4216964073,5.2,727.1,95712.0,5.0,5.1,1022.3799999999999,20.87127583494265,3780.92,-0.9280164520874912,-0.5496841095331448
Clayton,2006,15.455691552160527,12,6.815806970111601,195.10966375232587,205878.4216964073,6.0,808.06,95712.0,5.2,5.0,727.1,8.759406648907573,4848.36,-0.5386058784846794,-0.5496841095331448
Clayton,2007,35.191872427239794,12,8.430810898022418,421.4690948670187,205878.4216964073,-8.9,1154.86,95712.0,6.0,5.2,808.06,15.455691552160527,-10278.253999999999,1.1294720232625441,-0.5496841095331448
Clayton,2008,36.74402428789687,12,6.3246902283149495,524.2201666296826,205878.4216964073,9.3,1171.08,95712.0,-8.9,6.0,1154.86,35.191872427239794,10891.044,1.2074888155530286,-0.5496841095331448
Clayton,2009,14.124481116774367,11,5.515154999835934,254.72647341403288,205878.4216964073,-1.9,996.98,95712.0,9.3,-8.9,1171.08,36.74402428789687,-1894.262,0.3700829254313691,-0.5496841095331448
Clayton,2010,22.577588597475344,12,5.7557005401246535,394.1091754241708,205878.4216964073,10.6,1131.74,95712.0,-1.9,9.3,996.98,14.124481116774367,11996.444,1.0182668298127298,-0.5496841095331448
Clayton,2011,20.489163000224583,12,6.114396986154844,327.97978665224,205878.4216964073,27.0,991.8399999999999,95712.0,10.6,-1.9,1131.74,22.577588597475344,26779.679999999997,0.3453599715242731,-0.5496841095331448
Clayton,2012,8.8892508729949,12,5.37741707779015,141.90565014548818,205878.4216964073,38.9,681.22,95712.0,27.0,10.6,991.8399999999999,20.489163000224583,26499.458,-1.148695270230982,-0.5496841095331448
Clayton,2013,34.45481065532335,12,6.448442047976678,416.92347911752597,205878.4216964073,25.0,974.46,95712.0,38.9,27.0,681.22,8.8892508729949,24361.5,0.2617636799084526,-0.5496841095331448
Clayton,2014,25.437140256542616,12,6.443606404261792,346.2229919226159,205878.4216964073,20.7,812.94,95712.0,25.0,38.9,974.46,34.45481065532335,16827.858,-0.5151335020125726,-0.5496841095331448
Clayton,2015,18.405223560308652,12,6.058694247826633,246.09454849610398,205878.4216964073,20.7,806.76,95712.0,20.7,25.0,812.94,25.437140256542616,16699.932,-0.5448587656596255,-0.5496841095331448
Clayton,2016,40.51664780934607,12,7.702864281384559,545.0010713083637,205878.4216964073,16.8,953.3199999999999,95712.0,20.7,20.7,806.76,18.405223560308652,16015.776,0.16008211461740163,-0.5496841095331448
Clayton,2017,33.46150163287112,12,6.471797158515819,479.38640223491495,205878.4216964073,17.9,872.04,95712.0,16.8,20.7,953.3199999999999,40.51664780934607,15609.515999999998,-0.23086763121308942,-0.5496841095331448
Clayton,2018,37.266196421404516,12,5.76184093470611,666.3251768229344,205878.4216964073,20.0,1369.3333333333333,95712.0,17.9,16.8,872.04,33.46150163287112,27386.666666666664,2.1610701427763837,-0.5496841095331448
Clayton,2019,32.39299830922424,12,5.186812675786713,625.9204241446274,205878.4216964073,21.3,1265.0,95712.0,20.0,17.9,1369.3333333333333,37.266196421404516,26944.5,1.6592358643768446,-0.5496841095331448
Clinton,2001,27.3412808899432,12,6.866274474428253,334.2548394444471,183907.53209633485,-18.4,940.25,187346.0,-1.3,,906.95,17.981078621942576,-17300.6,0.09721654894313372,0.5269621572300454
Clinton,2002,17.798267518861763,12,5.916357239428224,256.5202558659093,183907.53209633485,-19.4,786.55,187346.0,-18.4,-1.3,940.25,27.3412808899432,-15259.069999999998,-0.6420671116639838,0.5269621572300454
Clinton,2003,8.952542975729148,12,4.831281100884694,163.66166048588744,183907.53209633485,-22.3,674.45,187346.0,-19.4,-18.4,786.55,17.798267518861763,-15040.235000000002,-1.1812583826728178,0.5269621572300454
Clinton,2004,23.06631952309213,12,5.996543064434501,320.59964762075197,183907.53209633485,-13.2,905.3,187346.0,-22.3,-19.4,674.45,8.952542975729148,-11949.96,-0.07088991779869311,0.5269621572300454
Clinton,2005,8.531573980168773,12,5.068031350366513,152.0183526924522,183907.53209633485,14.1,563.25,187346.0,-13.2,-22.3,905.3,23.06631952309213,7941.825,-1.716120731791305,0.5269621572300454
Clinton,2006,17.105951450685687,12,7.084983700357462,195.09732301895707,183907.53209633485,-5.7,885.1,187346.0,14.1,-13.2,563.25,8.531573980168773,-5045.070000000001,-0.16805016467093592,0.5269621572300454
Clinton,2007,31.919193052702074,12,8.240350598652622,412.21690116331814,183907.53209633485,-9.4,1053.45,187346.0,-5.7,14.1,885.1,17.105951450685687,-9902.43,0.6416987244846153,0.5269621572300454
Clinton,2008,41.34478699563192,12,6.485112268248581,613.7773746677994,183907.53209633485,-1.1,976.85,187346.0,-9.4,-5.7,1053.45,31.919193052702074,-1074.535,0.2732593724839308,0.5269621572300454
Clinton,2009,22.964088296696595,11,5.5498448477464954,412.3351595950693,183907.53209633485,-21.7,1159.25,187346.0,-1.1,-9.4,976.85,41.34478699563192,-25155.725,1.1505875422610172,0.5269621572300454
Clinton,2010,33.76639799259057,12,6.13350520448961,522.3767553210687,183907.53209633485,2.7,1015.3,187346.0,-21.7,-1.1,1159.25,22.964088296696595,2741.31,0.45820053546599726,0.5269621572300454
Clinton,2011,24.996143203044664,12,6.555767865510184,342.426861337321,183907.53209633485,17.1,981.65,187346.0,2.7,-21.7,1015.3,33.76639799259057,16786.215,0.2963469558991171,0.5269621572300454
Clinton,2012,10.203849932445902,12,5.1959925143693635,155.19997407265487,183907.53209633485,27.8,617.55,187346.0,17.1,2.7,981.65,24.996143203044664,17167.89,-1.454942444407008,0.5269621572300454
Clinton,2013,31.102483836923668,12,5.4326007388051245,414.8531416625325,183907.53209633485,-2.9,852.1,187346.0,27.8,17.1,617.55,10.203849932445902,-2471.09,-0.326777300650343,0.5269621572300454
Clinton,2014,22.52221130442433,12,5.220199163359317,334.78590453914165,183907.53209633485,-12.6,919.1999999999999,187346.0,-2.9,27.8,852.1,31.102483836923668,-11581.919999999998,-0.00403212415888234,0.5269621572300454
Clinton,2015,23.831512289993935,12,6.169742042187366,293.9291982758547,183907.53209633485,-4.6,1224.4,187346.0,-12.6,-2.9,919.1999999999999,22.52221130442433,-5632.24,1.4639533879900593,0.5269621572300454
Clinton,2016,33.2352579746506,12,7.584208682227275,457.44223448965727,183907.53209633485,-10.0,1084.1,187346.0,-4.6,-12.6,1224.4,23.831512289993935,-10841.0,0.7891225644170033,0.5269621572300454
Clinton,2017,27.966064558298214,12,6.569254489723168,373.44005987772135,183907.53209633485,-7.1,977.8,187346.0,-10.0,-4.6,1084.1,33.2352579746506,-6942.379999999999,0.2778287900348528,0.5269621572300454
Clinton,2018,32.13273345858234,12,5.58842821282767,586.3547454497594,183907.53209633485,-13.5,1177.6,187346.0,-7.1,-10.0,977.8,27.966064558298214,-15897.599999999999,1.2388494496919902,0.5269621572300454
Clinton,2019,28.57649521529791,12,5.1035727144741445,538.6883951104207,183907.53209633485,-6.3,1241.95,187346.0,-13.5,-7.1,1177.6,32.13273345858234,-7824.285,1.5483673648518346,0.5269621572300454
Crawford,2001,8.052302600504497,12,5.441578428950577,141.13836254638673,185210.9238362217,8.8,816.25,75225.0,16.8,,551.5,2.0580526673477944,7183.000000000001,-0.4992126892825172,-0.7903944579537909
Crawford,2002,4.285748594093982,12,5.918805737652108,76.30137986255177,185210.9238362217,1.0,737.45,75225.0,8.8,16.8,816.25,8.052302600504497,737.45,-0.8782338503484951,-0.7903944579537909
Crawford,2003,6.976689277049631,12,5.941989386739973,106.40207110678321,185210.9238362217,7.0,711.4,75225.0,1.0,8.8,737.45,4.285748594093982,4979.8,-1.003532089507997,-0.7903944579537909
Crawford,2004,9.816061117892252,12,7.054879804772174,122.66797969750536,185210.9238362217,4.0,772.95,75225.0,7.0,1.0,711.4,6.976689277049631,3091.8,-0.7074819313403451,-0.7903944579537909
Crawford,2005,6.495222043642581,12,6.420708464089318,93.93387377337987,185210.9238362217,16.4,688.6999999999999,75225.0,4.0,7.0,772.95,9.816061117892252,11294.679999999998,-1.1127171194089835,-0.7903944579537909
Crawford,2006,3.4541247395220007,12,5.598936823173905,60.317432988556696,185210.9238362217,28.8,862.6,75225.0,16.4,4.0,688.6999999999999,6.495222043642581,24842.88,-0.27627321192962256,-0.7903944579537909
Crawford,2007,25.954148040240483,12,8.677313464278585,273.26292969859384,185210.9238362217,31.2,995.8000000000001,75225.0,28.8,16.4,862.6,3.4541247395220007,31068.960000000003,0.3644072278418027,-0.7903944579537909
Crawford,2008,17.906184848549422,8,7.418696766239807,261.6527690949018,185210.9238362217,22.6,1039.95,75225.0,31.2,28.8,995.8000000000001,25.954148040240483,23502.870000000003,0.5767648961294033,-0.7903944579537909
Crawford,2009,8.862141989743414,9,6.121002958661193,145.1286535141201,185210.9238362217,12.0,827.35,75225.0,22.6,31.2,1039.95,17.906184848549422,9928.2,-0.44582265263489834,-0.7903944579537909
Crawford,2010,24.814082755796356,12,7.246646510507726,357.0410155517214,185210.9238362217,8.2,970.5999999999999,75225.0,12.0,22.6,827.35,8.862141989743414,7958.919999999998,0.24319741491207286,-0.7903944579537909
Crawford,2011,15.737497704035412,12,7.322864455304632,207.60196714442353,185210.9238362217,29.3,630.4499999999999,75225.0,8.2,12.0,970.5999999999999,24.814082755796356,18472.184999999998,-1.3928945639786945,-0.7903944579537909
Crawford,2012,3.371144802291134,12,4.830495268525061,64.48680927960403,185210.9238362217,49.4,618.6,75225.0,29.3,8.2,630.4499999999999,15.737497704035412,30558.84,-1.4498920355349356,-0.7903944579537909
Crawford,2013,10.731770206401615,12,6.999359034973281,103.78319976100134,185210.9238362217,32.0,725.05,75225.0,49.4,29.3,618.6,3.371144802291134,23201.6,-0.9378767741710606,-0.7903944579537909
Crawford,2014,20.053891695959827,12,9.066826131949043,229.67893532684744,185210.9238362217,14.3,1176.0,75225.0,32.0,49.4,725.05,10.731770206401615,16816.8,1.2311535885535951,-0.7903944579537909
Crawford,2015,37.90482556515044,12,9.827673551712856,386.8310574022556,185210.9238362217,11.2,1282.85,75225.0,14.3,32.0,1176.0,20.053891695959827,14367.919999999998,1.7450928152020688,-0.7903944579537909
Crawford,2016,35.94101391682339,12,9.27211659603594,372.18692770207576,185210.9238362217,10.4,901.25,75225.0,11.2,14.3,1282.85,37.90482556515044,9373.0,-0.09037006630525649,-0.7903944579537909
Crawford,2017,20.240903432342623,12,7.64579658085579,261.1337993218944,185210.9238362217,14.5,1020.15,75225.0,10.4,11.2,901.25,35.94101391682339,14792.175,0.4815286145417587,-0.7903944579537909
Crawford,2018,22.959600602259272,12,7.749761743564025,305.1235068798104,185210.9238362217,11.1,1065.65,75225.0,14.5,10.4,1020.15,20.240903432342623,11828.715,0.7003796656648812,-0.7903944579537909
Crawford,2019,24.018138094373732,12,7.375009581246118,354.48610032695814,185210.9238362217,3.6,959.4,75225.0,11.1,14.5,1065.65,22.959600602259272,3453.84,0.18932638694330473,-0.7903944579537909
Dallas,2001,18.092485751941286,12,7.406001528941176,204.9099949969107,153223.11959740624,-6.7,788.2333333333333,189990.0,-3.0,,575.1333333333333,2.7106253971088186,-5281.163333333334,-0.6339704244246299,0.5580276212425503
Dallas,2002,11.375626643338766,12,9.224471309481972,110.24319652746678,153223.11959740624,-18.1,681.5333333333333,189990.0,-6.7,-3.0,788.2333333333333,18.092485751941286,-12335.753333333334,-1.1471881640913797,0.5580276212425503
Dallas,2003,18.290400548016997,12,8.439045347745255,162.41392861101372,153223.11959740624,-15.9,882.1999999999999,189990.0,-18.1,-6.7,681.5333333333333,11.375626643338766,-14026.98,-0.18199891298427817,0.5580276212425503
Dallas,2004,21.769967772778735,12,8.81124330836552,206.08487851246025,153223.11959740624,-17.7,865.025,189990.0,-15.9,-18.1,882.1999999999999,18.290400548016997,-15310.9425,-0.26460917239174214,0.5580276212425503
Dallas,2005,14.425594020105079,12,7.475347335598208,151.07393864541353,153223.11959740624,-7.8,749.875,189990.0,-17.7,-15.9,865.025,21.769967772778735,-5849.025,-0.8184706786956428,0.5580276212425503
Dallas,2006,12.443023082191276,12,8.74791235212492,130.14381369289453,153223.11959740624,-11.5,825.9,189990.0,-7.8,-17.7,749.875,14.425594020105079,-9497.85,-0.45279702679156947,0.5580276212425503
Dallas,2007,36.63914277467657,12,9.480910485228268,367.79992650992403,153223.11959740624,-8.5,1184.55,189990.0,-11.5,-7.8,825.9,12.443023082191276,-10068.675,1.2722783465118959,0.5580276212425503
Dallas,2008,33.49545487451684,12,8.356242415683637,389.3255639694935,153223.11959740624,-5.2,1144.0,189990.0,-8.5,-11.5,1184.55,36.63914277467657,-5948.8,1.0772363657856852,0.5580276212425503
Dallas,2009,20.640084888784873,12,8.053072779818919,244.37966959887274,153223.11959740624,-16.1,985.7,189990.0,-5.2,-8.5,1144.0,33.49545487451684,-15869.770000000002,0.315827104405681,0.5580276212425503
Dallas,2010,37.44870764637163,12,6.939973068777807,547.727151822768,153223.11959740624,-9.1,1224.1399999999999,189990.0,-16.1,-5.2,985.7,20.640084888784873,-11139.673999999999,1.462702810555069,0.5580276212425503
Dallas,2011,16.606761769114136,12,6.1368857478176935,219.83540038873957,153223.11959740624,-4.0,769.88,189990.0,-9.1,-16.1,1224.1399999999999,37.44870764637163,-3079.52,-0.7222483648996417,0.5580276212425503
Dallas,2012,3.7749314180923053,12,5.738298152030391,56.55630858139973,153223.11959740624,15.6,564.12,189990.0,-4.0,-9.1,769.88,16.606761769114136,8800.271999999999,-1.7119361072973025,0.5580276212425503
Dallas,2013,37.908252783884855,12,10.419450619664255,196.01140960662633,153223.11959740624,3.6,826.52,189990.0,15.6,-4.0,564.12,3.7749314180923053,2975.472,-0.4498148806004412,0.5580276212425503
Dallas,2014,29.99109968047275,12,10.692923130433847,242.41408024221974,153223.11959740624,-19.0,1087.465,189990.0,3.6,15.6,826.52,37.908252783884855,-20661.835,0.8053079223736914,0.5580276212425503
Dallas,2015,70.19929413731089,12,14.781859430393764,452.21122784650055,153223.11959740624,-13.0,1290.2749999999999,189990.0,-19.0,3.6,1087.465,29.99109968047275,-16773.574999999997,1.7808064207974352,0.5580276212425503
Dallas,2016,42.59879873922447,12,10.753848115098371,373.5416220247197,153223.11959740624,-17.8,841.2916666666666,189990.0,-13.0,-19.0,1290.2749999999999,70.19929413731089,-14974.991666666667,-0.37876444594460873,0.5580276212425503
Dallas,2017,23.777355595798994,12,7.833343973777429,240.30938155964617,153223.11959740624,-5.1,838.9000000000001,189990.0,-17.8,-13.0,841.2916666666666,42.59879873922447,-4278.39,-0.39026815504210555,0.5580276212425503
Dallas,2018,39.63188726231367,12,8.523370736868928,432.48960145592724,153223.11959740624,-8.5,1044.8999999999999,189990.0,-5.1,-17.8,838.9000000000001,23.777355595798994,-8881.65,0.6005739665263135,0.5580276212425503
Dallas,2019,31.789406870198306,12,7.339440817159672,432.8471014371293,153223.11959740624,-16.4,1032.0,189990.0,-8.5,-5.1,1044.8999999999999,39.63188726231367,-16924.8,0.5385260860980005,0.5580276212425503
Davis,2001,10.902767520831212,12,3.557237314277295,293.9346492093645,130731.68373387918,12.0,1181.2,12454.0,4.3,,781.4,1.0488009430972123,14174.400000000001,1.2561651372533806,-1.5279172421931804
Davis,2002,3.6521254374108336,12,3.708199547429364,128.4369983818581,130731.68373387918,-12.2,780.6999999999999,12454.0,12.0,4.3,1181.2,10.902767520831212,-9524.539999999999,-0.6702051039512424,-1.5279172421931804
Davis,2003,4.35106890588835,12,4.425828634334329,86.69909285292644,130731.68373387918,-4.2,865.8,12454.0,-12.2,12.0,780.6999999999999,3.6521254374108336,-3636.36,-0.2608814896528319,-1.5279172421931804
Davis,2004,9.304695373862783,12,3.8407390329278996,206.5317526912326,130731.68373387918,-5.5,1122.0,12454.0,-4.2,-12.2,865.8,4.35106890588835,-6171.0,0.9714182751327471,-1.5279172421931804
Davis,2005,6.761493715235572,12,4.2653217525326435,135.86371348101312,130731.68373387918,10.2,760.0999999999999,12454.0,-5.5,-4.2,1122.0,9.304695373862783,7753.019999999999,-0.7692893161080846,-1.5279172421931804
Davis,2006,2.9857893795344084,12,4.1401275315306405,58.20503715485094,130731.68373387918,0.1,810.3,12454.0,10.2,-5.5,760.0999999999999,6.761493715235572,81.03,-0.5278316728909257,-1.5279172421931804
Davis,2007,18.669285925842793,12,5.068961581320722,373.12622100709484,130731.68373387918,-8.6,1188.9,12454.0,0.1,10.2,810.3,2.9857893795344084,-10224.54,1.2932014689819091,-1.5279172421931804
Davis,2008,22.203065976345524,9,3.515401359167045,589.3520510594957,130731.68373387918,12.8,1317.6,12454.0,-8.6,0.1,1188.9,18.669285925842793,16865.28,1.9122372993015961,-1.5279172421931804
Davis,2009,11.671985383932032,9,3.2036688044140718,356.8705054782906,130731.68373387918,-0.1,1364.0,12454.0,12.8,-8.6,1317.6,22.203065976345524,-136.4,2.135417272315066,-1.5279172421931804
Davis,2010,20.82961268962006,12,3.4462265921394226,678.9557089585177,130731.68373387918,14.8,1391.3999999999999,12454.0,-0.1,12.8,1364.0,11.671985383932032,20592.719999999998,2.267208894310088,-1.5279172421931804
Davis,2011,23.293005299555208,12,4.702798400998568,371.15117423660666,130731.68373387918,72.3,1110.7,12454.0,14.8,-0.1,1391.3999999999999,20.82961268962006,80303.61,0.9170662558428291,-1.5279172421931804
Davis,2012,1.30717676842016,12,2.269428428343644,53.286823897281764,130731.68373387918,101.8,621.9,12454.0,72.3,14.8,1110.7,23.293005299555208,63309.42,-1.4340193219369952,-1.5279172421931804
Davis,2013,8.183882934530375,12,3.5100163702109044,266.64026382131686,130731.68373387918,69.3,914.1999999999999,12454.0,101.8,72.3,621.9,1.30717676842016,63354.05999999999,-0.028081690216368266,-1.5279172421931804
Davis,2014,6.062805710793464,12,2.867297437251382,225.31557712706433,130731.68373387918,76.5,935.8000000000001,12454.0,69.3,101.8,914.1999999999999,8.183882934530375,71588.70000000001,0.07581243515197159,-1.5279172421931804
Davis,2015,23.89983029238122,12,4.920130595276304,459.07075245319635,130731.68373387918,29.4,1272.7,12454.0,76.5,69.3,935.8000000000001,6.062805710793464,37417.38,1.696272196105373,-1.5279172421931804
Davis,2016,10.262032595611236,12,5.503485983470597,194.30815630116075,130731.68373387918,23.8,715.7,12454.0,29.4,76.5,1272.7,23.89983029238122,17033.66,-0.9828494626985589,-1.5279172421931804
Davis,2017,5.901743220568736,12,3.6553427414188384,141.06746079478498,130731.68373387918,44.1,746.7,12454.0,23.8,29.4,715.7,10.262032595611236,32929.47,-0.8337421531421462,-1.5279172421931804
Davis,2018,7.3360893030515,12,3.4960183624300463,204.4433704299935,130731.68373387918,40.1,840.9,12454.0,44.1,23.8,746.7,5.901743220568736,33720.090000000004,-0.3806483286191117,-1.5279172421931804
Davis,2019,9.73563857735596,12,2.4625209856035366,416.8583525538139,130731.68373387918,38.1,1270.4,12454.0,40.1,44.1,840.9,7.3360893030515,48402.240000000005,1.6852093957189298,-1.5279172421931804
Decatur,2001,4.72454287969505,12,1.3361153702748974,222.13072707379823,138231.0041153913,-3.2,1071.3,13365.0,-15.3,,695.1333333333333,0.20316248953938085,-3428.16,0.7275556753098396,-1.5172135214233649
Decatur,2002,0.2993080419481164,12,0.5971271220186256,34.70194754431506,138231.0041153913,-11.6,629.0,13365.0,-3.2,-15.3,1071.3,4.72454287969505,-7296.4,-1.399868938135365,-1.5172135214233649
Decatur,2003,0.6727546738460044,11,0.9291933105212475,37.23779302460214,138231.0041153913,-20.6,779.0,13365.0,-11.6,-3.2,629.0,0.2993080419481164,-16047.400000000001,-0.6783819564107874,-1.5172135214233649
Decatur,2004,3.2744862757054123,12,1.7824702521124844,157.01617572555395,138231.0041153913,-24.5,951.9666666666666,13365.0,-20.6,-11.6,779.0,0.6727546738460044,-23323.18333333333,0.15357269873784202,-1.5172135214233649
Decatur,2005,1.9563702040653481,12,1.0678669176865891,105.95515824736037,138231.0041153913,-19.9,748.2666666666667,13365.0,-24.5,-20.6,951.9666666666666,3.2744862757054123,-14890.506666666666,-0.8262066224441342,-1.5172135214233649
Decatur,2006,0.49971534417370117,12,0.8015846279571489,31.83959053360712,138231.0041153913,-16.4,906.0333333333333,13365.0,-19.9,-24.5,748.2666666666667,1.9563702040653481,-14858.946666666665,-0.06736264811026176,-1.5172135214233649
Decatur,2007,8.077997316890876,12,2.53905694924794,302.6339941860419,138231.0041153913,-26.4,1073.4333333333334,13365.0,-16.4,-19.9,906.0333333333333,0.49971534417370117,-28338.64,0.7378168234943674,-1.5172135214233649
Decatur,2008,6.628373665812709,9,1.2702030702937332,500.69203550111945,138231.0041153913,-7.7,1318.3666666666666,13365.0,-26.4,-16.4,1073.4333333333334,8.077997316890876,-10151.423333333332,1.9159248994304106,-1.5172135214233649
Decatur,2009,4.496066669246863,9,1.3317450755103488,275.4196335665309,138231.0041153913,-18.9,1137.8666666666666,13365.0,-7.7,-26.4,1318.3666666666666,6.628373665812709,-21505.679999999997,1.0477355647551685,-1.5172135214233649
Decatur,2010,15.249186803052678,12,2.471003729652082,512.014934421069,138231.0041153913,-11.8,1357.1333333333334,13365.0,-18.9,-7.7,1137.8666666666666,4.496066669246863,-16014.173333333336,2.102389201596119,-1.5172135214233649
Decatur,2011,13.47718726796824,12,2.7425114747997044,335.6272150942047,138231.0041153913,64.7,963.4000000000001,13365.0,-11.8,-18.9,1357.1333333333334,15.249186803052678,62331.98000000001,0.208566039789294,-1.5172135214233649
Decatur,2012,2.6901674008420104,12,2.1064900701246008,98.84406997186476,138231.0041153913,101.7,789.2,13365.0,64.7,-11.8,963.4000000000001,13.47718726796824,80261.64000000001,-0.6293208416535159,-1.5172135214233649
Decatur,2013,2.612866857980834,12,0.983302757387475,186.05080902873863,138231.0041153913,74.7,939.05,13365.0,101.7,64.7,789.2,2.6901674008420104,70147.035,0.09144465308933689,-1.5172135214233649
Decatur,2014,9.802698437877991,12,2.3801113191589516,358.5442051980553,138231.0041153913,96.8,1268.35,13365.0,74.7,101.7,939.05,2.612866857980834,122776.27999999998,1.6753490736353596,-1.5172135214233649
Decatur,2015,7.4461799554164845,12,1.4551327393683386,418.75897379427533,138231.0041153913,-14.5,1120.95,13365.0,96.8,74.7,1268.35,9.802698437877991,-16253.775000000001,0.9663678662606753,-1.5172135214233649
Decatur,2016,3.6602270137539565,12,1.4600867967351003,224.88418288505096,138231.0041153913,-11.9,761.2,13365.0,-14.5,96.8,1120.95,7.4461799554164845,-9058.28,-0.763998411575437,-1.5172135214233649
Decatur,2017,2.635376086470759,11,1.21308418975233,145.09176404912142,138231.0041153913,-6.9,856.95,13365.0,-11.9,-14.5,761.2,3.6602270137539565,-5912.955000000001,-0.30344922157458154,-1.5172135214233649
Decatur,2018,4.253942220104405,10,1.7120811634408661,237.11886836570147,138231.0041153913,-11.1,1138.15,13365.0,-6.9,-11.9,856.95,2.635376086470759,-12633.465,1.0490983734984272,-1.5172135214233649
Decatur,2019,4.786821184614307,12,1.2942120884538295,376.7565032788962,138231.0041153913,-8.3,1259.1499999999999,13365.0,-11.1,-6.9,1138.15,4.253942220104405,-10450.945,1.6310978720895855,-1.5172135214233649
Delaware,2001,28.354544896891397,12,8.13131068660579,301.5211286872525,149958.21658941085,20.2,889.8,208031.0,38.9,,835.4,19.308653985321854,17973.96,-0.14544357257689947,0.7699988906259092
Delaware,2002,23.15715770839714,12,6.938250258872206,297.1191481518809,149958.21658941085,13.1,978.4,208031.0,20.2,38.9,889.8,28.354544896891397,12817.039999999999,0.2807147379617512,0.7699988906259092
Delaware,2003,11.776699873362901,12,5.952143475607959,182.7862882486051,149958.21658941085,23.6,923.9000000000001,208031.0,13.1,20.2,978.4,23.15715770839714,21804.040000000005,0.018574467935155194,0.7699988906259092
Delaware,2004,24.05951909114179,12,6.762846397625959,325.823116423291,149958.21658941085,23.5,805.0,208031.0,23.6,13.1,923.9000000000001,11.776699873362901,18917.5,-0.5533242129118605,0.7699988906259092
Delaware,2005,8.065732990143669,12,5.240478091536219,146.7941767220588,149958.21658941085,23.9,745.2,208031.0,23.5,23.6,805.0,24.05951909114179,17810.28,-0.840957022959392,0.7699988906259092
Delaware,2006,18.353725411298164,12,8.23039399074752,192.3044694605266,149958.21658941085,20.3,912.6,208031.0,23.9,23.5,745.2,8.065732990143669,18525.780000000002,-0.03577755135476332,0.7699988906259092
Delaware,2007,33.65630665689638,12,8.775620343642876,390.4228170544165,149958.21658941085,36.1,1100.6,208031.0,20.3,23.9,912.6,18.353725411298164,39731.659999999996,0.8684861324067069,0.7699988906259092
Delaware,2008,54.585843721292015,12,7.07785739658821,697.3289282909716,149958.21658941085,54.2,1338.2,208031.0,36.1,20.3,1100.6,33.65630665689638,72530.44,2.011321511458439,0.7699988906259092
Delaware,2009,25.709161973333934,11,6.648553062507559,390.0705200454145,149958.21658941085,22.5,1139.9,208031.0,54.2,36.1,1338.2,54.585843721292015,25647.750000000004,1.0575157216185471,0.7699988906259092
Delaware,2010,44.84775753316486,12,7.868278925320998,558.0727650200349,149958.21658941085,57.7,1193.1,208031.0,22.5,54.2,1139.9,25.709161973333934,68841.87,1.3134031044701966,0.7699988906259092
Delaware,2011,37.36196126795072,12,9.125218413385562,389.19326314211986,149958.21658941085,73.6,975.4,208031.0,57.7,22.5,1193.1,44.84775753316486,71789.43999999999,0.26628499832725966,0.7699988906259092
Delaware,2012,13.10745126911116,12,7.0793603380036645,172.98373106606982,149958.21658941085,97.8,697.5,208031.0,73.6,57.7,975.4,37.36196126795072,68215.5,-1.0703898831478078,0.7699988906259092
Delaware,2013,37.564524974321145,12,8.260627976167438,379.62630466700097,149958.21658941085,57.0,1090.8,208031.0,97.8,73.6,697.5,13.10745126911116,62175.6,0.8213489829340347,0.7699988906259092
Delaware,2014,30.656701124949553,12,7.849238691524367,317.5289297418517,149958.21658941085,58.0,876.0,208031.0,57.0,97.8,1090.8,37.564524974321145,50808.0,-0.2118203748955604,0.7699988906259092
Delaware,2015,20.92071470141349,12,6.842499995647116,264.3247430091166,149958.21658941085,56.7,976.5999999999999,208031.0,58.0,57.0,876.0,30.656701124949553,55373.22,0.27205689418105594,0.7699988906259092
Delaware,2016,35.20404376371321,12,8.283086210617336,427.25314967682885,149958.21658941085,65.5,1033.5,208031.0,56.7,58.0,976.5999999999999,20.92071470141349,67694.25,0.5457409559152462,0.7699988906259092
Delaware,2017,28.395330023103668,12,7.590397842324312,354.2996623822677,149958.21658941085,64.8,851.2,208031.0,65.5,56.7,1033.5,35.20404376371321,55157.76,-0.3311062225406904,0.7699988906259092
Delaware,2018,39.266950357096,12,6.831568810199381,576.2725857592379,149958.21658941085,53.1,1340.7,208031.0,64.8,65.5,851.2,28.395330023103668,71191.17,2.023346294487182,0.7699988906259092
Delaware,2019,34.61296696859105,12,5.873387133656904,597.9468361728487,149958.21658941085,62.4,1234.7,208031.0,53.1,64.8,1340.7,39.266950357096,77045.28,1.5134954940684802,0.7699988906259092
Des Moines,2001,21.913714319383917,12,4.758586627902457,341.7073925143987,111278.6433294321,-1.3,1093.5,70073.0,-0.3,,860.55,8.66015911091398,-1421.55,0.8343357486050773,-0.8509274649857218
Des Moines,2002,8.21322119845566,12,3.4611859976806296,169.2546199804003,111278.6433294321,-29.8,983.5,70073.0,-1.3,-0.3,1093.5,21.913714319383917,-29308.3,0.30524529534038697,-0.8509274649857218
Des Moines,2003,2.923144550639077,12,2.466403202968892,83.02353936655899,111278.6433294321,-23.8,895.4,70073.0,-29.8,-1.3,983.5,8.21322119845566,-21310.52,-0.11850805859251512,-0.8509274649857218
Des Moines,2004,12.512605406657487,12,5.97803734113274,209.81170555213123,111278.6433294321,-28.0,914.9,70073.0,-23.8,-29.8,895.4,2.923144550639077,-25617.2,-0.02471475096832002,-0.8509274649857218
Des Moines,2005,6.331601540240017,12,3.675806732112505,126.57471532319809,111278.6433294321,-9.4,701.5500000000001,70073.0,-28.0,-23.8,914.9,12.512605406657487,-6594.570000000001,-1.050909734641244,-0.8509274649857218
Des Moines,2006,6.198008712775916,12,5.1506045160553695,92.78500329380302,111278.6433294321,-15.6,788.55,70073.0,-9.4,-28.0,701.5500000000001,6.331601540240017,-12301.38,-0.6324472852409895,-0.8509274649857218
Des Moines,2007,25.22466077114283,12,6.873799809500973,372.11091999071084,111278.6433294321,-30.8,1054.5,70073.0,-15.6,-9.4,788.55,6.198008712775916,-32478.600000000002,0.6467491333566872,-0.8509274649857218
Des Moines,2008,26.807453789311364,9,4.912033835879715,544.4518176844444,111278.6433294321,-18.7,1275.25,70073.0,-30.8,-15.6,1054.5,25.22466077114283,-23847.175,1.7085374747946906,-0.8509274649857218
Des Moines,2009,21.817393201737538,9,4.4665336384217875,461.21209952821005,111278.6433294321,-20.0,1391.1499999999999,70073.0,-18.7,-30.8,1275.25,26.807453789311364,-27822.999999999996,2.266006416007214,-0.8509274649857218
Des Moines,2010,27.73170042163127,12,3.997839273129656,733.2236234375167,111278.6433294321,-1.0,1347.05,70073.0,-20.0,-18.7,1391.1499999999999,21.817393201737538,-1347.05,2.0538892433801883,-0.8509274649857218
Des Moines,2011,18.943599296126184,12,3.757522677282958,321.8822801184554,111278.6433294321,-12.2,984.95,70073.0,-1.0,-20.0,1347.05,27.73170042163127,-12016.39,0.3122196694970581,-0.8509274649857218
Des Moines,2012,2.848110422188143,12,2.7955278883150747,74.19471089417193,111278.6433294321,-13.4,667.1999999999999,70073.0,-12.2,-1.0,984.95,18.943599296126184,-8940.48,-1.2161302534561729,-0.8509274649857218
Des Moines,2013,20.083526232203337,12,3.9256120587975154,335.35223988988514,111278.6433294321,-30.7,942.2,70073.0,-13.4,-12.2,667.1999999999999,2.848110422188143,-28925.54,0.10659587970555345,-0.8509274649857218
Des Moines,2014,9.286203610301625,12,3.180211221368628,293.18128006933915,111278.6433294321,-38.4,1076.75,70073.0,-30.7,-13.4,942.2,20.083526232203337,-41347.2,0.7537697023124995,-0.8509274649857218
Des Moines,2015,25.61644404572287,12,6.06852145793539,372.119756621604,111278.6433294321,-27.4,1099.15,70073.0,-38.4,-30.7,1076.75,9.286203610301625,-30116.71,0.8615117582500369,-0.8509274649857218
Des Moines,2016,13.60740344043249,12,4.964733521483816,251.7990092513288,111278.6433294321,-34.7,866.3,70073.0,-27.4,-38.4,1099.15,25.61644404572287,-30060.61,-0.2584765330470833,-0.8509274649857218
Des Moines,2017,13.565349261152623,12,4.812333265382875,176.42920539036368,111278.6433294321,-30.5,847.9,70073.0,-34.7,-27.4,866.3,13.60740344043249,-25860.95,-0.3469789361386314,-0.8509274649857218
Des Moines,2018,12.748585971197349,12,4.005922775453808,311.17935351610987,111278.6433294321,-28.9,1038.95,70073.0,-30.5,-34.7,847.9,13.565349261152623,-30025.655,0.5719549829179061,-0.8509274649857218
Des Moines,2019,21.304229443592224,12,3.6655205178790884,485.47184240199914,111278.6433294321,-26.9,1198.7,70073.0,-28.9,-30.5,1038.95,12.748585971197349,-32245.03,1.3403386184545814,-0.8509274649857218
Dickinson,2001,12.124207038515452,12,4.368657110772713,201.00480500664273,104599.12022092454,-4.1,775.925,117663.0,-1.3,,710.675,1.349074251270472,-3181.2924999999996,-0.6931724395361414,-0.2917726115987669
Dickinson,2002,3.208995073375405,12,4.992537336882538,61.76899236002418,104599.12022092454,-1.6,693.0,117663.0,-4.1,-1.3,775.925,12.124207038515452,-1108.8,-1.0920344925995453,-0.2917726115987669
Dickinson,2003,6.506017490200206,12,4.594742942486174,90.47086523031915,104599.12022092454,-8.1,538.5,117663.0,-1.6,-4.1,693.0,3.208995073375405,-4361.849999999999,-1.8351660837758603,-0.2917726115987669
Dickinson,2004,8.961744831041178,12,5.602017054429062,161.47815879756502,104599.12022092454,-13.2,922.6500000000001,117663.0,-8.1,-1.6,538.5,6.506017490200206,-12178.980000000001,0.012562076420783714,-0.2917726115987669
Dickinson,2005,12.944985773598434,12,7.50648724262236,148.6210199467422,104599.12022092454,0.3,815.575,117663.0,-13.2,-8.1,922.6500000000001,8.961744831041178,244.6725,-0.5024593807002776,-0.2917726115987669
Dickinson,2006,12.625903771315109,12,6.130363610376919,156.70044322219874,104599.12022092454,-2.3,691.5250000000001,117663.0,0.3,-13.2,815.575,12.944985773598434,-1590.5075000000002,-1.0991291145865032,-0.2917726115987669
Dickinson,2007,14.981461774933837,12,5.568881679121088,255.83484432696667,104599.12022092454,12.5,851.8000000000001,117663.0,-2.3,0.3,691.5250000000001,12.625903771315109,10647.5,-0.32822027461379194,-0.2917726115987669
Dickinson,2008,13.148305546559712,8,6.37081230935387,178.7832860382009,104599.12022092454,14.3,691.375,117663.0,12.5,-2.3,851.8000000000001,14.981461774933837,9886.6625,-1.0998506015682281,-0.2917726115987669
Dickinson,2009,6.395267099271318,9,5.308878299277372,103.86337762998909,104599.12022092454,-3.6,704.675,117663.0,14.3,12.5,691.375,13.148305546559712,-2536.83,-1.0358787558553157,-0.2917726115987669
Dickinson,2010,31.927198395194157,12,7.428274802135579,397.30221136278357,104599.12022092454,-11.4,890.6083333333333,117663.0,-3.6,14.3,704.675,6.395267099271318,-10152.935000000001,-0.1415555593976056,-0.2917726115987669
Dickinson,2011,24.444963772065737,12,6.273746926788118,304.7485807923333,104599.12022092454,-3.5,732.6666666666666,117663.0,-11.4,-3.6,890.6083333333333,31.927198395194157,-2564.333333333333,-0.9012412685434904,-0.2917726115987669
Dickinson,2012,4.962576670426106,12,3.13037962129253,86.31375856064541,104599.12022092454,2.1,600.9333333333333,117663.0,-3.5,-11.4,732.6666666666666,24.444963772065737,1261.96,-1.534867168938053,-0.2917726115987669
Dickinson,2013,9.388175632312693,12,4.249376389710106,106.71967441615719,104599.12022092454,1.7,536.0333333333333,117663.0,2.1,-3.5,600.9333333333333,4.962576670426106,911.2566666666665,-1.84703053636422,-0.2917726115987669
Dickinson,2014,7.049635572182369,12,4.315775604220492,133.94916373262419,104599.12022092454,-1.3,624.5666666666666,117663.0,1.7,2.1,536.0333333333333,9.388175632312693,-811.9366666666666,-1.4211928867063361,-0.2917726115987669
Dickinson,2015,15.022840611512986,12,7.529390100851415,172.38703843551494,104599.12022092454,-5.1,746.6666666666666,117663.0,-1.3,1.7,624.5666666666666,7.049635572182369,-3807.9999999999995,-0.8339024835825298,-0.2917726115987669
Dickinson,2016,37.252814108092544,12,8.985823764817583,375.8416060947345,104599.12022092454,4.3,997.9,117663.0,-5.1,-1.3,746.6666666666666,15.022840611512986,4290.969999999999,0.37450804558594636,-0.2917726115987669
Dickinson,2017,15.610371997096712,12,5.998040445883249,232.81856399387186,104599.12022092454,5.9,905.4,117663.0,4.3,-5.1,997.9,37.252814108092544,5341.860000000001,-0.07040892647754328,-0.2917726115987669
Dickinson,2018,26.502251129305147,12,5.843624026314781,480.9309638382321,104599.12022092454,9.1,1232.1,117663.0,5.9,4.3,905.4,15.610371997096712,11212.109999999999,1.5009897197185866,-0.2917726115987669
Dickinson,2019,22.71000852167536,12,5.318027562724015,448.5089382205441,104599.12022092454,3.5,1040.0333333333333,117663.0,9.1,5.9,1232.1,26.502251129305147,3640.116666666667,0.577165722230361,-0.2917726115987669
Dubuque,2001,20.048075090435386,12,6.919001289429783,272.68120856266904,159717.83903425274,38.8,974.0333333333333,89380.0,45.9,,806.0333333333333,14.573463443182751,37792.49333333333,0.2597114502715468,-0.6240814310638487
Dubuque,2002,25.445225571278623,12,7.076557198972069,323.19276197655915,159717.83903425274,20.3,1059.9333333333334,89380.0,38.8,45.9,974.0333333333333,20.048075090435386,21516.646666666667,0.6728829951391554,-0.6240814310638487
Dubuque,2003,12.788632492619096,12,6.264599034729511,191.25303843005557,159717.83903425274,28.4,812.3,89380.0,20.3,38.8,1059.9333333333334,25.445225571278623,23069.319999999996,-0.5182118464679313,-0.6240814310638487
Dubuque,2004,24.286024232052785,12,7.154008166902794,323.0615159874456,159717.83903425274,14.8,855.6833333333333,89380.0,28.4,20.3,812.3,12.788632492619096,12664.113333333333,-0.30954177830914514,-0.6240814310638487
Dubuque,2005,7.470531336196966,12,5.016876066071494,138.715209252173,159717.83903425274,13.8,666.8,89380.0,14.8,28.4,855.6833333333333,24.286024232052785,9201.84,-1.2180542187407717,-0.6240814310638487
Dubuque,2006,18.300511432378002,12,8.425044597371826,190.0626578872109,159717.83903425274,13.0,961.6533333333333,89380.0,13.8,14.8,666.8,7.470531336196966,12501.493333333334,0.2001647247132117,-0.6240814310638487
Dubuque,2007,32.24263102427353,12,8.735548959994714,380.7888325420791,159717.83903425274,19.5,1089.28,89380.0,13.0,13.8,961.6533333333333,18.300511432378002,21240.96,0.814037914852559,-0.6240814310638487
Dubuque,2008,55.67909731603201,12,7.0806156410410805,722.2064927585067,159717.83903425274,41.0,1213.66,89380.0,19.5,13.0,1089.28,32.24263102427353,49760.060000000005,1.4122949200985795,-0.6240814310638487
Dubuque,2009,25.489109396327635,11,6.333955613818239,407.3294523195388,159717.83903425274,7.0,1164.52,89380.0,41.0,19.5,1213.66,55.67909731603201,8151.639999999999,1.1759357848856073,-0.6240814310638487
Dubuque,2010,42.317740473676466,12,7.445470285379362,573.015915242496,159717.83903425274,33.3,1168.38,89380.0,7.0,41.0,1164.52,25.489109396327635,38907.054000000004,1.1945020498819872,-0.6240814310638487
Dubuque,2011,33.13541650367364,12,8.099897472555346,398.33903362156644,159717.83903425274,45.3,1131.7233333333334,89380.0,33.3,7.0,1168.38,42.317740473676466,51267.066999999995,1.0181866645925381,-0.6240814310638487
Dubuque,2012,14.315400633667375,12,7.650446988847921,180.70241037535914,159717.83903425274,55.1,633.9333333333334,89380.0,45.3,33.3,1131.7233333333334,33.13541650367364,34929.72666666667,-1.3761400329586453,-0.6240814310638487
Dubuque,2013,35.76454117206407,12,8.231065971981566,369.9147316529175,159717.83903425274,25.4,970.0,89380.0,55.1,45.3,633.9333333333334,14.315400633667375,24638.0,0.24031146698517497,-0.6240814310638487
Dubuque,2014,27.65104961721223,12,7.521296943779567,312.6759196818416,159717.83903425274,27.9,951.1333333333333,89380.0,25.4,55.1,970.0,35.76454117206407,26536.62,0.1495644377282614,-0.6240814310638487
Dubuque,2015,20.199566395342003,12,6.754019193271852,265.62076871485374,159717.83903425274,25.8,957.25,89380.0,27.9,25.4,951.1333333333333,27.65104961721223,24697.05,0.17898507353858586,-0.6240814310638487
Dubuque,2016,32.99887600361019,12,8.238449304150821,400.0048082334411,159717.83903425274,23.8,1038.7166666666667,89380.0,25.8,27.9,957.25,20.199566395342003,24721.45666666667,0.5708326698352234,-0.6240814310638487
Dubuque,2017,26.393243966666617,12,7.610400501337164,335.09278763471576,159717.83903425274,25.1,926.3333333333334,89380.0,23.8,25.8,1038.7166666666667,32.99887600361019,23250.966666666667,0.030278590083131423,-0.6240814310638487
Dubuque,2018,38.19742143807708,12,6.795814026711195,550.7474973730027,159717.83903425274,22.2,1288.12,89380.0,25.1,23.8,926.3333333333334,26.393243966666617,28596.263999999996,1.770441057826659,-0.6240814310638487
Dubuque,2019,34.68292458608372,12,5.897297618250451,596.4088638819618,159717.83903425274,18.5,1377.2,89380.0,22.2,25.1,1288.12,38.19742143807708,25478.2,2.198908126706829,-0.6240814310638487
Emmet,2001,22.082409796918917,12,4.210937365816293,290.15085721624547,104263.0606996552,15.2,850.3,177304.0,18.5,,722.925,3.3664001961301886,12924.56,-0.3354351444310383,0.4089744909616739
Emmet,2002,5.061068046744187,12,5.91651506381488,67.41406627516098,104263.0606996552,11.6,637.525,177304.0,15.2,18.5,850.3,22.082409796918917,7395.29,-1.3588644280073516,0.4089744909616739
Emmet,2003,12.170323751126134,12,5.378697170812798,110.1591305129987,104263.0606996552,4.6,654.525,177304.0,11.6,15.2,637.525,5.061068046744187,3010.8149999999996,-1.2770959034118996,0.4089744909616739
Emmet,2004,11.127524890040958,12,5.7732076605959035,166.0298265128982,104263.0606996552,6.4,1009.4,177304.0,4.6,11.6,654.525,12.170323751126134,6460.16,0.42982204751816394,0.4089744909616739
Emmet,2005,19.51724279650687,12,7.921882579579131,213.81569097532054,104263.0606996552,13.4,888.775,177304.0,6.4,4.6,1009.4,11.127524890040958,11909.585,-0.15037373361868397,0.4089744909616739
Emmet,2006,19.621692202703077,12,6.6558007482407175,208.66432421604236,104263.0606996552,19.3,796.725,177304.0,13.4,6.4,888.775,19.51724279650687,15376.792500000001,-0.5931262447369996,0.4089744909616739
Emmet,2007,19.766701529498953,12,6.365803018070359,293.40997213455483,104263.0606996552,30.6,919.075,177304.0,19.3,13.4,796.725,19.621692202703077,28123.695000000003,-0.004633363310318942,0.4089744909616739
Emmet,2008,16.704882047500107,8,6.028480679934236,212.54460936382745,104263.0606996552,38.6,731.125,177304.0,30.6,19.3,919.075,19.766701529498953,28221.425,-0.908656551411215,0.4089744909616739
Emmet,2009,7.829717558135452,9,6.866947181173724,110.07590499910836,104263.0606996552,17.2,799.85,177304.0,38.6,30.6,731.125,16.704882047500107,13757.42,-0.578095265951071,0.4089744909616739
Emmet,2010,26.085383308965305,12,5.937062975627988,433.50764581138117,104263.0606996552,14.8,987.375,177304.0,17.2,38.6,799.85,7.829717558135452,14613.150000000001,0.32388370903493857,0.4089744909616739
Emmet,2011,22.970408087948595,12,4.390601291271147,330.7010507162022,104263.0606996552,30.5,703.7,177304.0,14.8,17.2,987.375,26.085383308965305,21462.850000000002,-1.0405684212365252,0.4089744909616739
Emmet,2012,4.561004640282619,12,2.501061046132428,69.71119524598505,104263.0606996552,26.7,568.125,177304.0,30.5,14.8,703.7,22.970408087948595,15168.9375,-1.6926724048852562,0.4089744909616739
Emmet,2013,16.07893220533024,12,4.537356966122242,134.67936756460276,104263.0606996552,26.1,615.475,177304.0,26.7,30.5,568.125,4.561004640282619,16063.897500000001,-1.4649230143208645,0.4089744909616739
Emmet,2014,14.314541956915711,12,7.017720726925993,153.5826253139996,104263.0606996552,17.0,643.05,177304.0,26.1,26.7,615.475,16.07893220533024,10931.849999999999,-1.3322896575138299,0.4089744909616739
Emmet,2015,20.106780378706627,12,9.46195430208813,184.177726560582,104263.0606996552,10.3,820.925,177304.0,17.0,26.1,643.05,14.314541956915711,8455.5275,-0.4767263450187681,0.4089744909616739
Emmet,2016,39.890574933296,12,9.868874495420231,364.8296571435935,104263.0606996552,17.1,913.075,177304.0,10.3,17.0,820.925,20.106780378706627,15613.582500000002,-0.03349284257930205,0.4089744909616739
Emmet,2017,19.964753313990624,12,6.612841775202153,255.72728188432103,104263.0606996552,17.6,788.4749999999999,177304.0,17.1,10.3,913.075,39.890574933296,13877.16,-0.6328080287318519,0.4089744909616739
Emmet,2018,29.660179785433094,12,5.188826384174219,576.038365536555,104263.0606996552,31.3,1308.1333333333332,177304.0,17.6,17.1,788.4749999999999,19.964753313990624,40944.573333333334,1.8667034542327559,0.4089744909616739
Emmet,2019,22.866343477504035,12,4.401509136170271,526.176336059094,104263.0606996552,28.6,1115.3333333333333,177304.0,31.3,17.6,1308.1333333333332,29.660179785433094,31898.533333333333,0.9393521870560988,0.4089744909616739
Fayette,2001,26.580169902574593,12,7.455518483070158,275.3495388446718,189414.87614760015,4.7,932.1285714285714,223050.0,16.2,,965.1142857142858,16.463679009920405,4381.004285714285,0.05815318236118849,0.9464634155895293
Fayette,2002,8.80599121788324,12,5.10016310228149,155.6762574849448,189414.87614760015,-0.3,744.15,223050.0,4.7,16.2,932.1285714285714,26.580169902574593,-223.24499999999998,-0.8460074318314643,0.9464634155895293
Fayette,2003,7.14723186037353,12,4.360629912833593,128.2211499206803,189414.87614760015,2.5,739.7517857142857,223050.0,-0.3,4.7,744.15,8.80599121788324,1849.3794642857142,-0.8671624608313172,0.9464634155895293
Fayette,2004,23.619630668243456,12,5.727702301776769,358.5293073617676,189414.87614760015,8.0,1056.8285714285714,223050.0,2.5,-0.3,739.7517857142857,7.14723186037353,8454.628571428571,0.6579493598348877,0.9464634155895293
Fayette,2005,9.993906126054569,12,5.490155755714898,187.01513549632708,189414.87614760015,7.3,856.3196428571428,223050.0,8.0,2.5,1056.8285714285714,23.619630668243456,6251.133392857142,-0.30648118472397246,0.9464634155895293
Fayette,2006,17.179770733357074,12,6.967113389579116,201.49031308849857,189414.87614760015,7.4,857.9,223050.0,7.3,8.0,856.3196428571428,9.993906126054569,6348.46,-0.29887980402365955,0.9464634155895293
Fayette,2007,36.61279267496236,12,8.51047047426595,428.5130548128093,189414.87614760015,8.5,1104.6,223050.0,7.4,7.3,857.9,17.179770733357074,9389.099999999999,0.8877257852526956,0.9464634155895293
Fayette,2008,41.84276276955252,12,6.527500047014392,550.5360410931546,189414.87614760015,20.0,1123.4142857142856,223050.0,8.5,7.4,1104.6,36.61279267496236,22468.28571428571,0.9782208666747211,0.9464634155895293
Fayette,2009,16.951067373318146,11,5.88478476776098,276.91736545551714,189414.87614760015,8.2,1001.2428571428571,223050.0,20.0,8.5,1123.4142857142856,41.84276276955252,8210.191428571428,0.3905868983215227,0.9464634155895293
Fayette,2010,30.864638844110075,12,6.912119834390636,435.05334659360454,189414.87614760015,13.9,1085.7,223050.0,8.2,20.0,1001.2428571428571,16.951067373318146,15091.230000000001,0.7968184255553995,0.9464634155895293
Fayette,2011,22.4058591531961,12,6.334331160927022,334.17916843725743,189414.87614760015,27.9,873.9285714285714,223050.0,13.9,8.2,1085.7,30.864638844110075,24382.60714285714,-0.22178376654794735,0.9464634155895293
Fayette,2012,8.837855168812087,12,5.108712572938469,136.30304977440017,189414.87614760015,35.0,684.8142857142857,223050.0,27.9,13.9,873.9285714285714,22.4058591531961,23968.5,-1.1314070678879438,0.9464634155895293
Fayette,2013,37.55124758184196,12,6.458414618985386,429.1500206987497,189414.87614760015,15.8,1053.0380952380951,223050.0,35.0,27.9,684.8142857142857,8.837855168812087,16638.001904761903,0.6397174983284503,0.9464634155895293
Fayette,2014,26.63167604192856,12,6.586027501772872,346.86837221559676,189414.87614760015,13.5,939.8666666666667,223050.0,15.8,35.0,1053.0380952380951,37.55124758184196,12688.2,0.09537274887872652,0.9464634155895293
Fayette,2015,20.945715866632476,12,6.343792859396809,252.55439837907545,189414.87614760015,8.7,921.6166666666667,223050.0,13.5,15.8,939.8666666666667,26.63167604192856,8018.065,0.007591832768902887,0.9464634155895293
Fayette,2016,43.92262705694488,12,8.289345436158724,562.2602794524354,189414.87614760015,8.9,1112.4533333333334,223050.0,8.7,13.5,921.6166666666667,20.945715866632476,9900.834666666668,0.9254996370069875,0.9464634155895293
Fayette,2017,35.61056506688397,12,6.665704240083179,474.5347068633841,189414.87614760015,7.4,969.6800000000001,223050.0,8.9,8.7,1112.4533333333334,43.92262705694488,7175.6320000000005,0.2387722947574962,0.9464634155895293
Fayette,2018,38.53037496147512,12,5.76947779453558,696.5270715321135,189414.87614760015,3.9,1316.98,223050.0,7.4,8.9,969.6800000000001,35.61056506688397,5136.222,1.9092551531104682,0.9464634155895293
Fayette,2019,32.04810121853483,12,5.12000786555,616.760777291187,189414.87614760015,2.9,1029.46,223050.0,3.9,7.4,1316.98,38.53037496147512,2985.434,0.5263089065407978,0.9464634155895293
Floyd,2001,28.404286540957347,12,5.700072273081492,341.1705649278289,129889.29672925155,1.2,838.9666666666667,204588.0,14.9,,913.4,17.56396971399988,1006.76,-0.38994749416133934,0.7295456407790657
Floyd,2002,6.7635463960105096,12,5.0223803671374165,124.70007976205005,129889.29672925155,-3.4,840.4666666666667,204588.0,1.2,14.9,838.9666666666667,28.404286540957347,-2857.5866666666666,-0.38273262434409355,0.7295456407790657
Floyd,2003,14.695017272286542,12,5.7588450006166,159.31318888752511,129889.29672925155,0.4,622.0,204588.0,-3.4,1.2,840.4666666666667,6.7635463960105096,248.8,-1.4335383306158453,0.7295456407790657
Floyd,2004,25.951853807827558,12,6.820613661289518,341.3175987676928,129889.29672925155,2.2,968.7333333333333,204588.0,0.4,-3.4,622.0,14.695017272286542,2131.2133333333336,0.23421891025061195,0.7295456407790657
Floyd,2005,24.823127844726336,12,8.754720044972997,256.7346198609084,129889.29672925155,4.8,940.7666666666667,204588.0,2.2,0.4,968.7333333333333,25.951853807827558,4515.679999999999,0.09970167076907387,0.7295456407790657
Floyd,2006,26.775965187312174,12,8.3068775335296,232.02467612141893,129889.29672925155,12.1,675.7333333333333,204588.0,4.8,2.2,940.7666666666667,24.823127844726336,8176.373333333333,-1.1750856607180633,0.7295456407790657
Floyd,2007,32.368952150104604,12,8.849675121321285,346.9449679772896,129889.29672925155,14.1,970.9666666666667,204588.0,12.1,4.8,675.7333333333333,26.775965187312174,13690.63,0.24496104975628907,0.7295456407790657
Floyd,2008,39.622139480704455,12,6.8776609511016575,409.2110711354767,129889.29672925155,17.1,933.5333333333333,204588.0,14.1,12.1,970.9666666666667,32.368952150104604,15963.42,0.06490996520591083,0.7295456407790657
Floyd,2009,14.164341597672347,9,6.1746954181551015,203.68799717230604,129889.29672925155,5.9,900.6,204588.0,17.1,14.1,933.5333333333333,39.622139480704455,5313.540000000001,-0.09349650989272955,0.7295456407790657
Floyd,2010,20.590836780058105,12,5.979700651474212,344.2926644061534,129889.29672925155,5.2,841.1666666666667,204588.0,5.9,17.1,900.6,14.164341597672347,4374.0666666666675,-0.3793656850960453,0.7295456407790657
Floyd,2011,23.561998432024872,12,5.70191357882898,321.6963668145391,129889.29672925155,21.9,806.4333333333333,204588.0,5.2,5.9,841.1666666666667,20.590836780058105,17660.89,-0.5464300039753814,0.7295456407790657
Floyd,2012,2.6493524799219683,12,3.017787977338727,73.35034572938346,129889.29672925155,40.3,622.9666666666667,204588.0,21.9,5.2,806.4333333333333,23.561998432024872,25105.556666666667,-1.4288887478447312,0.7295456407790657
Floyd,2013,43.65677763886393,12,7.099022612495511,378.6240141087925,129889.29672925155,11.1,973.3666666666667,204588.0,40.3,21.9,622.9666666666667,2.6493524799219683,10804.369999999999,0.2565048414638822,0.7295456407790657
Floyd,2014,24.0855369669791,12,6.963314804360954,293.6535840974021,129889.29672925155,15.6,903.5666666666666,204588.0,11.1,40.3,973.3666666666667,43.65677763886393,14095.64,-0.07922710069862163,0.7295456407790657
Floyd,2015,21.503063040855043,12,6.9296228809069484,284.49115291273614,129889.29672925155,10.8,870.8,204588.0,15.6,11.1,903.5666666666666,24.0855369669791,9404.64,-0.236831923595346,0.7295456407790657
Floyd,2016,44.8041022436044,12,8.447024190036316,551.3077677350395,129889.29672925155,13.3,1358.7,204588.0,10.8,15.6,870.8,21.503063040855043,18070.710000000003,2.109924732294131,0.7295456407790657
Floyd,2017,24.957087240097493,12,5.773256316492698,364.8362212698489,129889.29672925155,18.9,1010.4,204588.0,13.3,10.8,1358.7,44.8041022436044,19096.559999999998,0.43463196072966115,0.7295456407790657
Floyd,2018,41.11308404462027,12,5.9486264600298915,641.9793432398202,129889.29672925155,14.2,1551.25,204588.0,18.9,13.3,1010.4,24.957087240097493,22027.75,3.0360735211679137,0.7295456407790657
Floyd,2019,27.652105650635303,12,4.969015647061512,539.2989037255946,129889.29672925155,6.3,951.7,204588.0,14.2,18.9,1551.25,41.11308404462027,5995.71,0.1522900552147767,0.7295456407790657
Franklin,2001,31.922825036081672,12,6.557732976655718,354.638317454311,150850.36190424324,5.9,895.0999999999999,240948.0,22.6,,791.35,11.92390053910645,5281.09,-0.1199510325559646,1.1567545180463419
Franklin,2002,13.274525410309897,12,7.678173469271585,155.4055078629775,150850.36190424324,8.3,879.65,240948.0,5.9,22.6,895.0999999999999,31.922825036081672,7301.095,-0.1942641916735958,1.1567545180463419
Franklin,2003,16.84556706150128,12,5.9917763620947655,160.3300813052,150850.36190424324,12.7,749.75,240948.0,8.3,5.9,879.65,13.274525410309897,9521.824999999999,-0.81907191784708,1.1567545180463419
Franklin,2004,20.45529559638875,12,5.814698220935637,228.79866554045074,150850.36190424324,13.8,803.8,240948.0,12.7,8.3,749.75,16.84556706150128,11092.44,-0.5590961087656574,1.1567545180463419
Franklin,2005,21.319216200312045,12,6.956762620023057,239.73698888372564,150850.36190424324,28.7,979.55,240948.0,13.8,12.7,803.8,20.45529559638875,28113.085,0.2862461381549729,1.1567545180463419
Franklin,2006,21.59101209661239,12,8.479766100692515,209.19673385537735,150850.36190424324,27.5,937.45,240948.0,28.7,13.8,979.55,21.319216200312045,25779.875,0.08374879195094183,1.1567545180463419
Franklin,2007,43.457687813468276,12,9.201771385005465,458.7649148030616,150850.36190424324,46.3,1114.3,240948.0,27.5,28.7,937.45,21.59101209661239,51592.09,0.9343819434042185,1.1567545180463419
Franklin,2008,40.79439769557826,12,6.51444515540707,531.0485470634106,150850.36190424324,47.9,1128.05,240948.0,46.3,27.5,1114.3,43.457687813468276,54033.594999999994,1.0005182500623049,1.1567545180463419
Franklin,2009,30.40292550391419,12,6.902513514364956,395.69513958825274,150850.36190424324,36.4,1004.65,240948.0,47.9,46.3,1128.05,40.79439769557826,36569.259999999995,0.40697495976355236,1.1567545180463419
Franklin,2010,35.24830379486929,12,6.626504275325431,487.74145443115765,150850.36190424324,43.9,1148.3999999999999,240948.0,36.4,47.9,1004.65,30.40292550391419,50414.759999999995,1.0983999839162721,1.1567545180463419
Franklin,2011,21.793359576483592,12,5.709302907075817,269.9217336574228,150850.36190424324,54.4,884.15,240948.0,43.9,36.4,1148.3999999999999,35.24830379486929,48097.759999999995,-0.17261958222185844,1.1567545180463419
Franklin,2012,3.6497500364519895,12,3.1733014522423466,67.17476791402402,150850.36190424324,68.8,747.5,240948.0,54.4,43.9,884.15,21.793359576483592,51428.0,-0.8298942225729486,1.1567545180463419
Franklin,2013,41.10022734433431,12,7.002266959740511,316.5267135050334,150850.36190424324,45.1,1051.5,240948.0,68.8,54.4,747.5,3.6497500364519895,47422.65,0.6323193937221956,1.1567545180463419
Franklin,2014,32.75606658298011,12,7.622509488527022,339.68953516326724,150850.36190424324,40.0,1045.6,240948.0,45.1,68.8,1051.5,41.10022734433431,41824.0,0.6039409057743618,1.1567545180463419
Franklin,2015,32.9609288969007,12,9.479068056659797,315.47285019213655,150850.36190424324,28.9,1089.75,240948.0,40.0,45.1,1045.6,32.75606658298011,31493.774999999998,0.8162985740619629,1.1567545180463419
Franklin,2016,53.85345606531687,12,10.195618498103963,534.24731063118,150850.36190424324,28.1,1148.7,240948.0,28.9,40.0,1089.75,32.9609288969007,32278.47,1.0998429578797222,1.1567545180463419
Franklin,2017,29.625581301487664,12,6.9337105029562345,344.3569926117931,150850.36190424324,33.1,899.25,240948.0,28.1,28.9,1148.7,53.85345606531687,29765.175000000003,-0.09998989272825085,1.1567545180463419
Franklin,2018,47.25895761423015,12,6.947549210068193,662.1586977131406,150850.36190424324,24.5,1392.3,240948.0,33.1,28.1,899.25,29.625581301487664,34111.35,2.271537816200436,1.1567545180463419
Franklin,2019,29.80613432898462,12,5.8086061947525165,474.99012817917463,150850.36190424324,25.9,1001.0,240948.0,24.5,33.1,1392.3,47.25895761423015,25925.899999999998,0.38941877654158774,1.1567545180463419
Fremont,2001,7.281954383390132,12,4.6153228711579315,124.80852685126965,133800.7255347122,-7.9,826.08,31728.0,-0.8,,607.9000000000001,1.5210015838006177,-6526.032000000001,-0.4519312424134997,-1.3014589391005102
Fremont,2002,1.8580685428774175,12,3.503049372610708,50.04277533056532,133800.7255347122,0.7,732.0,31728.0,-7.9,-0.8,826.08,7.281954383390132,512.4,-0.9044478773511551,-1.3014589391005102
Fremont,2003,4.4331062192124,12,4.530733737705396,71.87942178860148,133800.7255347122,-5.9,646.84,31728.0,0.7,-7.9,732.0,1.8580685428774175,-3816.356,-1.3140600864422551,-1.3014589391005102
Fremont,2004,11.202103829084914,12,5.760988690322484,143.1488635170259,133800.7255347122,-18.4,818.2,31728.0,-5.9,0.7,646.84,4.4331062192124,-15054.88,-0.48983335852009746,-1.3014589391005102
Fremont,2005,6.7304455105027765,12,4.848605635065407,104.8418424755004,133800.7255347122,-4.0,746.26,31728.0,-18.4,-5.9,818.2,11.202103829084914,-2985.04,-0.8358585149552052,-1.3014589391005102
Fremont,2006,3.6087409862195936,12,4.670250293990677,71.45514552450825,133800.7255347122,-3.8,789.1,31728.0,-4.0,-18.4,746.26,6.7304455105027765,-2998.58,-0.6298018329746656,-1.3014589391005102
Fremont,2007,26.93531978838206,12,7.694411340108921,308.81252726528015,133800.7255347122,8.3,1173.22,31728.0,-3.8,-4.0,789.1,3.6087409862195936,9737.726,1.217782029825633,-1.3014589391005102
Fremont,2008,17.803957911670967,9,5.939507432010753,253.93653285642833,133800.7255347122,4.5,1056.1950000000002,31728.0,8.3,-3.8,1173.22,26.93531978838206,4752.8775000000005,0.6549019362501757,-1.3014589391005102
Fremont,2009,8.918160821648744,9,5.899245156823508,144.13382157563308,133800.7255347122,-11.6,790.925,31728.0,4.5,8.3,1056.1950000000002,17.803957911670967,-9174.73,-0.6210237413636837,-1.3014589391005102
Fremont,2010,24.917414946450428,12,6.412447405891979,377.13808139288403,133800.7255347122,-17.0,898.125,31728.0,-11.6,4.5,790.925,8.918160821648744,-15268.125,-0.10540104509118518,-1.3014589391005102
Fremont,2011,11.81683177766191,12,5.608397885749081,192.08968361989847,133800.7255347122,-13.6,750.25,31728.0,-17.0,-11.6,898.125,24.917414946450428,-10203.4,-0.8166669612413314,-1.3014589391005102
Fremont,2012,4.910883983858798,12,3.70573579674029,102.7400584515992,133800.7255347122,-8.8,592.8249999999999,31728.0,-13.6,-17.0,750.25,11.81683177766191,-5216.86,-1.573867548561276,-1.3014589391005102
Fremont,2013,15.907682681446644,12,5.90308053721931,155.00295115929632,133800.7255347122,-19.6,652.825,31728.0,-8.8,-13.6,592.8249999999999,4.910883983858798,-12795.370000000003,-1.2852727558714445,-1.3014589391005102
Fremont,2014,20.67294728506913,12,6.062940852869711,294.22880961202503,133800.7255347122,-33.7,808.875,31728.0,-19.6,-8.8,652.825,15.907682681446644,-27259.0875,-0.534685799217309,-1.3014589391005102
Fremont,2015,27.927364823938547,12,7.7867655761320895,350.63272094324003,133800.7255347122,-30.4,1053.725,31728.0,-33.7,-19.6,808.875,20.67294728506913,-32033.239999999994,0.6430214506177764,-1.3014589391005102
Fremont,2016,27.835319819778892,12,7.105191928905531,371.329141806356,133800.7255347122,-26.8,956.125,31728.0,-30.4,-33.7,1053.725,27.927364823938547,-25624.15,0.17357392117565154,-1.3014589391005102
Fremont,2017,13.443884990748208,12,5.7055083519233625,220.66699782136496,133800.7255347122,-27.9,856.25,31728.0,-26.8,-30.4,956.125,27.835319819778892,-23889.375,-0.3068161608226298,-1.3014589391005102
Fremont,2018,15.939347959019049,12,5.9003444340813225,264.832233650689,133800.7255347122,-37.8,1065.4,31728.0,-27.9,-26.8,856.25,13.443884990748208,-40272.12,0.6991771873620068,-1.3014589391005102
Fremont,2019,16.969753776865797,12,5.625910650972824,322.2933754340595,133800.7255347122,-36.2,1081.3,31728.0,-37.8,-27.9,1065.4,15.939347959019049,-39143.060000000005,0.7756548074248114,-1.3014589391005102
Greene,2001,19.971205918373023,12,9.194950984628138,200.62185602887277,147954.29703437648,-0.1,782.5,254627.0,5.9,,541.5,3.1516748442533538,-78.25,-0.6615472601705472,1.3174748214605079
Greene,2002,13.740971418428524,12,11.159626960462846,112.53964319851903,147954.29703437648,-5.1,814.95,254627.0,-0.1,5.9,782.5,19.971205918373023,-4156.245,-0.5054655764574634,1.3174748214605079
Greene,2003,21.579388352822427,12,10.236834028328891,173.73340850973773,147954.29703437648,-2.3,828.75,254627.0,-5.1,-0.1,814.95,13.740971418428524,-1906.1249999999998,-0.4390887741388024,1.3174748214605079
Greene,2004,25.209639884128293,12,11.097186573610117,205.82013317629435,147954.29703437648,-2.5,866.8,254627.0,-2.3,-5.1,828.75,21.579388352822427,-2167.0,-0.2560715764413347,1.3174748214605079
Greene,2005,17.12849784159164,12,8.943209611265768,156.41763623642447,147954.29703437648,6.9,734.7,254627.0,-2.5,-2.3,866.8,25.209639884128293,5069.43,-0.8914611116801124,1.3174748214605079
Greene,2006,14.987678117700014,12,10.608005813797186,122.75914931178764,147954.29703437648,5.4,877.2,254627.0,6.9,-2.5,734.7,17.12849784159164,4736.88,-0.20604847904176357,1.3174748214605079
Greene,2007,40.18998336140383,12,10.527703423764608,377.3018961803919,147954.29703437648,16.1,978.75,254627.0,5.4,6.9,877.2,14.987678117700014,15757.875000000002,0.28239820758577533,1.3174748214605079
Greene,2008,38.30274574951554,12,9.208203236526161,401.48102310082845,147954.29703437648,23.7,1056.25,254627.0,16.1,5.4,978.75,40.18998336140383,25033.125,0.6551664814768072,1.3174748214605079
Greene,2009,23.074916441089446,12,8.748217892209281,250.8363155667741,147954.29703437648,4.3,879.8,254627.0,23.7,16.1,1056.25,38.30274574951554,3783.14,-0.19354270469187132,1.3174748214605079
Greene,2010,44.24490550557363,12,7.924000459474937,575.3587551012236,147954.29703437648,12.9,1076.45,254627.0,4.3,23.7,879.8,23.074916441089446,13886.205000000002,0.7523267283490506,1.3174748214605079
Greene,2011,19.40097499067727,12,7.51697388142589,221.45019488377164,147954.29703437648,29.4,625.1,254627.0,12.9,4.3,1076.45,44.24490550557363,18377.94,-1.418627599660204,1.3174748214605079
Greene,2012,4.863564648813577,12,8.193611746695904,55.57582160747201,147954.29703437648,47.9,562.4,254627.0,29.4,12.9,625.1,19.40097499067727,26938.96,-1.7202091580210777,1.3174748214605079
Greene,2013,48.6520164669343,12,13.985859795997818,192.46348044656418,147954.29703437648,40.6,730.5,254627.0,47.9,29.4,562.4,4.863564648813577,29658.3,-0.9116627471684008,1.3174748214605079
Greene,2014,39.75139815983244,12,14.124737475833433,241.6216002525633,147954.29703437648,14.0,916.9,254627.0,40.6,47.9,730.5,48.6520164669343,12836.6,-0.015094924545325647,1.3174748214605079
Greene,2015,88.58953048149604,12,18.33307008783575,456.83632963912856,147954.29703437648,14.8,1138.25,254627.0,14.0,40.6,916.9,39.75139815983244,16846.100000000002,1.0495793648195764,1.3174748214605079
Greene,2016,50.59478766763693,12,12.787977610661516,371.91032739777074,147954.29703437648,17.2,752.25,254627.0,14.8,14.0,1138.25,88.58953048149604,12938.699999999999,-0.807047134818337,1.3174748214605079
Greene,2017,28.167667010718596,12,9.429976220217386,236.30349887365986,147954.29703437648,23.5,702.75,254627.0,17.2,14.8,752.25,50.59478766763693,16514.625,-1.0451378387874477,1.3174748214605079
Greene,2018,47.24357069920517,12,10.251504953324227,430.4847513379861,147954.29703437648,15.1,1060.75,254627.0,23.5,17.2,702.75,28.167667010718596,16017.324999999999,0.6768110909285445,1.3174748214605079
Greene,2019,34.52983373072001,12,8.036119371251297,441.6185239216148,147954.29703437648,12.1,883.75,254627.0,15.1,23.5,1060.75,47.24357069920517,10693.375,-0.17454354750645723,1.3174748214605079
Grundy,2001,30.130010366643916,12,8.001799907919342,282.45217788984513,129975.75317329979,2.8,745.6,243791.0,15.7,,977.6,12.986196579521774,2087.68,-0.8390330576747932,1.1901581164531314
Grundy,2002,8.94301631758679,12,6.8840528683579905,118.32403461812034,129975.75317329979,-2.6,799.65,243791.0,2.8,15.7,745.6,30.130010366643916,-2079.09,-0.5790572485933706,1.1901581164531314
Grundy,2003,16.41793826071176,12,6.861315552129446,153.78927672896415,129975.75317329979,-1.5,827.05,243791.0,-2.6,2.8,799.65,8.94301631758679,-1240.5749999999998,-0.44726562659834784,1.1901581164531314
Grundy,2004,23.065403659518985,12,7.324747523722853,260.39961393521827,129975.75317329979,2.2,879.75,243791.0,-1.5,-2.6,827.05,16.41793826071176,1935.45,-0.19378320035244595,1.1901581164531314
Grundy,2005,16.208685271938776,12,6.436249768091631,198.68336855380522,129975.75317329979,17.6,876.2,243791.0,2.2,-1.5,879.75,23.065403659518985,15421.120000000003,-0.21085839225326075,1.1901581164531314
Grundy,2006,18.95560467991177,12,8.96670183060287,186.36900338303482,129975.75317329979,15.7,890.8,243791.0,17.6,2.2,876.2,16.208685271938776,13985.56,-0.14063365936540229,1.1901581164531314
Grundy,2007,42.04183543082744,12,8.789338839360259,475.2243241300677,129975.75317329979,34.8,1146.0,243791.0,15.7,17.6,890.8,18.95560467991177,39880.799999999996,1.0868561922086795,1.1901581164531314
Grundy,2008,49.59766098415725,12,6.875523878923953,605.6147867074424,129975.75317329979,28.8,1208.8,243791.0,34.8,15.7,1146.0,42.04183543082744,34813.44,1.3889187418907025,1.1901581164531314
Grundy,2009,27.69215935623046,12,6.6929949129476,392.72320424260926,129975.75317329979,20.7,1130.6,243791.0,28.8,34.8,1208.8,49.59766098415725,23403.42,1.0127835287516225,1.1901581164531314
Grundy,2010,35.49740115523383,12,6.909096461976579,500.64114964690384,129975.75317329979,7.3,1016.15,243791.0,20.7,28.8,1130.6,27.69215935623046,7417.8949999999995,0.46228896169576994,1.1901581164531314
Grundy,2011,20.81387298900716,12,5.969334359737947,286.518012075635,129975.75317329979,36.0,825.4,243791.0,7.3,20.7,1016.15,35.49740115523383,29714.399999999998,-0.45520198339731804,1.1901581164531314
Grundy,2012,5.383775814978786,12,4.146463705251362,92.46797101492453,129975.75317329979,29.1,568.05,243791.0,36.0,7.3,825.4,20.81387298900716,16530.255,-1.6930331483761187,1.1901581164531314
Grundy,2013,38.66170743018842,12,5.875090646416072,392.2019189268701,129975.75317329979,19.6,1003.8499999999999,243791.0,29.1,36.0,568.05,5.383775814978786,19675.46,0.4031270291943543,1.1901581164531314
Grundy,2014,21.417705618310663,12,5.802829049916652,326.0585532297425,129975.75317329979,8.4,1043.05,243791.0,19.6,29.1,1003.8499999999999,38.66170743018842,8761.62,0.5916756270850442,1.1901581164531314
Grundy,2015,32.67750985268337,12,9.307568259246278,324.48892932276254,129975.75317329979,7.1,1196.8999999999999,243791.0,8.4,19.6,1043.05,21.417705618310663,8497.989999999998,1.3316807746738857,1.1901581164531314
Grundy,2016,49.021681242730544,12,9.815069754363147,504.6371672464598,129975.75317329979,13.8,965.45,243791.0,7.1,8.4,1196.8999999999999,32.67750985268337,13323.210000000001,0.21842636187286302,1.1901581164531314
Grundy,2017,29.3124816325549,12,7.619707540100523,326.57980456387463,129975.75317329979,10.6,858.5,243791.0,13.8,7.1,965.45,49.021681242730544,9100.1,-0.29599385609676115,1.1901581164531314
Grundy,2018,47.92391637232657,12,8.096985549978616,579.3078470005507,129975.75317329979,-2.2,1269.8,243791.0,10.6,13.8,858.5,29.3124816325549,-2793.56,1.6823234477920308,1.1901581164531314
Grundy,2019,33.853379716456764,12,6.479929152654008,493.9922676904845,129975.75317329979,0.3,1020.7,243791.0,-2.2,10.6,1269.8,47.92391637232657,306.21,0.4841740668080825,1.1901581164531314
Guthrie,2001,10.994595372173414,12,4.64718820848575,178.1638177967182,153584.305620162,-4.2,732.9666666666667,126476.0,-5.0,,573.5333333333333,1.3972553989986696,-3078.46,-0.8997982945800409,-0.18822498136343946
Guthrie,2002,7.249409280099197,12,5.6103302587263215,110.23039932795926,153584.305620162,-10.1,840.4,126476.0,-4.2,-5.0,732.9666666666667,10.994595372173414,-8488.039999999999,-0.3830532852248603,-0.18822498136343946
Guthrie,2003,12.231833906766603,12,5.83402928366763,148.05482772127587,153584.305620162,-9.2,782.9666666666667,126476.0,-10.1,-4.2,840.4,7.249409280099197,-7203.293333333333,-0.6593026340051817,-0.18822498136343946
Guthrie,2004,17.17256324579172,12,5.329536782738739,216.8155622297919,153584.305620162,-9.8,869.4000000000001,126476.0,-9.2,-10.1,782.9666666666667,12.231833906766603,-8520.12,-0.24356580209144138,-0.18822498136343946
Guthrie,2005,8.152648171939706,12,4.5844752287850055,123.52444503592099,153584.305620162,-1.8,840.8333333333333,126476.0,-9.8,-9.2,869.4000000000001,17.17256324579172,-1513.5,-0.38096898949987845,-0.18822498136343946
Guthrie,2006,5.641556497706264,12,5.066460126491287,107.2129784567394,153584.305620162,-1.4,905.1333333333333,126476.0,-1.8,-9.8,840.8333333333333,8.152648171939706,-1267.1866666666665,-0.07169157000060912,-0.18822498136343946
Guthrie,2007,32.82813701458958,12,7.722136368226569,366.404633976159,153584.305620162,-4.9,1192.0666666666666,126476.0,-1.4,-1.8,905.1333333333333,5.641556497706264,-5841.126666666667,1.3084328608183162,-0.18822498136343946
Guthrie,2008,29.79843744003225,12,7.047827642195718,425.69118798935705,153584.305620162,1.0,1111.8333333333333,126476.0,-4.9,-1.4,1192.0666666666666,32.82813701458958,1111.8333333333333,0.9225174908158587,-0.18822498136343946
Guthrie,2009,19.162196973835872,12,6.9789257224976735,269.35118756467267,153584.305620162,-9.5,992.5,126476.0,1.0,-4.9,1111.8333333333333,29.79843744003225,-9428.75,0.34853451424386167,-0.18822498136343946
Guthrie,2010,26.457068027404617,12,5.006269378333257,530.9968113340113,153584.305620162,2.7,1230.9,126476.0,-9.5,1.0,992.5,19.162196973835872,3323.4300000000003,1.495217823864791,-0.18822498136343946
Guthrie,2011,8.855491421071632,12,3.8972796534831353,197.07186837247303,153584.305620162,40.1,761.0333333333333,126476.0,2.7,-9.5,1230.9,26.457068027404617,30517.43666666667,-0.7648000637773535,-0.18822498136343946
Guthrie,2012,1.896704246600092,12,2.4969874189302423,61.63841230248618,153584.305620162,55.1,708.6666666666666,126476.0,40.1,2.7,761.0333333333333,8.855491421071632,39047.53333333333,-1.0166791856194228,-0.18822498136343946
Guthrie,2013,21.78126657619494,12,5.759385808706926,216.1298127430933,153584.305620162,43.8,859.2333333333333,126476.0,55.1,40.1,708.6666666666666,1.896704246600092,37634.42,-0.2924665864083298,-0.18822498136343946
Guthrie,2014,15.20325359424007,12,5.122767084286728,285.89468455279155,153584.305620162,18.1,1025.8666666666666,126476.0,43.8,55.1,859.2333333333333,21.78126657619494,18568.186666666665,0.5090252850674839,-0.18822498136343946
Guthrie,2015,49.193198593602844,12,9.295622093191664,513.9089122057602,153584.305620162,3.8,1224.6666666666665,126476.0,18.1,43.8,1025.8666666666666,15.20325359424007,4653.733333333333,1.465236031513124,-0.18822498136343946
Guthrie,2016,30.03739796582105,12,7.683307322837931,373.7847387659348,153584.305620162,2.9,838.0333333333333,126476.0,3.8,18.1,1224.6666666666665,49.193198593602844,2430.2966666666666,-0.39443674649207033,-0.18822498136343946
Guthrie,2017,16.243441641816503,12,5.310608986396457,241.28789939424877,153584.305620162,6.3,843.1333333333333,126476.0,2.9,3.8,838.0333333333333,30.03739796582105,5311.74,-0.3699061891134346,-0.18822498136343946
Guthrie,2018,22.84875064729167,12,5.807770556478363,362.09998275303093,153584.305620162,-1.4,1083.5,126476.0,6.3,2.9,843.1333333333333,16.243441641816503,-1516.8999999999999,0.7862366164901055,-0.18822498136343946
Guthrie,2019,24.12300694328041,12,5.929710347243321,396.42714228180927,153584.305620162,-3.3,874.2,126476.0,-1.4,6.3,1083.5,22.84875064729167,-2884.86,-0.2204782186762551,-0.18822498136343946
Hamilton,2001,31.65473775401944,12,8.849528261407501,265.76146929258806,149566.77186552502,22.2,895.2666666666667,230856.0,36.1,,707.1333333333333,5.464653146108886,19874.92,-0.11914938035404804,1.0381793808246327
Hamilton,2002,17.103113363094387,12,10.337246300609285,137.5224048871656,149566.77186552502,22.3,842.9333333333334,230856.0,22.2,36.1,895.2666666666667,31.65473775401944,18797.413333333334,-0.37086817175573367,1.0381793808246327
Hamilton,2003,21.304195271553905,12,7.552879688686119,171.26810816778024,149566.77186552502,28.4,749.8000000000001,230856.0,22.3,22.2,842.9333333333334,17.103113363094387,21294.32,-0.8188314221865048,1.0381793808246327
Hamilton,2004,27.67912290703175,12,8.454897451588016,234.1864780216775,149566.77186552502,27.7,984.0666666666667,230856.0,28.4,22.3,749.8000000000001,21.304195271553905,27258.646666666667,0.3079709128269023,1.0381793808246327
Hamilton,2005,21.941273068833024,12,8.69610342958241,186.6411338198236,149566.77186552502,31.6,841.5333333333333,230856.0,27.7,28.4,984.0666666666667,27.67912290703175,26592.453333333335,-0.3776020502518302,1.0381793808246327
Hamilton,2006,21.9809145252625,12,10.42680808499933,187.41716795287968,149566.77186552502,25.5,854.1666666666666,230856.0,31.6,27.7,841.5333333333333,21.941273068833024,21781.25,-0.3168368133465825,1.0381793808246327
Hamilton,2007,49.097969417618266,12,10.504587952645705,433.6155794785149,149566.77186552502,41.6,1215.8666666666666,230856.0,25.5,31.6,854.1666666666666,21.9809145252625,50580.05333333333,1.422908795251949,1.0381793808246327
Hamilton,2008,45.89776268197004,12,8.625740044804948,489.9633708178992,149566.77186552502,49.7,1152.25,230856.0,41.6,25.5,1215.8666666666666,49.097969417618266,57266.825000000004,1.116918149780537,1.0381793808246327
Hamilton,2009,33.16901770025873,12,8.388403607599836,345.0477801562462,149566.77186552502,39.1,997.25,230856.0,49.7,41.6,1152.25,45.89776268197004,38992.475,0.37138160199847325,1.0381793808246327
Hamilton,2010,40.916570163352525,12,6.420987668710171,641.7827540632074,149566.77186552502,51.6,1214.8999999999999,230856.0,39.1,49.7,997.25,33.16901770025873,62688.84,1.4182592124808349,1.0381793808246327
Hamilton,2011,17.719187791221195,12,6.008624787934228,217.63252989953872,149566.77186552502,74.0,670.85,230856.0,51.6,39.1,1214.8999999999999,40.916570163352525,49642.9,-1.1985740702342078,1.0381793808246327
Hamilton,2012,3.3516655819588954,12,6.491213160908816,41.38978969845636,149566.77186552502,99.5,640.95,230856.0,74.0,51.6,670.85,17.719187791221195,63774.525,-1.3423904752579734,1.0381793808246327
Hamilton,2013,37.28042219945493,12,7.8828327563248655,240.79388631400656,149566.77186552502,93.9,877.1999999999999,230856.0,99.5,74.0,640.95,3.3516655819588954,82369.08,-0.2060484790417641,1.0381793808246327
Hamilton,2014,35.75066393398422,12,9.51709809313728,278.78316889879267,149566.77186552502,69.3,1050.7,230856.0,93.9,99.5,877.1999999999999,37.28042219945493,72813.51,0.6284714631529981,1.0381793808246327
Hamilton,2015,44.36283729637172,12,10.65803065263709,398.84986241907524,149566.77186552502,67.1,1123.6,230856.0,69.3,93.9,1050.7,35.75066393398422,75393.55999999998,0.9791141362711422,1.0381793808246327
Hamilton,2016,36.94357685702217,12,9.263012412729385,391.16805152379055,149566.77186552502,71.3,1033.0,230856.0,67.1,69.3,1123.6,44.36283729637172,73652.9,0.5433359993094976,1.0381793808246327
Hamilton,2017,23.038987597561153,12,6.680408672097513,257.14425038944563,149566.77186552502,91.1,844.3,230856.0,71.3,67.1,1033.0,36.94357685702217,76915.73,-0.36429462370002136,1.0381793808246327
Hamilton,2018,41.26345976166368,12,6.44191453490896,586.0129737086104,149566.77186552502,74.9,1325.65,230856.0,91.1,71.3,844.3,23.038987597561153,99291.18500000001,1.9509571006541493,1.0381793808246327
Hamilton,2019,26.738595019782377,12,5.5389880171904595,451.69720716910643,149566.77186552502,66.6,1219.4,230856.0,74.9,91.1,1325.65,41.26345976166368,81212.04,1.4399038219325733,1.0381793808246327
Hancock,2001,35.07758605866465,12,7.275574899403607,330.26237574282715,148438.9157405132,5.0,894.7,261607.0,13.4,,820.9,9.074313949176574,4473.5,-0.12187499784056283,1.3994857665464702
Hancock,2002,17.404557928260544,12,8.70137004195629,167.7558363122683,148438.9157405132,1.3,715.25,261607.0,5.0,13.4,894.7,35.07758605866465,929.825,-0.9850139236437329,1.3994857665464702
Hancock,2003,18.958480745540285,12,6.0323789162618935,167.0712904118745,148438.9157405132,2.4,662.55,261607.0,1.3,5.0,715.25,17.404557928260544,1590.12,-1.2384963498896346,1.3994857665464702
Hancock,2004,19.545847953186193,12,6.1264989672109005,216.07937085097305,148438.9157405132,4.3,938.5500000000001,261607.0,2.4,1.3,662.55,18.958480745540285,4035.7650000000003,0.08903969648358884,1.3994857665464702
Hancock,2005,21.95489579853789,12,7.81478991505007,219.31384479145626,148438.9157405132,15.6,976.5,261607.0,4.3,2.4,938.5500000000001,19.545847953186193,15233.4,0.2715759028599067,1.3994857665464702
Hancock,2006,20.885582562779252,12,8.515531637548575,193.34070329173474,148438.9157405132,9.7,731.8000000000001,261607.0,15.6,4.3,976.5,21.95489579853789,7098.46,-0.9054098599934541,1.3994857665464702
Hancock,2007,42.82863316598393,12,9.51217673322545,428.447818566842,148438.9157405132,25.4,1064.6499999999999,261607.0,9.7,15.6,731.8000000000001,20.885582562779252,27042.109999999993,0.6955697524533829,1.3994857665464702
Hancock,2008,37.05461655247863,12,7.435392225785786,447.7148629060713,148438.9157405132,26.0,1067.95,261607.0,25.4,9.7,1064.6499999999999,42.82863316598393,27766.7,0.7114424660513244,1.3994857665464702
Hancock,2009,27.882385355225157,12,8.010432892713348,301.4202235882238,148438.9157405132,17.7,981.55,261607.0,26.0,25.4,1067.95,37.05461655247863,17373.434999999998,0.29586596457796727,1.3994857665464702
Hancock,2010,39.307587050652586,12,6.918856403938045,513.531702435279,148438.9157405132,26.8,911.95,261607.0,17.7,26.0,981.55,27.882385355225157,24440.260000000002,-0.03890399494223638,1.3994857665464702
Hancock,2011,22.145306004049285,12,5.609623315425163,240.3547647581977,148438.9157405132,48.6,628.3,261607.0,26.8,17.7,911.95,39.307587050652586,30535.379999999997,-1.4032358773834133,1.3994857665464702
Hancock,2012,2.604049249241182,12,2.5798683780984075,42.41352173834109,148438.9157405132,67.3,544.3,261607.0,48.6,26.8,628.3,22.145306004049285,36631.38999999999,-1.807268587149177,1.3994857665464702
Hancock,2013,38.808354822691186,12,7.136614274339898,253.59989827035727,148438.9157405132,44.4,863.95,261607.0,67.3,48.6,544.3,2.604049249241182,38359.38,-0.26977982909410125,1.3994857665464702
Hancock,2014,39.74843942320816,12,10.290474152716175,275.3959972770356,148438.9157405132,36.8,987.3000000000001,261607.0,44.4,67.3,863.95,38.808354822691186,36332.64,0.3235229655440766,1.3994857665464702
Hancock,2015,38.368484752755826,12,11.205871302897132,307.9978268639039,148438.9157405132,26.5,1045.7,261607.0,36.8,44.4,987.3000000000001,39.74843942320816,27711.050000000003,0.6044218970955121,1.3994857665464702
Hancock,2016,51.03901772384926,12,11.195786138438551,461.19451919900285,148438.9157405132,31.5,1069.15,261607.0,26.5,36.8,1045.7,38.368484752755826,33678.225000000006,0.7172143619051213,1.3994857665464702
Hancock,2017,26.54524443730664,12,7.138991805409688,289.02464287934896,148438.9157405132,37.2,947.85,261607.0,31.5,26.5,1069.15,51.03901772384926,35260.020000000004,0.13377188935051246,1.3994857665464702
Hancock,2018,51.35753666421951,12,7.5508482459242225,611.4155921909528,148438.9157405132,37.7,1523.45,261607.0,37.2,31.5,947.85,26.54524443730664,57434.06500000001,2.9023579338882923,1.3994857665464702
Hancock,2019,33.46336974475476,12,6.3872453290323845,482.7019446780928,148438.9157405132,26.1,1147.6,261607.0,37.7,37.2,1523.45,51.35753666421951,29952.36,1.0945520533470745,1.3994857665464702
Hardin,2001,31.082990105166587,12,7.080574802924957,306.19037035393853,147628.73709839984,46.8,819.62,250862.0,52.1,,771.1,8.16780686375917,38358.216,-0.48300328175977164,1.2732382586741686
Hardin,2002,16.27291883492275,12,7.901139582863955,178.6337349729363,147628.73709839984,48.7,765.26,250862.0,46.8,52.1,819.62,31.082990105166587,37268.162000000004,-0.7444701639367587,1.2732382586741686
Hardin,2003,16.687260845066938,12,5.884904104319488,152.38674974320372,147628.73709839984,52.0,712.1,250862.0,48.7,46.8,765.26,16.27291883492275,37029.200000000004,-1.000165150259949,1.2732382586741686
Hardin,2004,17.837396814014575,12,5.932428590843124,204.5741158647049,147628.73709839984,45.6,795.9599999999999,250862.0,52.0,48.7,712.1,16.687260845066938,36295.776,-0.5968058283437955,1.2732382586741686
Hardin,2005,19.531101972824075,12,7.038064686729868,217.1635842384392,147628.73709839984,53.1,790.58,250862.0,45.6,52.0,795.9599999999999,17.837396814014575,41979.798,-0.6226831614216497,1.2732382586741686
Hardin,2006,20.120007090550175,12,8.27531504225867,203.52743968937688,147628.73709839984,53.1,876.42,250862.0,53.1,45.6,790.58,19.531101972824075,46537.902,-0.20980021134673177,1.2732382586741686
Hardin,2007,43.01182368672369,12,8.835288502111496,468.8452421341254,147628.73709839984,60.8,1255.3799999999999,250862.0,53.1,53.1,876.42,20.120007090550175,76327.10399999999,1.612964499282241,1.2732382586741686
Hardin,2008,35.15283168142179,12,6.538300355390663,513.3310582878795,147628.73709839984,76.2,1253.48,250862.0,60.8,53.1,1255.3799999999999,43.01182368672369,95515.176,1.603825664180397,1.2732382586741686
Hardin,2009,31.139257694767764,12,7.612368100329125,356.13997525604503,147628.73709839984,57.5,1049.78,250862.0,76.2,60.8,1253.48,35.15283168142179,60362.35,0.6240463429984202,1.2732382586741686
Hardin,2010,37.22324643601156,12,6.877758131036106,496.6417662232489,147628.73709839984,57.1,1091.375,250862.0,57.5,76.2,1049.78,31.139257694767764,62317.512500000004,0.8241146830306458,1.2732382586741686
Hardin,2011,22.547257747267185,12,5.798063661467409,237.85940020312012,147628.73709839984,79.6,886.6999999999999,250862.0,57.1,57.5,1091.375,37.22324643601156,70581.31999999999,-0.16035430353254085,1.2732382586741686
Hardin,2012,2.718892171577071,12,2.6176409149553237,52.24981860128237,147628.73709839984,81.5,700.025,250862.0,79.6,57.1,886.6999999999999,22.547257747267185,57052.0375,-1.0582448522887777,1.2732382586741686
Hardin,2013,32.93993995525256,12,7.342901791609965,258.63933177490895,147628.73709839984,78.9,1003.475,250862.0,81.5,79.6,700.025,2.718892171577071,79174.1775,0.4013233117400434,1.2732382586741686
Hardin,2014,43.06477111983606,12,9.805209901914496,316.6353967365072,147628.73709839984,60.4,1075.2749999999999,250862.0,78.9,81.5,1003.475,32.93993995525256,64946.60999999999,0.7466750803255404,1.2732382586741686
Hardin,2015,37.45004964780648,12,10.259581955204377,328.3669003875081,147628.73709839984,49.0,1102.35,250862.0,60.4,78.9,1075.2749999999999,43.06477111983606,54015.149999999994,0.876903480526827,1.2732382586741686
Hardin,2016,45.287507401135485,12,10.37952626456393,438.03192647597126,147628.73709839984,49.8,1063.8,250862.0,49.0,60.4,1102.35,37.45004964780648,52977.24,0.6914813262236107,1.2732382586741686
Hardin,2017,24.896103536978764,12,6.7841896341356005,296.5273552808396,147628.73709839984,52.8,848.45,250862.0,49.8,49.0,1063.8,45.287507401135485,44798.16,-0.3443334838723076,1.2732382586741686
Hardin,2018,49.445966364344834,12,8.188757894575799,574.5092361507667,147628.73709839984,48.9,1284.7,250862.0,52.8,49.8,848.45,24.896103536978764,62821.83,1.7539911546433393,1.2732382586741686
Hardin,2019,35.84048306524971,12,6.881795866710653,479.9210759715116,147628.73709839984,57.1,1120.7,250862.0,48.9,52.8,1284.7,49.445966364344834,63991.97,0.9651653879578009,1.2732382586741686
Harrison,2001,6.5416459789208,12,5.516473634864073,116.29499313477329,181323.78715231136,-3.6,900.0749999999999,12491.0,-0.1,,481.925,1.874715187220965,-3240.27,-0.09602171432876601,-1.5274825136877104
Harrison,2002,3.8200110894386494,12,6.130514625619367,66.4782271536072,181323.78715231136,-13.5,704.0749999999999,12491.0,-3.6,-0.1,900.0749999999999,6.5416459789208,-9505.012499999999,-1.0387647037822143,-1.5274825136877104
Harrison,2003,5.600353925173769,12,5.8765982042644715,90.107968808119,181323.78715231136,-12.1,791.6,12491.0,-13.5,-3.6,704.0749999999999,3.8200110894386494,-9578.36,-0.6177770499459228,-1.5274825136877104
Harrison,2004,7.336214310868698,12,7.096245715319381,93.20100865333355,181323.78715231136,-13.6,829.725,12491.0,-12.1,-13.5,791.6,5.600353925173769,-11284.26,-0.4343991087575925,-1.5274825136877104
Harrison,2005,5.100624418808869,12,6.526361158156415,73.98605319555777,181323.78715231136,-1.7,698.35,12491.0,-13.6,-12.1,829.725,7.336214310868698,-1187.195,-1.0663014569180351,-1.5274825136877104
Harrison,2006,2.913401606132978,12,5.663464080313678,50.929746741390204,181323.78715231136,0.9,785.275,12491.0,-1.7,-13.6,698.35,5.100624418808869,706.7475,-0.6481997510086426,-1.5274825136877104
Harrison,2007,18.973035375531087,12,8.614100501572407,203.6339126066542,181323.78715231136,0.7,1080.075,12491.0,0.9,-1.7,785.275,2.913401606132978,756.0525,0.7697626637407279,-1.5274825136877104
Harrison,2008,13.227197993152235,8,7.434136686895888,200.8361002723425,181323.78715231136,-4.4,953.775,12491.0,0.7,0.9,1080.075,18.973035375531087,-4196.610000000001,0.16227062512863305,-1.5274825136877104
Harrison,2009,6.915871341091744,9,6.054578947119209,114.86846563609761,181323.78715231136,-22.4,910.5,12491.0,-4.4,0.7,953.775,13.227197993152235,-20395.199999999997,-0.04587836909890752,-1.5274825136877104
Harrison,2010,19.01827544542806,12,7.25949252052093,274.32505963917265,181323.78715231136,-7.0,1056.7333333333333,12491.0,-22.4,-4.4,910.5,6.915871341091744,-7397.133333333333,0.6574912728623642,-1.5274825136877104
Harrison,2011,13.643523818009788,12,7.4666547925974385,177.37514234674566,181323.78715231136,-3.6,829.0,12491.0,-7.0,-22.4,1056.7333333333333,19.01827544542806,-2984.4,-0.4378862958359281,-1.5274825136877104
Harrison,2012,2.7745047663797573,12,5.0092139797839,52.92825026557359,181323.78715231136,11.7,621.6333333333333,12491.0,-3.6,-7.0,829.0,13.643523818009788,7273.11,-1.435301965460061,-1.5274825136877104
Harrison,2013,7.798642938539346,12,7.008579239410394,79.0555451066294,181323.78715231136,-13.1,743.1,12491.0,11.7,-3.6,621.6333333333333,2.7745047663797573,-9734.61,-0.8510578407035362,-1.5274825136877104
Harrison,2014,14.917235563362208,12,9.295426484595472,171.16398209698093,181323.78715231136,-15.1,1046.2,12491.0,-13.1,11.7,743.1,7.798642938539346,-15797.62,0.6068268537012607,-1.5274825136877104
Harrison,2015,30.174806501172704,12,9.94654143324391,304.97779819647775,181323.78715231136,-22.9,1193.5333333333333,12491.0,-15.1,-13.1,1046.2,14.917235563362208,-27331.91333333333,1.3154874001951788,-1.5274825136877104
Harrison,2016,28.85641853733386,12,9.518230912452667,290.20992612631466,181323.78715231136,-25.0,964.1333333333333,12491.0,-22.9,-15.1,1193.5333333333333,30.174806501172704,-24103.333333333332,0.21209330947772478,-1.5274825136877104
Harrison,2017,16.37234709620652,12,7.794603211535999,208.04684645420932,181323.78715231136,-16.8,984.3333333333333,12491.0,-25.0,-22.9,964.1333333333333,28.85641853733386,-16536.8,0.3092535563499676,-1.5274825136877104
Harrison,2018,19.11661622391127,12,7.901520666307959,250.53566513920057,181323.78715231136,-17.0,1223.3,12491.0,-16.8,-25.0,984.3333333333333,16.37234709620652,-20796.1,1.4586624834574118,-1.5274825136877104
Harrison,2019,19.91048996153836,12,7.496706942979962,287.7372557634898,181323.78715231136,-19.9,1153.1,12491.0,-17.0,-16.8,1223.3,19.11661622391127,-22946.689999999995,1.1210065760103092,-1.5274825136877104
Henry,2001,22.337320362301696,12,4.672248879785362,353.67379376233873,113060.93079829674,-3.0,1053.1,89370.0,-3.8,,789.0,8.771098512925263,-3159.2999999999997,0.6400152548605906,-0.6241989252545163
Henry,2002,9.963497728072596,12,3.484199719538547,174.45128687524272,113060.93079829674,-15.2,757.3,89370.0,-3.0,-3.8,1053.1,22.337320362301696,-11510.96,-0.7827570731002764,-0.6241989252545163
Henry,2003,2.065949479548596,12,1.9435181422225822,74.68339206269445,113060.93079829674,-14.4,852.3,89370.0,-15.2,-3.0,757.3,9.963497728072596,-12273.119999999999,-0.3258153180080439,-0.6241989252545163
Henry,2004,11.462072443023299,12,5.925016370705719,201.82246293311255,113060.93079829674,-12.5,910.7,89370.0,-14.4,-15.2,852.3,2.065949479548596,-11383.75,-0.044916386456607865,-0.6241989252545163
Henry,2005,5.399191770415626,12,3.1866813249379753,120.8748775696012,113060.93079829674,3.0,677.4,89370.0,-12.5,-14.4,910.7,11.462072443023299,2032.1999999999998,-1.1670691386989014,-0.6241989252545163
Henry,2006,5.354562582417355,12,4.979005363747706,86.16984308815356,113060.93079829674,-3.1,793.8,89370.0,3.0,-12.5,677.4,5.399191770415626,-2460.7799999999997,-0.6071952408806293,-0.6241989252545163
Henry,2007,22.49196386015174,12,6.555098401951401,355.9847064527229,113060.93079829674,-14.5,1213.6000000000001,89370.0,-3.1,3.0,793.8,5.354562582417355,-17597.2,1.4120063253058899,-0.6241989252545163
Henry,2008,24.385633884887852,9,4.742274636915257,514.6190185499818,113060.93079829674,-3.9,1232.65,89370.0,-14.5,-3.1,1213.6000000000001,22.49196386015174,-4807.335,1.503635171984911,-0.6241989252545163
Henry,2009,21.982937600112024,9,4.3189344614740515,468.6700354733215,113060.93079829674,-6.0,1311.05,89370.0,-3.9,-14.5,1232.65,24.385633884887852,-7866.299999999999,1.8807323677662897,-0.6241989252545163
Henry,2010,26.5037023681885,12,3.6712177859647857,793.973699488386,113060.93079829674,8.2,1408.0,89370.0,-6.0,-3.9,1311.05,21.982937600112024,11545.599999999999,2.347053453620942,-0.6241989252545163
Henry,2011,19.53120534561537,12,3.5590539178918843,332.3872926362223,113060.93079829674,13.0,1137.5333333333333,89370.0,8.2,-6.0,1408.0,26.5037023681885,14787.933333333332,1.0461322603513366,-0.6241989252545163
Henry,2012,2.3981306430844995,12,2.768952649790476,63.02213085451582,113060.93079829674,0.0,728.0999999999999,89370.0,13.0,8.2,1137.5333333333333,19.53120534561537,0.0,-0.9232065388759945,-0.6241989252545163
Henry,2013,19.502259858366816,12,3.969458684178782,321.82823008868274,113060.93079829674,-16.8,922.0666666666666,89370.0,0.0,13.0,728.0999999999999,2.3981306430844995,-15490.72,0.009756293714076292,-0.6241989252545163
Henry,2014,7.972962386624151,12,2.8617649898301587,273.78103577349884,113060.93079829674,-17.9,996.1,89370.0,-16.8,0.0,922.0666666666666,19.502259858366816,-17830.19,0.36585020180525163,-0.6241989252545163
Henry,2015,25.058959811115898,12,5.870894352495359,376.28054725056484,113060.93079829674,-16.6,1026.5,89370.0,-17.9,-16.8,996.1,7.972962386624151,-17039.9,0.5120715634347659,-0.6241989252545163
Henry,2016,10.864056665138301,12,4.433497357319329,213.48012989201897,113060.93079829674,-21.7,789.7,89370.0,-16.6,-17.9,1026.5,25.058959811115898,-17136.49,-0.6269158850477673,-0.6241989252545163
Henry,2017,12.819583772964291,12,4.763279034827678,156.66103664189558,113060.93079829674,-14.8,740.0,89370.0,-21.7,-16.6,789.7,10.864056665138301,-10952.0,-0.8659685716591775,-0.6241989252545163
Henry,2018,11.109100688981933,12,3.9750095447404816,275.2287454442736,113060.93079829674,-17.8,898.0500000000001,89370.0,-14.8,-21.7,740.0,12.819583772964291,-15985.290000000003,-0.10576178858204714,-0.6241989252545163
Henry,2019,20.64063149575828,12,3.5167126124577126,474.4737705550033,113060.93079829674,-8.5,1255.5,89370.0,-17.8,-14.8,898.0500000000001,11.109100688981933,-10671.75,1.6135416888676213,-0.6241989252545163
Howard,2001,24.77562641022103,12,6.65295142733489,286.94411018506224,122705.236376123,5.1,765.8,186607.0,12.0,,959.0,17.469202527540563,3905.5799999999995,-0.7418728108025504,0.5182793365397121
Howard,2002,7.2000831244626085,12,4.561992541629139,142.21682624029845,122705.236376123,1.9,770.3,186607.0,5.1,12.0,765.8,24.77562641022103,1463.57,-0.7202282013508131,0.5182793365397121
Howard,2003,6.341137560282913,12,4.1312269603633425,118.15637438709932,122705.236376123,6.7,640.4,186607.0,1.9,5.1,770.3,7.2000831244626085,4290.68,-1.3450359275242973,0.5182793365397121
Howard,2004,21.119077472372837,12,5.420046265606312,352.5927888431247,122705.236376123,11.1,1079.6,186607.0,6.7,1.9,640.4,6.341137560282913,11983.56,0.767477954965266,0.5182793365397121
Howard,2005,11.717735702090652,12,5.5224700985120805,217.03478793552566,122705.236376123,13.5,964.1,186607.0,11.1,6.7,1079.6,21.119077472372837,13015.35,0.2119329790373417,0.5182793365397121
Howard,2006,17.25279886803504,12,6.360289843818901,216.0150365192214,122705.236376123,16.1,792.5,186607.0,13.5,11.1,964.1,11.717735702090652,12759.250000000002,-0.6134481280555754,0.5182793365397121
Howard,2007,33.38361619828838,12,7.850986635375327,429.7952470046566,122705.236376123,26.9,1147.1000000000001,186607.0,16.1,13.5,792.5,17.25279886803504,30856.99,1.0921470967413272,0.5182793365397121
Howard,2008,39.89616677207831,12,6.491606958781882,529.1493274961858,122705.236376123,32.1,1028.5,186607.0,26.9,16.1,1147.1000000000001,33.38361619828838,33014.85,0.5216913898577603,0.5182793365397121
Howard,2009,12.173186769523372,9,5.534536590693202,204.7517794938769,122705.236376123,19.7,850.55,186607.0,32.1,26.9,1028.5,39.89616677207831,16755.835,-0.334232666128164,0.5182793365397121
Howard,2010,29.224167318217987,12,6.916010047081094,416.8675567985565,122705.236376123,9.2,940.5,186607.0,19.7,32.1,850.55,12.173186769523372,8652.599999999999,0.09841902724600803,0.5182793365397121
Howard,2011,23.589417225194804,12,6.4315707864480585,340.96925649949264,122705.236376123,29.7,737.0,186607.0,9.2,19.7,940.5,29.224167318217987,21888.899999999998,-0.8803983112936691,0.5182793365397121
Howard,2012,7.5460170550538885,12,4.582145984977061,126.19640862854548,122705.236376123,46.5,730.85,186607.0,29.7,9.2,737.0,23.589417225194804,33984.525,-0.9099792775443767,0.5182793365397121
Howard,2013,39.14513666820524,12,5.961226550577834,481.78177344549897,122705.236376123,20.2,1146.7,186607.0,46.5,29.7,730.85,7.5460170550538885,23163.34,1.090223131456728,0.5182793365397121
Howard,2014,25.630720461485332,12,6.409778717820743,353.3545151795899,122705.236376123,32.0,1000.35,186607.0,20.2,46.5,1146.7,39.14513666820524,32011.2,0.38629233295411464,0.5182793365397121
Howard,2015,20.477481984898535,12,6.209174695771011,262.97730612256885,122705.236376123,18.6,847.3,186607.0,32.0,20.2,1000.35,25.630720461485332,15759.78,-0.34986488406552985,0.5182793365397121
Howard,2016,46.958884531826705,12,8.159762322364946,606.4232060166146,122705.236376123,20.9,1430.05,186607.0,18.6,32.0,847.3,20.477481984898535,29888.045,2.453112039934455,0.5182793365397121
Howard,2017,33.77612634992371,12,6.423251104226638,473.319080579881,122705.236376123,27.0,931.1,186607.0,20.9,18.6,1430.05,46.958884531826705,25139.7,0.0532058430579346,0.5182793365397121
Howard,2018,38.3345405079683,12,5.628177516995763,686.0017052146068,122705.236376123,32.9,1453.45,186607.0,27.0,20.9,931.1,33.77612634992371,47818.505,2.5656640090834895,0.5182793365397121
Howard,2019,34.54251849788607,12,5.211825946943404,648.0987467239484,122705.236376123,37.8,1242.35,186607.0,32.9,27.0,1453.45,38.3345405079683,46960.829999999994,1.550291330136433,0.5182793365397121
Humboldt,2001,29.403119978342428,12,5.679054001925927,309.605421484579,112832.02700119188,3.0,822.35,165019.0,10.8,,681.95,5.383625482171251,2467.05,-0.46987221869238427,0.2646328777265669
Humboldt,2002,8.667615545946958,12,7.627428844079124,90.59577033969039,112832.02700119188,-5.6,774.15,165019.0,3.0,10.8,822.35,29.403119978342428,-4335.24,-0.7017100354865488,0.2646328777265669
Humboldt,2003,16.763569124423555,12,6.021741513724046,138.72326231480105,112832.02700119188,1.9,743.2,165019.0,-5.6,3.0,774.15,8.667615545946958,1412.08,-0.8505768493823863,0.2646328777265669
Humboldt,2004,14.938101318057745,12,6.531324765385224,183.3007564377997,112832.02700119188,-4.2,811.9,165019.0,1.9,-5.6,743.2,16.763569124423555,-3409.98,-0.5201358117525301,0.2646328777265669
Humboldt,2005,21.97680422179234,12,8.50796256524932,215.43333677714142,112832.02700119188,10.1,874.55,165019.0,-4.2,1.9,811.9,14.938101318057745,8832.955,-0.21879474905223154,0.2646328777265669
Humboldt,2006,21.26257366117157,12,7.930059339680927,197.06450788493896,112832.02700119188,7.3,688.9,165019.0,10.1,-4.2,874.55,21.97680422179234,5028.969999999999,-1.1117551367666838,0.2646328777265669
Humboldt,2007,28.1653617163447,12,8.048851891516707,331.69339378472154,112832.02700119188,22.4,1065.1,165019.0,7.3,10.1,688.9,21.26257366117157,23858.239999999998,0.6977342133985568,0.2646328777265669
Humboldt,2008,24.90909673960814,12,7.2024862149791895,283.8102340372119,112832.02700119188,22.5,929.85,165019.0,22.4,7.3,1065.1,28.1653617163447,20921.625,0.047193451543563116,0.2646328777265669
Humboldt,2009,14.382865005529105,12,7.8056588137711485,174.51583671339498,112832.02700119188,9.6,763.95,165019.0,22.5,22.4,929.85,24.90909673960814,7333.92,-0.7507711502438198,0.2646328777265669
Humboldt,2010,32.48647362431631,12,6.506348593875816,477.43753385347935,112832.02700119188,14.6,1158.7,165019.0,9.6,22.5,763.95,14.382865005529105,16917.02,1.147942089994694,0.2646328777265669
Humboldt,2011,23.77596939190698,12,4.890770385554583,294.74288342372546,112832.02700119188,24.7,639.85,165019.0,14.6,9.6,1158.7,32.48647362431631,15804.295,-1.3476813797906204,0.2646328777265669
Humboldt,2012,4.3025579376042105,12,3.1207903149272376,55.604168433937666,112832.02700119188,35.9,602.6999999999999,165019.0,24.7,14.6,639.85,23.77596939190698,21636.929999999997,-1.5263696555977413,0.2646328777265669
Humboldt,2013,25.433140325685056,12,5.604922598388112,171.4925712631383,112832.02700119188,15.6,811.9,165019.0,35.9,24.7,602.6999999999999,4.3025579376042105,12665.64,-0.5201358117525301,0.2646328777265669
Humboldt,2014,21.022043420583334,12,8.62264661134163,178.73135336013132,112832.02700119188,8.6,919.75,165019.0,15.6,35.9,811.9,25.433140325685056,7909.849999999999,-0.0013866718925585608,0.2646328777265669
Humboldt,2015,28.704077507637244,12,10.894738066517865,234.0717600088259,112832.02700119188,6.9,1024.6,165019.0,8.6,15.6,919.75,21.022043420583334,7069.74,0.5029327283329208,0.2646328777265669
Humboldt,2016,44.5603883529015,12,10.672212206956523,398.47610861661553,112832.02700119188,5.1,811.85,165019.0,6.9,8.6,1024.6,28.704077507637244,4140.4349999999995,-0.5203763074131047,0.2646328777265669
Humboldt,2017,22.57394746925835,12,7.086996292589337,255.99965300088763,112832.02700119188,14.1,709.8,165019.0,5.1,6.9,811.85,44.5603883529015,10008.179999999998,-1.0112279506463928,0.2646328777265669
Humboldt,2018,37.37834269381615,12,5.876068281073073,595.3202184370856,112832.02700119188,15.5,1206.3999999999999,165019.0,14.1,5.1,709.8,22.57394746925835,18699.199999999997,1.3773749501831087,0.2646328777265669
Humboldt,2019,26.4642880063966,12,5.118630698034608,501.7109324834288,112832.02700119188,3.1,956.15,165019.0,15.5,14.1,1206.3999999999999,37.37834269381615,2964.065,0.17369416900593887,0.2646328777265669
Ida,2001,7.4888453030528135,12,5.881844465666009,128.37551544802702,111862.04509158529,7.0,862.725,78507.0,26.5,,605.15,1.6391077362678614,6039.075,-0.27567197277818545,-0.7518328645766952
Ida,2002,5.322610051210782,12,6.547132944253712,84.67067566332229,111862.04509158529,8.4,816.15,78507.0,7.0,26.5,862.725,7.4888453030528135,6855.66,-0.49969368060366703,-0.7518328645766952
Ida,2003,12.021007833354409,12,6.853407975140425,136.361196547611,111862.04509158529,6.1,653.7,78507.0,8.4,7.0,816.15,5.322610051210782,3987.57,-1.2810640818113843,-0.7518328645766952
Ida,2004,13.511200327177137,12,7.820129253169668,150.0292307092037,111862.04509158529,9.0,945.9749999999999,78507.0,6.1,8.4,653.7,12.021007833354409,8513.775,0.12475330207895467,-0.7518328645766952
Ida,2005,9.365918287921117,12,7.710743657628427,107.77971668809303,111862.04509158529,17.3,720.725,78507.0,9.0,6.1,945.9749999999999,13.511200327177137,12468.542500000001,-0.9586796488107857,-0.7518328645766952
Ida,2006,7.5712586114647085,12,6.772202344857921,88.7061353715542,111862.04509158529,26.8,687.6,78507.0,17.3,9.0,720.725,9.365918287921117,18427.68,-1.11800802394163,-0.7518328645766952
Ida,2007,23.69181072668674,12,9.050114606103072,247.98492955098618,111862.04509158529,40.3,929.725,78507.0,26.8,17.3,687.6,7.5712586114647085,37467.917499999996,0.04659221239212597,-0.7518328645766952
Ida,2008,16.35025731920743,8,8.248503154146732,204.68489235567625,111862.04509158529,23.2,972.7666666666667,78507.0,40.3,26.8,929.725,23.69181072668674,22568.186666666665,0.2536188935369838,-0.7518328645766952
Ida,2009,9.74950934521637,9,7.696690051086244,125.20801698930168,111862.04509158529,19.5,763.125,78507.0,23.2,40.3,972.7666666666667,16.35025731920743,14880.9375,-0.7547393286433052,-0.7518328645766952
Ida,2010,34.30520753453536,12,9.140115307951676,371.07407821461265,111862.04509158529,10.4,998.7416666666667,78507.0,19.5,23.2,763.125,9.74950934521637,10386.913333333334,0.3785563892056233,-0.7518328645766952
Ida,2011,20.07397888522691,12,8.360961943166492,219.81718580744646,111862.04509158529,38.6,526.4333333333333,78507.0,10.4,19.5,998.7416666666667,34.30520753453536,20320.326666666664,-1.8932057031945932,-0.7518328645766952
Ida,2012,3.6306373504201614,12,5.185158319161204,64.32948455672236,111862.04509158529,44.7,714.5666666666666,78507.0,38.6,10.4,526.4333333333333,20.07397888522691,31941.13,-0.9883006976715896,-0.7518328645766952
Ida,2013,11.544218424843931,12,6.5808309019247995,122.02094222838943,111862.04509158529,24.1,687.0333333333333,78507.0,44.7,38.6,714.5666666666666,3.6306373504201614,16557.503333333334,-1.1207336414281452,-0.7518328645766952
Ida,2014,13.698107130690534,12,7.244066843816949,180.61246728500493,111862.04509158529,5.0,955.5333333333333,78507.0,24.1,44.7,687.0333333333333,11.544218424843931,4777.666666666666,0.1707280558588489,-0.7518328645766952
Ida,2015,33.92238294029508,12,10.788817415704663,310.38194944141617,111862.04509158529,3.1,1065.8,78507.0,5.0,24.1,955.5333333333333,13.698107130690534,3303.98,0.7011011526466051,-0.7518328645766952
Ida,2016,41.276482393892195,12,10.310391270681526,378.5845202499403,111862.04509158529,0.5,845.1,78507.0,3.1,5.0,1065.8,33.92238294029508,422.55,-0.3604466931308233,-0.7518328645766952
Ida,2017,18.875453962427102,12,8.273875938604084,222.92709063560218,111862.04509158529,3.3,839.7333333333333,78507.0,0.5,3.1,845.1,41.276482393892195,2771.12,-0.3862598940325249,-0.7518328645766952
Ida,2018,24.267343604468415,12,8.162225183836641,307.5078296457176,111862.04509158529,-7.2,902.3666666666667,78507.0,3.3,0.5,839.7333333333333,18.875453962427102,-6497.04,-0.08499899655241792,-0.7518328645766952
Ida,2019,27.780420069467894,12,8.008636236681111,371.85908936764656,111862.04509158529,-1.7,945.975,78507.0,-7.2,3.3,902.3666666666667,24.267343604468415,-1608.1575,0.12475330207895523,-0.7518328645766952
Iowa,2001,24.008367405425993,12,6.073628969029033,303.3194195443397,152133.74968382565,-0.8,1070.625,166420.0,3.8,,908.25,7.915102465810019,-856.5,0.7243089838920792,0.28109381383909315
Iowa,2002,11.051885102623142,12,6.715663473845857,142.05578528236302,152133.74968382565,-13.9,966.825,166420.0,-0.8,3.8,1070.625,24.008367405425993,-13438.8675,0.22503999253867163,0.28109381383909315
Iowa,2003,9.235392804455053,12,5.0483259908167994,130.83055608503528,152133.74968382565,-14.5,884.75,166420.0,-13.9,-0.8,966.825,11.051885102623142,-12828.875,-0.16973363429496002,0.28109381383909315
Iowa,2004,18.686780255738675,12,6.624216689711713,241.13363936306152,152133.74968382565,-7.6,1041.7,166420.0,-14.5,-13.9,884.75,9.235392804455053,-7916.92,0.5851822442495234,0.28109381383909315
Iowa,2005,12.982320456393733,12,6.1449631201869215,161.20598128415457,152133.74968382565,8.4,710.025,166420.0,-7.6,-14.5,1041.7,18.686780255738675,5964.21,-1.0101457201738058,0.28109381383909315
Iowa,2006,11.465929463900151,12,7.302419430834028,125.64952047161202,152133.74968382565,-0.5,1005.125,166420.0,8.4,-7.6,710.025,12.982320456393733,-502.5625,0.4092596685390136,0.28109381383909315
Iowa,2007,37.879694915773754,12,8.635796373391655,428.71049611110556,152133.74968382565,-1.9,1335.625,166420.0,-0.5,8.4,1005.125,11.465929463900151,-2537.6875,1.9989359849388333,0.28109381383909315
Iowa,2008,46.351705849976796,10,6.900885172437709,641.206537766362,152133.74968382565,9.0,1530.675,166420.0,-1.9,-0.5,1335.625,37.879694915773754,13776.074999999999,2.9371095568413588,0.28109381383909315
Iowa,2009,24.535694270943313,9,5.78883197262418,421.35952095977626,152133.74968382565,0.2,1395.95,166420.0,9.0,-1.9,1530.675,46.351705849976796,279.19,2.289093999422401,0.28109381383909315
Iowa,2010,33.585139653496014,12,5.95516203363967,545.9721477214844,152133.74968382565,2.5,1244.8,166420.0,0.2,9.0,1395.95,24.535694270943313,3112.0,1.562075617504601,0.28109381383909315
Iowa,2011,18.029763340520983,12,4.85794129730817,268.07642355807525,152133.74968382565,12.5,906.25,166420.0,2.5,0.2,1244.8,33.585139653496014,11328.125,-0.06632050024777056,0.28109381383909315
Iowa,2012,4.531367743095841,12,3.2198777595753483,91.53192639724281,152133.74968382565,24.4,733.9,166420.0,12.5,2.5,906.25,18.029763340520983,17907.16,-0.8953090422493105,0.28109381383909315
Iowa,2013,25.406183099598795,12,4.095914479092733,375.50403389480323,152133.74968382565,1.3,911.875,166420.0,24.4,12.5,733.9,4.531367743095841,1185.4375,-0.03926473843309889,0.28109381383909315
Iowa,2014,21.443383091649448,12,5.675843519794632,339.7023989777679,152133.74968382565,-12.9,1121.4,166420.0,1.3,24.4,911.875,25.406183099598795,-14466.060000000001,0.9685323272058493,0.28109381383909315
Iowa,2015,34.47746368125273,12,8.133902311029251,382.0441226347572,152133.74968382565,-10.8,1144.1000000000001,166420.0,-12.9,1.3,1121.4,21.443383091649448,-12356.280000000002,1.0777173571068355,0.28109381383909315
Iowa,2016,29.27327040657367,12,8.031644905263963,362.5092807205396,152133.74968382565,-14.1,887.375,166420.0,-10.8,-12.9,1144.1000000000001,34.47746368125273,-12511.9875,-0.15710761211477992,0.28109381383909315
Iowa,2017,19.06036713193293,12,5.90595381478925,239.66362448981124,152133.74968382565,-12.4,639.525,166420.0,-14.1,-10.8,887.375,29.27327040657367,-7930.11,-1.3492446015843573,0.28109381383909315
Iowa,2018,22.26836757507211,12,5.098505078390894,435.67819801782974,152133.74968382565,-18.5,1222.7,166420.0,-12.4,-14.1,639.525,19.06036713193293,-22619.95,1.455776535530514,0.28109381383909315
Iowa,2019,25.312938086090618,12,4.736817533198249,500.3838691578357,152133.74968382565,-7.3,1107.6,166420.0,-18.5,-12.4,1222.7,22.26836757507211,-8085.48,0.9021555248871872,0.28109381383909315
Jackson,2001,27.989028214830984,12,8.187782708857581,305.46970524054876,168229.35977879126,12.4,1111.8,36908.0,9.3,,1005.6,19.72129986499935,13786.32,0.9223571603754755,-1.2405969483347101
Jackson,2002,26.2197125837019,12,7.11858724887994,329.999836360019,168229.35977879126,-4.6,1304.0,36908.0,12.4,9.3,1111.8,27.989028214830984,-5998.4,1.8468224796252348,-1.2405969483347101
Jackson,2003,13.134472585953155,12,6.338888888888889,194.0712376635041,168229.35977879126,-6.6,867.7,36908.0,-4.6,12.4,1304.0,26.2197125837019,-5726.82,-0.2517426545509868,-1.2405969483347101
Jackson,2004,23.90572874875745,12,6.9125000000000005,321.09297331974267,168229.35977879126,-5.9,1060.5,36908.0,-6.6,-4.6,867.7,13.134472585953155,-6256.950000000001,0.6756086126256702,-1.2405969483347101
Jackson,2005,7.5476790095176876,12,5.1164804370062535,136.85978667191222,168229.35977879126,11.2,544.3,36908.0,-5.9,-6.6,1060.5,23.90572874875745,6096.159999999999,-1.807268587149177,-1.2405969483347101
Jackson,2006,18.37828202265237,12,8.49045634920635,189.68680722670922,168229.35977879126,-5.9,1126.5,36908.0,11.2,-5.9,544.3,7.5476790095176876,-6646.35,0.9930628845844844,-1.2405969483347101
Jackson,2007,31.988407777136935,12,8.722887172810678,379.27113688394763,168229.35977879126,-25.8,1048.3333333333333,36908.0,-5.9,11.2,1126.5,18.37828202265237,-27047.0,0.6170880018857874,-1.2405969483347101
Jackson,2008,56.6612657030418,12,7.176803118908382,729.5345360694326,168229.35977879126,-9.7,1198.6,36908.0,-25.8,-5.9,1048.3333333333333,31.988407777136935,-11626.419999999998,1.339857627133431,-1.2405969483347101
Jackson,2009,25.61562954608341,11,6.283818576967764,413.2097026793702,168229.35977879126,-24.2,1269.6666666666667,36908.0,-9.7,-25.8,1198.6,56.6612657030418,-30725.933333333334,1.6816821260304984,-1.2405969483347101
Jackson,2010,42.56785906631097,12,7.4437646696789415,579.870207605342,168229.35977879126,-16.6,995.0666666666667,36908.0,-24.2,-9.7,1269.6666666666667,25.61562954608341,-16518.10666666667,0.3608799581533713,-1.2405969483347101
Jackson,2011,33.63997077006416,12,8.18249656600913,401.1068447205197,168229.35977879126,-9.0,899.0666666666666,36908.0,-16.6,-24.2,995.0666666666667,42.56785906631097,-8091.599999999999,-0.10087171015035896,-1.2405969483347101
Jackson,2012,14.59854898533341,12,7.759072646568428,182.35215702625908,168229.35977879126,18.9,569.5,36908.0,-9.0,-16.6,899.0666666666666,33.63997077006416,10763.55,-1.6860587742194475,-1.2405969483347101
Jackson,2013,36.98928233507128,12,8.721002576208598,367.6016717858902,168229.35977879126,-10.7,845.65,36908.0,18.9,-9.0,569.5,14.59854898533341,-9048.455,-0.35780124086450005,-1.2405969483347101
Jackson,2014,28.88467805145035,12,7.76556904126218,311.1968663670254,168229.35977879126,-19.6,944.3999999999999,36908.0,-10.7,18.9,845.65,36.98928233507128,-18510.239999999998,0.11717768877084639,-1.2405969483347101
Jackson,2015,20.73488425338909,12,6.904166666666666,266.29272426445107,168229.35977879126,-21.0,1056.8,36908.0,-19.6,-10.7,944.3999999999999,28.88467805145035,-22192.8,0.6578119337431304,-1.2405969483347101
Jackson,2016,31.972003606372798,12,8.092155929907333,393.79254861732045,168229.35977879126,-23.9,965.0,36908.0,-21.0,-19.6,1056.8,20.73488425338909,-23063.5,0.21626190092768907,-1.2405969483347101
Jackson,2017,26.51336901664416,12,7.730200705479568,328.9492881927798,168229.35977879126,-18.0,848.5,36908.0,-23.9,-21.0,965.0,31.972003606372798,-15273.0,-0.344092988211733,-1.2405969483347101
Jackson,2018,38.43973433486064,12,6.9307360724696565,545.3655140872565,168229.35977879126,-27.0,1238.3,36908.0,-18.0,-23.9,848.5,26.51336901664416,-33434.1,1.5308111816298695,-1.2405969483347101
Jackson,2019,35.141314534751054,12,6.011928386678407,595.2703662279562,168229.35977879126,-18.7,1149.9,36908.0,-27.0,-18.0,1238.3,38.43973433486064,-21503.13,1.105614853733519,-1.2405969483347101
Jasper,2001,22.795411738433334,12,7.7238307174751135,234.63819472291001,189756.19096799468,4.2,834.05,196382.0,13.5,,728.35,2.652916141254326,3503.0099999999998,-0.41359623411786756,0.6331299079172595
Jasper,2002,11.139204658160821,12,7.878346230510984,107.08839066771878,189756.19096799468,-9.4,757.3,196382.0,4.2,13.5,834.05,22.795411738433334,-7118.62,-0.7827570731002764,0.6331299079172595
Jasper,2003,14.372911294950143,12,6.589036370539642,142.96472299739898,189756.19096799468,-12.3,801.5,196382.0,-9.4,4.2,757.3,11.139204658160821,-9858.45,-0.5701589091521007,0.6331299079172595
Jasper,2004,24.468961385626976,12,8.314676064808719,233.54375728349933,189756.19096799468,-4.7,868.1,196382.0,-12.3,-9.4,801.5,14.372911294950143,-4080.07,-0.24981868926638806,0.6331299079172595
Jasper,2005,16.934055150340587,12,7.466512269936385,163.89694471409263,189756.19096799468,2.5,776.6,196382.0,-4.7,-12.3,868.1,24.468961385626976,1941.5,-0.6899257481183805,0.6331299079172595
Jasper,2006,15.6560677564048,12,9.068228566349683,155.5594325807359,189756.19096799468,6.5,818.6,196382.0,2.5,-4.7,776.6,16.934055150340587,5320.900000000001,-0.4879093932354987,0.6331299079172595
Jasper,2007,38.51309309655003,12,8.593190329327497,423.8515466164503,189756.19096799468,3.9,1025.3500000000001,196382.0,6.5,2.5,818.6,15.6560677564048,3998.8650000000002,0.5065401632415448,0.6331299079172595
Jasper,2008,41.36223550147386,12,7.798135614155165,556.7965551045326,189756.19096799468,11.1,1041.95,196382.0,3.9,6.5,1025.3500000000001,38.51309309655003,11565.645,0.5863847225523977,0.6331299079172595
Jasper,2009,34.77781851175947,12,7.567467993492625,440.9665171771539,189756.19096799468,-2.6,1007.25,196382.0,11.1,3.9,1041.95,41.36223550147386,-2618.85,0.4194807341134451,0.6331299079172595
Jasper,2010,33.862964033677805,12,5.077295884509129,730.3525988733394,189756.19096799468,0.4,1282.1000000000001,196382.0,-2.6,11.1,1007.25,34.77781851175947,512.84,1.7414853802934471,0.6331299079172595
Jasper,2011,15.635785925650678,12,5.092556620233467,247.42957574205587,189756.19096799468,12.4,753.6,196382.0,0.4,-2.6,1282.1000000000001,33.862964033677805,9344.640000000001,-0.8005537519828158,0.6331299079172595
Jasper,2012,3.777003430232693,12,6.65324130695186,61.243308701645134,189756.19096799468,14.5,628.65,196382.0,12.4,0.4,753.6,15.635785925650678,9115.425,-1.4015524077593893,0.6331299079172595
Jasper,2013,25.684879715240722,12,6.168759034864098,280.073585085506,189756.19096799468,2.6,862.9,196382.0,14.5,12.4,628.65,3.777003430232693,2243.54,-0.2748302379661736,0.6331299079172595
Jasper,2014,23.131335506717626,12,6.49335902904021,319.9102712643781,189756.19096799468,-10.4,1018.5,196382.0,2.6,14.5,862.9,25.684879715240722,-10592.4,0.47359225774278846,0.6331299079172595
Jasper,2015,37.79825267753622,12,7.86426890107992,460.00640385032136,189756.19096799468,-14.7,1073.05,196382.0,-10.4,2.6,1018.5,23.131335506717626,-15773.835,0.7359730234299596,0.6331299079172595
Jasper,2016,18.957409274150535,12,6.150733350112983,293.36374530049176,189756.19096799468,-18.6,891.4499999999999,196382.0,-14.7,-10.4,1073.05,37.79825267753622,-16580.97,-0.1375072157779292,0.6331299079172595
Jasper,2017,15.235371328800829,12,5.193736655781637,208.46769916954207,189756.19096799468,-10.1,760.25,196382.0,-18.6,-14.7,891.4499999999999,18.957409274150535,-7678.525,-0.7685678291263596,0.6331299079172595
Jasper,2018,24.56872181835099,12,4.903920990470944,477.949317434509,189756.19096799468,-22.4,1204.35,196382.0,-10.1,-18.6,760.25,15.235371328800829,-26977.439999999995,1.3675146280995398,0.6331299079172595
Jasper,2019,21.53508444231151,12,4.533307357096047,447.22176557714783,189756.19096799468,-22.2,1064.55,196382.0,-22.4,-10.1,1204.35,24.56872181835099,-23633.01,0.6950887611322336,0.6331299079172595
Jefferson,2001,21.210578189256722,12,4.713430790614326,345.7967461167458,113153.8264075506,11.3,1110.8999999999999,63600.0,-2.6,,824.45,7.953453032818378,12553.17,0.9180282384851277,-0.9269814546048384
Jefferson,2002,9.374025298018289,12,4.012064079511906,168.84227126437148,113153.8264075506,-8.1,832.0,63600.0,11.3,-2.6,1110.8999999999999,21.210578189256722,-6739.2,-0.4234565562014365,-0.9269814546048384
Jefferson,2003,2.8064963939973313,12,3.193628608316645,78.67447922537505,113153.8264075506,-10.6,807.85,63600.0,-8.1,11.3,832.0,9.374025298018289,-8563.21,-0.5396159602590934,-0.9269814546048384
Jefferson,2004,11.187246166893466,12,5.762602752097556,201.0781064552824,113153.8264075506,-8.3,896.6,63600.0,-10.6,-8.1,807.85,2.8064963939973313,-7441.780000000001,-0.11273616273871828,-0.9269814546048384
Jefferson,2005,5.546990401381656,12,3.385305147346361,122.86609020077188,113153.8264075506,6.9,695.0,63600.0,-8.3,-10.6,896.6,11.187246166893466,4795.5,-1.0824146661765508,-0.9269814546048384
Jefferson,2006,5.40993055256016,12,4.9457312801716355,86.75898511109564,113153.8264075506,-6.9,860.9499999999999,63600.0,6.9,-8.3,695.0,5.546990401381656,-5940.554999999999,-0.2842095687285934,-0.9269814546048384
Jefferson,2007,23.10628249472569,12,6.602095735085725,356.8147752892244,113153.8264075506,-15.5,1185.55,63600.0,-6.9,6.9,860.9499999999999,5.40993055256016,-18376.024999999998,1.277088259723393,-0.9269814546048384
Jefferson,2008,30.623754955293798,12,6.271548304623941,563.4436114044452,113153.8264075506,-1.2,1208.4,63600.0,-15.5,-6.9,1185.55,23.10628249472569,-1450.0800000000002,1.3869947766061044,-0.9269814546048384
Jefferson,2009,31.463868034648417,12,5.842765918339907,569.0497232349123,113153.8264075506,-9.0,1260.25,63600.0,-1.2,-15.5,1208.4,30.623754955293798,-11342.25,1.636388776622233,-0.9269814546048384
Jefferson,2010,25.969179018374955,12,3.6580839355198265,783.2355530218564,113153.8264075506,7.5,1370.55,63600.0,-9.0,-1.2,1260.25,31.463868034648417,10279.125,2.166922203850372,-0.9269814546048384
Jefferson,2011,19.444505935907642,12,4.38187356584956,328.83128814197715,113153.8264075506,14.0,946.5,63600.0,7.5,-9.0,1370.55,25.969179018374955,13251.0,0.12727850651499115,-0.9269814546048384
Jefferson,2012,2.3277847628029305,12,2.9320601194422635,63.372020341563655,113153.8264075506,8.1,723.45,63600.0,14.0,7.5,946.5,19.444505935907642,5859.945,-0.9455726353094558,-0.9269814546048384
Jefferson,2013,18.391088704788892,12,4.149311417160223,312.84709794840126,113153.8264075506,-15.6,982.85,63600.0,8.1,14.0,723.45,2.3277847628029305,-15332.46,0.3021188517529139,-0.9269814546048384
Jefferson,2014,7.847914879845369,12,2.874362030722692,272.8710409845013,113153.8264075506,-30.1,1054.35,63600.0,-15.6,8.1,982.85,18.391088704788892,-31735.934999999998,0.6460276463749621,-0.9269814546048384
Jefferson,2015,24.79121767786745,12,5.801649522050073,378.0278410324038,113153.8264075506,-19.8,1096.35,63600.0,-30.1,-15.6,1054.35,7.847914879845369,-21707.73,0.8480440012578438,-0.9269814546048384
Jefferson,2016,11.31852404715836,12,4.53012748894314,220.36386282243234,113153.8264075506,-21.9,832.85,63600.0,-19.8,-30.1,1096.35,24.79121767786745,-18239.415,-0.41936812997166384,-0.9269814546048384
Jefferson,2017,12.510702078615468,12,4.877688196703864,160.27712239369367,113153.8264075506,-13.3,738.65,63600.0,-21.9,-19.8,832.85,11.31852404715836,-9824.045,-0.8724619544946989,-0.9269814546048384
Jefferson,2018,11.525403541986634,12,4.057036665679005,284.35282617476935,113153.8264075506,-20.9,1015.5500000000001,63600.0,-13.3,-21.9,738.65,12.510702078615468,-21224.995,0.4594030137688721,-0.9269814546048384
Jefferson,2019,19.73694216695031,12,3.445271445053825,472.6676387732103,113153.8264075506,-11.7,1146.25,63600.0,-20.9,-13.3,1015.5500000000001,11.525403541986634,-13411.125,1.0880586705115538,-0.9269814546048384
Johnson,2001,24.308864490034654,12,5.965221803044117,308.2659492503061,161367.28070322596,-4.3,936.9857142857144,148546.0,0.2,,784.5428571428571,8.299846298690456,-4029.0385714285717,0.0815156179598898,0.07108469743988255
Johnson,2002,10.834636494080318,12,6.19223761083811,152.90895738174942,161367.28070322596,-13.7,892.0285714285714,148546.0,-4.3,0.2,936.9857142857144,24.308864490034654,-12220.791428571427,-0.13472433741984874,0.07108469743988255
Johnson,2003,8.480940876501162,12,4.841981639485867,126.6444385441791,161367.28070322596,-12.8,698.3285714285714,148546.0,-13.7,-4.3,892.0285714285714,10.834636494080318,-8938.605714285715,-1.0664045264868531,0.07108469743988255
Johnson,2004,18.400635919625078,12,6.613771290323434,242.4619489481242,161367.28070322596,-3.4,880.1428571428571,148546.0,-12.8,-13.7,698.3285714285714,8.480940876501162,-2992.485714285714,-0.1918935915907865,0.07108469743988255
Johnson,2005,12.0461906585468,12,6.02327664679498,155.97749775981944,161367.28070322596,15.6,517.0428571428571,148546.0,-3.4,-12.8,880.1428571428571,18.400635919625078,8065.86857142857,-1.9383730786854145,0.07108469743988255
Johnson,2006,10.616889274360533,12,6.8272868710446,123.48563619464602,161367.28070322596,1.6,825.6,148546.0,15.6,-3.4,517.0428571428571,12.0461906585468,1320.96,-0.4542400007550184,0.07108469743988255
Johnson,2007,35.7769589341679,12,8.391470700715582,416.579923510851,161367.28070322596,0.2,1070.0857142857144,148546.0,1.6,15.6,825.6,10.616889274360533,214.0171428571429,0.7217150664101653,0.07108469743988255
Johnson,2008,42.94929104738616,10,6.618614668587428,630.4174460314009,161367.28070322596,14.6,1165.2714285714285,148546.0,0.2,1.6,1070.0857142857144,35.7769589341679,17012.962857142855,1.1795500910988177,0.07108469743988255
Johnson,2009,23.674455070372215,9,5.6733548349537015,414.8134899561239,161367.28070322596,-6.9,1139.4857142857143,148546.0,14.6,0.2,1165.2714285714285,42.94929104738616,-7862.451428571429,1.0555230432880691,0.07108469743988255
Johnson,2010,31.70282898968605,12,5.772368370589447,533.8290174312185,161367.28070322596,3.4,1071.142857142857,148546.0,-6.9,14.6,1139.4857142857143,23.674455070372215,3641.885714285714,0.7267998318051758,0.07108469743988255
Johnson,2011,18.270422080168984,12,4.8186080278265235,275.13130853447495,161367.28070322596,8.6,808.3571428571429,148546.0,3.4,-6.9,1071.142857142857,31.70282898968605,6951.871428571429,-0.5371766471304056,0.07108469743988255
Johnson,2012,4.517019055806354,12,3.1552703581992247,94.99005220371664,161367.28070322596,5.7,615.6142857142858,148546.0,8.6,3.4,808.3571428571429,18.270422080168984,3509.0014285714287,-1.4642530621235486,0.07108469743988255
Johnson,2013,25.017623731830664,12,4.213436483701917,375.88885427447326,161367.28070322596,-15.2,880.8,148546.0,5.7,8.6,615.6142857142858,4.517019055806354,-13388.159999999998,-0.18873279148037414,0.07108469743988255
Johnson,2014,20.357198160588972,12,5.354175033030582,345.59728756259057,161367.28070322596,-18.9,952.2190476190476,148546.0,-15.2,5.7,880.8,25.017623731830664,-17996.94,0.15478662921502978,0.07108469743988255
Johnson,2015,32.11461792648241,12,7.7617978625535935,371.13046246945225,161367.28070322596,-14.6,956.8666666666667,148546.0,-18.9,-15.2,952.2190476190476,20.357198160588972,-13970.253333333334,0.17714127347417866,0.07108469743988255
Johnson,2016,28.939720807069676,12,7.780143743373503,371.6637811309141,161367.28070322596,-10.1,885.6666666666666,148546.0,-14.6,-18.9,956.8666666666667,32.11461792648241,-8945.233333333332,-0.16532454718442113,0.07108469743988255
Johnson,2017,18.88658872177302,12,5.675498347599645,247.69100276388534,161367.28070322596,-20.3,728.2333333333333,148546.0,-10.1,-14.6,885.6666666666666,28.939720807069676,-14783.136666666667,-0.922565217114461,0.07108469743988255
Johnson,2018,22.379726123790256,12,4.930520783434886,448.2808042130826,161367.28070322596,-21.2,1230.0333333333333,148546.0,-20.3,-10.1,728.2333333333333,18.88658872177302,-26076.706666666665,1.4910492324148261,0.07108469743988255
Johnson,2019,25.18748878907879,12,4.638922578965985,507.250575451374,161367.28070322596,-8.3,1170.5666666666666,148546.0,-21.2,-20.3,1230.0333333333333,22.379726123790256,-9715.703333333333,1.2050197267711267,0.07108469743988255
Jones,2001,28.32608305397391,12,7.4952305187961485,319.49926947793716,149429.035061242,-10.2,987.5666666666667,157821.0,5.3,,870.35,18.791709644876573,-10073.18,0.32480560906714245,0.18006055928405162
Jones,2002,20.899894211906755,12,6.507501493127936,279.86341011715587,149429.035061242,-12.4,1061.5,157821.0,-10.2,5.3,987.5666666666667,28.32608305397391,-13162.6,0.6804185258371674,0.18006055928405162
Jones,2003,10.804796830555842,12,5.447312258355716,178.51146140335075,149429.035061242,-16.0,849.0333333333333,157821.0,-12.4,-10.2,1061.5,20.899894211906755,-13584.533333333333,-0.3415277011656013,0.18006055928405162
Jones,2004,24.552752827709583,12,6.518366843953751,326.09170862662603,149429.035061242,-5.4,1000.225,157821.0,-16.0,-12.4,849.0333333333333,10.804796830555842,-5401.215,0.3856910938026775,0.18006055928405162
Jones,2005,8.344957411271405,12,5.181144360293377,149.6685339207808,149429.035061242,8.1,633.9,157821.0,-5.4,-16.0,1000.225,24.552752827709583,5134.589999999999,-1.376300363399029,0.18006055928405162
Jones,2006,18.351642905986722,12,7.732442062972464,198.45815846820068,149429.035061242,-7.6,918.05,157821.0,8.1,-5.4,633.9,8.344957411271405,-6977.179999999999,-0.009563524352103994,0.18006055928405162
Jones,2007,33.62286341369096,12,8.534668057829139,405.9939592241651,149429.035061242,-13.3,1057.45,157821.0,-7.6,8.1,918.05,18.351642905986722,-14064.085000000001,0.660938377330604,0.18006055928405162
Jones,2008,50.09571366462622,12,6.808386606007455,678.4485805884497,149429.035061242,6.1,1275.45,157821.0,-13.3,-7.6,1057.45,33.62286341369096,7780.245,1.7094994574369904,0.18006055928405162
Jones,2009,24.858948440753146,11,6.227106147346763,400.864788246262,149429.035061242,-24.2,1268.1,157821.0,6.1,-13.3,1275.45,50.09571366462622,-30688.019999999997,1.6741465953324854,0.18006055928405162
Jones,2010,41.932084890490344,12,7.223170903889332,556.6516497458291,149429.035061242,1.6,1141.7,157821.0,-24.2,6.1,1268.1,24.858948440753146,1826.7200000000003,1.066173565399242,0.18006055928405162
Jones,2011,32.92270713064631,12,8.15614522551589,373.5057797506762,149429.035061242,21.8,926.12,157821.0,1.6,-24.2,1141.7,41.932084890490344,20189.416,0.02925247526467853,0.18006055928405162
Jones,2012,11.675736444843352,12,6.18349619156367,164.90628365750217,149429.035061242,36.6,671.8199999999999,157821.0,21.8,1.6,926.12,32.92270713064631,24588.611999999997,-1.193908454419056,0.18006055928405162
Jones,2013,35.63489768040954,12,6.928454222414744,401.3284871218026,149429.035061242,5.1,983.3199999999999,157821.0,36.6,21.8,671.8199999999999,11.675736444843352,5014.931999999999,0.3043795109623172,0.18006055928405162
Jones,2014,27.86717510568055,12,6.635547158244955,329.5998051857772,149429.035061242,-5.3,1057.135,157821.0,5.1,36.6,983.3199999999999,35.63489768040954,-5602.8155,0.6594232546689821,0.18006055928405162
Jones,2015,21.807609581855314,12,6.5644495970871075,271.69239184891046,149429.035061242,3.0,990.5,157821.0,-5.3,5.1,1057.135,27.86717510568055,2971.5,0.33891468782086726,0.18006055928405162
Jones,2016,35.01275305995454,12,8.007437654046893,444.7628780122956,149429.035061242,1.3,1015.775,157821.0,3.0,-5.3,990.5,21.807609581855314,1320.5075,0.46048524424145854,0.18006055928405162
Jones,2017,28.387321121293333,12,7.134972047025548,363.50071521082947,149429.035061242,-0.9,834.4166666666666,157821.0,1.3,3.0,1015.775,35.01275305995454,-750.975,-0.41183259927365184,0.18006055928405162
Jones,2018,37.10228916309851,12,6.306079621051375,594.9903500320156,149429.035061242,-6.5,1306.5666666666666,157821.0,-0.9,1.3,834.4166666666666,28.387321121293333,-8492.683333333332,1.8591679235347438,0.18006055928405162
Jones,2019,31.814499639090222,12,5.519731405559104,572.7996073888496,149429.035061242,-4.8,1111.9666666666667,157821.0,-6.5,-0.9,1306.5666666666666,37.10228916309851,-5337.44,0.9231588125773922,0.18006055928405162
Keokuk,2001,22.91386971382958,12,6.199015454497991,294.8266732737792,150245.08688699748,16.1,928.35,158105.0,8.9,,844.2,4.234028054901314,14946.435000000001,0.03997858172631734,0.18339739429901056
Keokuk,2002,9.717440285438517,12,5.660096285017271,128.81237408065567,150245.08688699748,-0.6,699.25,158105.0,16.1,8.9,928.35,22.91386971382958,-419.55,-1.0619725350276878,0.18339739429901056
Keokuk,2003,7.871049225874549,12,4.799402447871178,116.49375100920166,150245.08688699748,-1.7,769.65,158105.0,-0.6,16.1,699.25,9.717440285438517,-1308.405,-0.7233546449382862,0.18339739429901056
Keokuk,2004,17.58203268264944,12,7.1755482763245375,214.73329872957504,150245.08688699748,2.2,823.5,158105.0,-1.7,-0.6,769.65,7.871049225874549,1811.7,-0.4643408184991626,0.18339739429901056
Keokuk,2005,11.646567036560691,12,5.794536007336917,143.7785479793916,150245.08688699748,23.2,690.8,158105.0,2.2,-1.7,823.5,17.58203268264944,16026.559999999998,-1.1026163016648394,0.18339739429901056
Keokuk,2006,10.115296879990163,12,7.162201935296637,118.63391575756465,150245.08688699748,9.6,836.4000000000001,158105.0,23.2,2.2,690.8,11.646567036560691,8029.4400000000005,-0.4022929380708485,0.18339739429901056
Keokuk,2007,31.942810887658933,12,7.796413874380704,403.34868316899747,150245.08688699748,2.7,1186.95,158105.0,9.6,23.2,836.4000000000001,10.115296879990163,3204.7650000000003,1.2838221382194894,0.18339739429901056
Keokuk,2008,36.41969043669475,12,7.015692077759007,585.53798725465,150245.08688699748,23.2,1126.0,158105.0,2.7,9.6,1186.95,31.942810887658933,26123.2,0.9906579279787359,0.18339739429901056
Keokuk,2009,34.773865866248215,12,6.861222499332205,520.2044088781226,150245.08688699748,11.4,1303.1,158105.0,23.2,2.7,1126.0,36.41969043669475,14855.34,1.8424935577348869,0.18339739429901056
Keokuk,2010,33.1814039781803,12,4.7042327451523205,740.1174496306021,150245.08688699748,24.7,1433.6499999999999,158105.0,11.4,23.2,1303.1,34.773865866248215,35411.155,2.470427727495844,0.18339739429901056
Keokuk,2011,17.390404246468854,12,4.766098245720796,286.7319776947425,150245.08688699748,23.8,878.45,158105.0,24.7,11.4,1433.6499999999999,33.1814039781803,20907.11,-0.20003608752739208,0.18339739429901056
Keokuk,2012,3.8406395051983937,12,4.945623318459129,74.06096300024225,150245.08688699748,34.2,687.5500000000001,158105.0,23.8,24.7,878.45,17.390404246468854,23514.210000000003,-1.1182485196022045,0.18339739429901056
Keokuk,2013,23.44998497146193,12,4.790246912184065,336.2340150420785,150245.08688699748,10.6,864.35,158105.0,34.2,23.8,687.5500000000001,3.8406395051983937,9162.11,-0.2678558638095025,0.18339739429901056
Keokuk,2014,15.77251570873969,12,4.738181104165709,324.6011408961812,150245.08688699748,-2.9,1005.55,158105.0,10.6,34.2,864.35,23.44998497146193,-2916.095,0.4113038816538997,0.18339739429901056
Keokuk,2015,32.444872330254285,12,7.0897934510642955,422.5082168021884,150245.08688699748,3.7,915.6,158105.0,-2.9,10.6,1005.55,15.77251570873969,3387.7200000000003,-0.02134781172027177,0.18339739429901056
Keokuk,2016,16.20154450585801,12,5.6663906993623065,269.33780232196847,150245.08688699748,-1.5,787.65,158105.0,3.7,-2.9,915.6,32.444872330254285,-1181.475,-0.6367762071313368,0.18339739429901056
Keokuk,2017,13.946535575093261,12,4.859020379322373,189.71708974612523,150245.08688699748,11.2,534.0,158105.0,-1.5,3.7,787.65,16.20154450585801,5980.799999999999,-1.8568106932275976,0.18339739429901056
Keokuk,2018,18.38219045785162,12,4.465301244276338,404.9318810484298,150245.08688699748,-3.1,1244.2,158105.0,11.2,-1.5,534.0,13.946535575093261,-3857.0200000000004,1.5591896695777032,0.18339739429901056
Keokuk,2019,23.194528380700483,12,4.3613389905286395,480.58633489805186,150245.08688699748,4.7,1086.7,158105.0,-3.1,11.2,1244.2,18.38219045785162,5107.490000000001,0.8016283387668967,0.18339739429901056
Kossuth,2001,33.29070451983976,12,5.782121572599241,325.9059707488487,252362.1980908299,5.3,786.475,433407.0,11.9,,719.75,7.421697633634774,4168.3175,-0.6424278551548458,3.418035962215284
Kossuth,2002,8.599050753203205,12,7.827231952763448,83.3608440256046,252362.1980908299,7.5,699.875,433407.0,5.3,11.9,786.475,33.29070451983976,5249.0625,-1.058966339270502,3.418035962215284
Kossuth,2003,19.506409372433072,12,6.3439773099296,142.7555406579743,252362.1980908299,6.1,579.7,433407.0,7.5,5.3,699.875,8.599050753203205,3536.17,-1.636997659462176,3.418035962215284
Kossuth,2004,16.464308585523842,12,7.351355332512861,185.61101533979073,252362.1980908299,8.9,906.775,433407.0,6.1,7.5,579.7,19.506409372433072,8070.2975,-0.06379529581173464,3.418035962215284
Kossuth,2005,27.23343918935122,12,9.656551282659224,240.3308634024274,252362.1980908299,23.2,980.8,433407.0,8.9,6.1,906.775,16.464308585523842,22754.559999999998,0.29225852966934435,3.418035962215284
Kossuth,2006,23.529050907391476,12,8.54406980336197,198.55897163800608,252362.1980908299,23.3,759.425,433407.0,23.2,8.9,980.8,27.23343918935122,17694.6025,-0.772536007525845,3.418035962215284
Kossuth,2007,28.21273047781575,12,8.023493665805185,332.21532296232886,252362.1980908299,44.9,1042.575,433407.0,23.3,23.2,759.425,23.529050907391476,46811.6175,0.5893909183095833,3.418035962215284
Kossuth,2008,25.828380622393656,12,7.429043792509467,284.1460502218239,252362.1980908299,46.1,788.675,433407.0,44.9,23.3,1042.575,28.21273047781575,36357.917499999996,-0.6318460460895523,3.418035962215284
Kossuth,2009,16.564523492035278,12,8.826829562717682,176.38133080497974,252362.1980908299,24.9,830.375,433407.0,46.1,44.9,788.675,25.828380622393656,20676.337499999998,-0.4312726651701195,3.418035962215284
Kossuth,2010,33.93329723139178,12,7.033444540781331,439.9583686495156,252362.1980908299,25.7,908.5,433407.0,24.9,46.1,830.375,16.564523492035278,23348.45,-0.05549819552190189,3.418035962215284
Kossuth,2011,26.60778917246169,12,5.309404802042871,288.34687080052174,252362.1980908299,42.7,748.3666666666667,433407.0,25.7,24.9,908.5,33.93329723139178,31955.256666666668,-0.8257256311229844,3.418035962215284
Kossuth,2012,3.8838134151822206,10,3.2706197808802067,43.38029387355523,252362.1980908299,43.4,614.0,433407.0,42.7,25.7,748.3666666666667,26.60778917246169,26647.6,-1.4720176363078228,3.418035962215284
Kossuth,2013,28.931016022118882,12,5.686489107134822,190.39979645496362,252362.1980908299,35.9,830.7666666666667,433407.0,43.4,42.7,614.0,3.8838134151822206,29824.52333333333,-0.42938878249561646,3.418035962215284
Kossuth,2014,24.665246664424544,12,9.663035770506065,184.05843534079136,252362.1980908299,24.8,891.2666666666667,433407.0,35.9,43.4,830.7666666666667,28.931016022118882,22103.413333333334,-0.1383890332000368,3.418035962215284
Kossuth,2015,31.843078055969734,12,12.057380950943804,231.2854146018627,252362.1980908299,22.0,1070.6,433407.0,24.8,35.9,891.2666666666667,24.665246664424544,23553.199999999997,0.7241887360617913,3.418035962215284
Kossuth,2016,55.99960588992894,12,12.606672865662738,431.74551417206976,252362.1980908299,23.8,1023.2333333333333,433407.0,22.0,24.8,1070.6,31.843078055969734,24352.953333333335,0.49635918027720854,3.418035962215284
Kossuth,2017,24.937685958959374,12,7.9532369460146635,241.3960491689761,252362.1980908299,28.9,805.9,433407.0,23.8,22.0,1023.2333333333333,55.99960588992894,23290.51,-0.5489952910215131,3.418035962215284
Kossuth,2018,38.35672535169764,12,5.964899225227576,597.4618816948196,252362.1980908299,27.7,1223.55,433407.0,28.9,23.8,805.9,24.937685958959374,33892.335,1.459864961760286,3.418035962215284
Kossuth,2019,26.60266380695471,12,5.207145534441318,484.06315762852864,252362.1980908299,19.9,1088.2,433407.0,27.7,28.9,1223.55,38.35672535169764,21655.18,0.8088432085841425,3.418035962215284
Lee,2001,12.675061353812483,12,3.8621391762982107,283.86361476158663,139532.37252081116,-0.8,1139.0666666666666,27821.0,-9.6,,826.4666666666667,2.4532488085919852,-911.2533333333333,1.0535074606089654,-1.347363919394329
Lee,2002,4.443471140739364,12,3.77180878028053,123.80932337255933,139532.37252081116,-16.2,940.7666666666667,27821.0,-0.8,-9.6,1139.0666666666666,12.675061353812483,-15240.419999999998,0.09970167076907387,-1.347363919394329
Lee,2003,5.231891314944745,12,3.601039875698429,110.03989554568763,139532.37252081116,-17.8,1002.4333333333334,27821.0,-16.2,-0.8,940.7666666666667,4.443471140739364,-17843.313333333335,0.3963129854780673,-1.347363919394329
Lee,2004,9.663372054441933,12,4.3478858827791855,193.9950201454169,139532.37252081116,-17.1,965.9,27821.0,-17.8,-16.2,1002.4333333333334,5.231891314944745,-16516.89,0.2205908228180364,-1.347363919394329
Lee,2005,7.099706778485363,12,4.267917140926023,138.30809238746562,139532.37252081116,-1.9,751.0,27821.0,-17.1,-17.8,965.9,9.663372054441933,-1426.8999999999999,-0.8130595263327085,-1.347363919394329
Lee,2006,5.241164526022548,12,4.658785254985662,89.57446513566761,139532.37252081116,-10.5,760.8333333333334,27821.0,-1.9,-17.1,751.0,7.099706778485363,-7988.75,-0.7657620464196527,-1.347363919394329
Lee,2007,19.354928224066846,12,5.482321306906215,362.06167082874225,139532.37252081116,-30.2,939.3,27821.0,-10.5,-1.9,760.8333333333334,5.241164526022548,-28366.859999999997,0.09264713139221119,-1.347363919394329
Lee,2008,19.10585858278865,9,3.8324990025722894,469.99211974377704,139532.37252081116,-20.7,1158.0,27821.0,-30.2,-10.5,939.3,19.354928224066846,-23970.6,1.1445751507466457,-1.347363919394329
Lee,2009,10.70675726462568,9,3.4785089933772935,292.01220672417566,139532.37252081116,-25.9,1340.8666666666666,27821.0,-20.7,-30.2,1158.0,19.10585858278865,-34728.44666666666,2.024147946689097,-1.347363919394329
Lee,2010,21.741758934111093,12,3.5126757389359784,696.3504715034792,139532.37252081116,-3.2,1405.7333333333333,27821.0,-25.9,-20.7,1340.8666666666666,10.70675726462568,-4498.346666666667,2.336150983674882,-1.347363919394329
Lee,2011,18.279319517629293,12,4.637202328177458,301.8154857869786,139532.37252081116,-0.4,997.8333333333334,27821.0,-3.2,-25.9,1405.7333333333333,21.741758934111093,-399.1333333333334,0.37418738470518015,-1.347363919394329
Lee,2012,1.7621133998432912,12,2.431792465615494,66.56268375115638,139532.37252081116,-6.9,727.0,27821.0,-0.4,-3.2,997.8333333333334,18.279319517629293,-5016.3,-0.9284974434086409,-1.347363919394329
Lee,2013,10.746197358344432,12,3.829580168171384,240.41381389039415,139532.37252081116,-21.2,974.1999999999999,27821.0,-6.9,-0.4,727.0,1.7621133998432912,-20653.039999999997,0.2605131024734628,-1.347363919394329
Lee,2014,7.206047767478001,12,2.87559983966049,264.8608628971612,139532.37252081116,-36.2,1019.3666666666667,27821.0,-21.2,-6.9,974.1999999999999,10.746197358344432,-36901.073333333334,0.4777608491927527,-1.347363919394329
Lee,2015,21.33188734266315,12,5.165678846450815,390.50980898972034,139532.37252081116,-15.4,1119.5,27821.0,-36.2,-21.2,1019.3666666666667,7.206047767478001,-17240.3,0.9593934921040042,-1.347363919394329
Lee,2016,14.658852515570276,12,5.272509651909487,274.91173614668867,139532.37252081116,-24.2,803.8333333333334,27821.0,-15.4,-36.2,1119.5,21.33188734266315,-19452.766666666666,-0.5589357783252737,-1.347363919394329
Lee,2017,9.313875940054563,12,3.977589284192025,188.69382635905177,139532.37252081116,-19.8,749.6,27821.0,-24.2,-15.4,803.8333333333334,14.658852515570276,-14842.080000000002,-0.8197934048288045,-1.347363919394329
Lee,2018,13.347479097485287,12,3.648920937210777,354.63775868725133,139532.37252081116,-26.9,1084.8666666666666,27821.0,-19.8,-24.2,749.6,9.313875940054563,-29182.91333333333,0.7928101645458178,-1.347363919394329
Lee,2019,13.223377570524292,12,2.830732053350223,458.71387263993574,139532.37252081116,-20.1,1261.5333333333333,27821.0,-26.9,-19.8,1084.8666666666666,13.347479097485287,-25356.82,1.6425614985769874,-1.347363919394329
Linn,2001,32.326061729195686,12,7.747325078825536,309.2860273453217,187679.11384227616,-22.7,1028.5333333333333,194518.0,-11.0,,943.5666666666666,13.183127979964599,-23347.706666666665,0.5218517202981434,0.6112289907768249
Linn,2002,10.65321269080155,12,5.879612677683927,157.77016654510427,187679.11384227616,-28.7,1034.0,194518.0,-22.7,-11.0,1028.5333333333333,32.326061729195686,-29675.8,0.5481459125209949,0.6112289907768249
Linn,2003,11.400524614892834,12,5.4331817945987675,144.27846015857034,187679.11384227616,-27.7,926.95,194518.0,-28.7,-22.7,1034.0,10.65321269080155,-25676.515,0.03324470323022139,0.6112289907768249
Linn,2004,23.59755934201533,12,7.280788793813335,277.2427576241464,187679.11384227616,-19.5,967.8666666666667,194518.0,-27.7,-28.7,926.95,11.400524614892834,-18873.4,0.2300503188006477,0.6112289907768249
Linn,2005,13.559120967128916,12,6.575799793722329,178.09657897224622,187679.11384227616,-5.1,710.1,194518.0,-19.5,-27.7,967.8666666666667,23.59755934201533,-3621.5099999999998,-1.0097849766829432,0.6112289907768249
Linn,2006,15.137428636888586,12,7.6139789445935095,167.51973358522676,187679.11384227616,-15.5,839.4,194518.0,-5.1,-19.5,710.1,13.559120967128916,-13010.699999999999,-0.38786319843635747,0.6112289907768249
Linn,2007,36.12293276414503,12,8.56331791096879,419.66653598105364,187679.11384227616,-14.3,1052.9666666666667,194518.0,-15.5,-5.1,839.4,15.137428636888586,-15057.423333333334,0.6393739330990582,0.6112289907768249
Linn,2008,46.22097018250432,12,6.655298241561241,590.4708532266668,187679.11384227616,-4.3,1236.4333333333334,194518.0,-14.3,-15.5,1052.9666666666667,36.12293276414503,-5316.663333333333,1.5218326769684085,0.6112289907768249
Linn,2009,27.323288116860944,12,6.62030731045645,397.20194132872484,187679.11384227616,-25.4,1240.4666666666667,194518.0,-4.3,-14.3,1236.4333333333334,46.22097018250432,-31507.853333333333,1.5412326602547803,0.6112289907768249
Linn,2010,37.30939519136706,12,7.354728590510184,487.30951004411105,187679.11384227616,-11.1,1041.5,194518.0,-25.4,-4.3,1240.4666666666667,27.323288116860944,-11560.65,0.5842202616072237,0.6112289907768249
Linn,2011,22.336786751569882,12,5.921246560100136,299.393522885782,187679.11384227616,5.0,808.1,194518.0,-11.1,-25.4,1041.5,37.30939519136706,4040.5,-0.5384134819562192,0.6112289907768249
Linn,2012,5.614843956792803,12,3.974296820925321,98.06021760312791,187679.11384227616,13.4,657.7933333333333,194518.0,5.0,-11.1,808.1,22.336786751569882,8814.430666666667,-1.261375503732323,0.6112289907768249
Linn,2013,35.32367422252982,12,5.624667950272183,400.0616996647621,187679.11384227616,-16.3,1046.6399999999999,194518.0,13.4,5.0,657.7933333333333,5.614843956792803,-17060.232,0.6089432155143186,0.6112289907768249
Linn,2014,22.443089975127073,12,5.766988613909752,343.8373949239678,187679.11384227616,-19.2,972.84,194518.0,-16.3,13.4,1046.6399999999999,35.32367422252982,-18678.528,0.25397162050582717,0.6112289907768249
Linn,2015,29.887358506320854,12,8.158309925673315,317.1479482678234,187679.11384227616,-18.9,1061.1200000000001,194518.0,-19.2,-16.3,972.84,22.443089975127073,-20055.168,0.6785907588167991,0.6112289907768249
Linn,2016,44.00912683238266,12,9.313947113741955,490.457769689982,187679.11384227616,-18.7,1052.1000000000001,194518.0,-18.9,-19.2,1061.1200000000001,29.887358506320854,-19674.27,0.6352053416490945,0.6112289907768249
Linn,2017,28.642613924318137,12,6.785859210644357,344.9692372243866,187679.11384227616,-27.0,815.98,194518.0,-18.7,-18.9,1052.1000000000001,44.00912683238266,-22031.46,-0.5005113658496213,0.6112289907768249
Linn,2018,39.04775195080558,12,6.521545746598327,604.2231941801032,187679.11384227616,-29.8,1173.74,194518.0,-27.0,-18.7,815.98,28.642613924318137,-34977.452,1.2202831846956115,0.6112289907768249
Linn,2019,30.90018962684003,12,5.53832391207623,527.0471893138214,187679.11384227616,-33.1,1090.2,194518.0,-29.8,-27.0,1173.74,39.04775195080558,-36085.62,0.8184630350071368,0.6112289907768249
Louisa,2001,21.532141345392414,12,5.34545664994734,310.45014562904373,108123.20392376109,13.3,1145.2666666666667,68669.0,6.5,,858.6666666666667,9.077250741556583,15232.046666666667,1.0833289225202483,-0.8674236493554482
Louisa,2002,10.072406860323362,12,5.064999920001722,171.08448770241043,108123.20392376109,-0.2,842.4333333333333,68669.0,13.3,6.5,1145.2666666666667,21.532141345392414,-168.48666666666668,-0.37327312836148285,-0.8674236493554482
Louisa,2003,6.011215970720283,12,4.065351417136196,109.73812397970215,108123.20392376109,-1.1,722.0,68669.0,-0.2,13.3,842.4333333333333,10.072406860323362,-794.2,-0.9525470094661269,-0.8674236493554482
Louisa,2004,15.749207202030098,12,6.078936228830357,235.108638118475,108123.20392376109,3.4,838.9,68669.0,-1.1,-0.2,722.0,6.011215970720283,2852.2599999999998,-0.39026815504210605,-0.8674236493554482
Louisa,2005,9.425821692085977,12,5.098769151244652,141.71447571323338,108123.20392376109,26.6,574.5333333333333,68669.0,3.4,-1.1,838.9,15.749207202030098,15282.586666666666,-1.6618488777215785,-0.8674236493554482
Louisa,2006,8.433196269951372,12,5.647514445152101,113.5509887158258,108123.20392376109,12.2,893.1,68669.0,26.6,3.4,574.5333333333333,9.425821692085977,10895.82,-0.12957085897895843,-0.8674236493554482
Louisa,2007,32.02489909570033,12,7.784467373022114,406.87435479156267,108123.20392376109,10.4,1135.7,68669.0,12.2,26.6,893.1,8.433196269951372,11811.28,1.0373140861302588,-0.8674236493554482
Louisa,2008,33.40265780157275,9,5.406500311506357,594.6203764426409,108123.20392376109,20.5,1190.5666666666666,68669.0,10.4,12.2,1135.7,32.02489909570033,24406.616666666665,1.3012179910010704,-0.8674236493554482
Louisa,2009,21.49468059341377,9,4.91079249695066,431.5381305999906,108123.20392376109,21.8,1300.4333333333334,68669.0,20.5,10.4,1190.5666666666666,33.40265780157275,28349.44666666667,1.8296671225042285,-0.8674236493554482
Louisa,2010,27.0863930262065,12,4.9474525752763805,538.8801855765389,108123.20392376109,35.7,1255.6,68669.0,21.8,20.5,1300.4333333333334,21.49468059341377,44824.92,1.6140226801887705,-0.8674236493554482
Louisa,2011,17.212187894439175,12,4.340613425572092,290.29085221023985,108123.20392376109,36.1,850.7333333333333,68669.0,35.7,21.8,1255.6,27.0863930262065,30711.473333333335,-0.33335084870605586,-0.8674236493554482
Louisa,2012,4.80736465445444,12,2.87782446999655,111.83061083444179,108123.20392376109,23.9,753.6333333333333,68669.0,36.1,35.7,850.7333333333333,17.212187894439175,18011.836666666666,-0.8003934215424326,-0.8674236493554482
Louisa,2013,21.192372042575624,12,3.8372430284140226,368.52077257902874,108123.20392376109,17.9,803.5666666666667,68669.0,23.9,36.1,753.6333333333333,4.80736465445444,14383.843333333332,-0.5602184218483396,-0.8674236493554482
Louisa,2014,14.278076751998364,12,4.112518803207896,339.3083608850388,108123.20392376109,11.3,860.75,68669.0,17.9,23.9,803.5666666666667,21.192372042575624,9726.475,-0.28517155137089245,-0.8674236493554482
Louisa,2015,27.15004181477738,12,6.6463466942187255,364.1116640081505,108123.20392376109,25.2,901.15,68669.0,11.3,17.9,860.75,14.278076751998364,22708.98,-0.09085105762640631,-0.8674236493554482
Louisa,2016,23.868252941117337,12,6.5103698933167715,363.07894095112533,108123.20392376109,27.2,931.65,68669.0,25.2,11.3,901.15,27.15004181477738,25340.879999999997,0.05585129532425783,-0.8674236493554482
Louisa,2017,16.479094813093372,12,4.962987702280896,242.4880120945861,108123.20392376109,28.1,727.35,68669.0,27.2,25.2,931.65,23.868252941117337,20438.535,-0.9268139737846168,-0.8674236493554482
Louisa,2018,17.810652724138897,12,4.110485792134859,410.2343246022612,108123.20392376109,30.4,1044.35,68669.0,28.1,27.2,727.35,16.479094813093372,31748.239999999994,0.5979285142599903,-0.8674236493554482
Louisa,2019,23.060503160358937,12,4.104209926093785,512.2771081973644,108123.20392376109,38.2,1052.1,68669.0,30.4,28.1,1044.35,17.810652724138897,40190.22,0.6352053416490935,-0.8674236493554482
Lucas,2001,10.116089819136988,12,3.025004507565161,269.6445619818035,112516.45793828297,-5.4,1113.55,6852.0,-17.1,,676.05,0.7378455920003654,-6013.17,0.9307745084955956,-1.5937374878051518
Lucas,2002,2.5027406008178703,12,2.5503830623473918,88.56128804455857,112516.45793828297,-22.3,725.25,6852.0,-5.4,-17.1,1113.55,10.116089819136988,-16173.075,-0.936914791528761,-1.5937374878051518
Lucas,2003,4.5190657057272405,12,3.207091291086451,95.83905753658998,112516.45793828297,-20.6,918.025,6852.0,-22.3,-5.4,725.25,2.5027406008178703,-18911.315000000002,-0.009683772182391314,-1.5937374878051518
Lucas,2004,6.56574281330748,12,2.390764038132386,217.1523362102598,112516.45793828297,-23.3,971.275,6852.0,-20.6,-22.3,918.025,4.5190657057272405,-22630.7075,0.2464441063298338,-1.5937374878051518
Lucas,2005,4.647235165879154,12,2.933931771598415,140.9739277055911,112516.45793828297,-23.7,730.8333333333334,6852.0,-23.3,-20.6,971.275,6.56574281330748,-17320.75,-0.9100594427645682,-1.5937374878051518
Lucas,2006,2.3002786568630524,12,2.855642085508943,69.29822768958546,112516.45793828297,-22.0,812.1,6852.0,-23.7,-23.3,730.8333333333334,4.647235165879154,-17866.2,-0.5191738291102304,-1.5937374878051518
Lucas,2007,12.423735227187912,12,3.435907616626143,368.10969216363003,112516.45793828297,-34.9,1159.8666666666668,6852.0,-22.0,-23.7,812.1,2.3002786568630524,-40479.34666666667,1.1535536554081078,-1.5937374878051518
Lucas,2008,12.619784995604173,9,2.2953209728856048,520.9331390519898,112516.45793828297,-18.4,1315.1,6852.0,-34.9,-22.0,1159.8666666666668,12.423735227187912,-24197.839999999997,1.9002125162728531,-1.5937374878051518
Lucas,2009,7.22466351569162,9,2.2751450966076625,300.52145623981016,112516.45793828297,-29.5,1097.6666666666667,6852.0,-18.4,-34.9,1315.1,12.619784995604173,-32381.166666666668,0.8543770536529827,-1.5937374878051518
Lucas,2010,16.026369852500906,12,2.221384191509083,715.0553921427115,112516.45793828297,-12.1,1405.3333333333335,6852.0,-29.5,-18.4,1097.6666666666667,7.22466351569162,-17004.533333333336,2.3342270183902833,-1.5937374878051518
Lucas,2011,9.817256159750018,12,2.4516238187660875,301.3890319571173,112516.45793828297,45.8,948.0666666666667,6852.0,-12.1,-29.5,1405.3333333333335,16.026369852500906,43421.45333333333,0.13481403721300364,-1.5937374878051518
Lucas,2012,1.4887881666943232,12,1.8919414847190634,69.22867752393692,112516.45793828297,42.4,699.5999999999999,6852.0,45.8,-12.1,948.0666666666667,9.817256159750018,29663.039999999994,-1.0602890654036643,-1.5937374878051518
Lucas,2013,8.661180526037386,12,2.5574599824640694,246.58132951148158,112516.45793828297,44.5,905.0,6852.0,42.4,45.8,699.5999999999999,1.4887881666943232,40272.5,-0.07233289176214204,-1.5937374878051518
Lucas,2014,6.577494325370056,12,2.0271406132824743,322.19372193886915,112516.45793828297,58.3,1078.1499999999999,6852.0,44.5,42.4,905.0,8.661180526037386,62856.14499999999,0.7605035808085949,-1.5937374878051518
Lucas,2015,10.734422002931023,12,2.287170761104974,429.6426641366155,112516.45793828297,-20.3,1244.4,6852.0,58.3,44.5,1078.1499999999999,6.577494325370056,-25261.320000000003,1.560151652220003,-1.5937374878051518
Lucas,2016,6.555397640074951,12,2.6273716105971494,231.40514341221396,112516.45793828297,-18.1,825.75,6852.0,-20.3,58.3,1244.4,10.734422002931023,-14946.075,-0.45351851377329394,-1.5937374878051518
Lucas,2017,4.63449567631516,12,2.1119884121083676,166.24243511732988,112516.45793828297,-22.3,880.1,6852.0,-18.1,-20.3,825.75,6.555397640074951,-19626.23,-0.19209973072842185,-1.5937374878051518
Lucas,2018,6.541367758162709,12,2.106772743447851,319.2338248023924,112516.45793828297,-22.1,1071.15,6852.0,-22.3,-18.1,880.1,4.63449567631516,-23672.415000000005,0.7268341883281156,-1.5937374878051518
Lucas,2019,7.352984257032092,12,1.69592997670115,442.66482147562505,112516.45793828297,-19.0,1142.1,6852.0,-22.1,-22.3,1071.15,6.541367758162709,-21699.899999999998,1.06809753068384,-1.5937374878051518
Lyon,2001,16.21484126069113,12,6.941666666666666,222.55071362675176,152244.2999827199,40.1,927.8,146836.0,46.6,,680.6,1.161609992908632,37204.78,0.03733312945999356,0.050993190835728466
Lyon,2002,4.1373846932982445,12,6.733993065020614,54.65799162877785,152244.2999827199,55.3,514.3,146836.0,40.1,46.6,927.8,16.21484126069113,28440.789999999997,-1.9515659834940924,0.050993190835728466
Lyon,2003,2.8177417231661828,12,4.848171543495034,45.63361389163235,152244.2999827199,58.7,508.7,146836.0,55.3,40.1,514.3,4.1373846932982445,29860.690000000002,-1.9785014974784765,0.050993190835728466
Lyon,2004,8.979910115696896,12,7.5764470258729055,108.74269930922213,152244.2999827199,54.0,805.9,146836.0,58.7,55.3,508.7,2.8177417231661828,43518.6,-0.5489952910215131,0.050993190835728466
Lyon,2005,13.307754846069061,12,9.222121272285959,135.11800081119645,152244.2999827199,64.9,950.9,146836.0,54.0,58.7,805.9,8.979910115696896,61713.41,0.14844212464557863,0.050993190835728466
Lyon,2006,20.085532557664518,12,9.711665707873722,179.11577327670682,152244.2999827199,71.1,737.4000000000001,146836.0,64.9,54.0,950.9,13.307754846069061,52429.14,-0.8784743460090698,0.050993190835728466
Lyon,2007,14.211470042404745,12,8.266666666666667,174.3175427662926,152244.2999827199,99.4,677.9,146836.0,71.1,64.9,737.4000000000001,20.085532557664518,67383.26,-1.164664182093153,0.050993190835728466
Lyon,2008,13.153681389807122,8,9.4875,131.9100820464161,152244.2999827199,88.7,761.2,146836.0,99.4,71.1,677.9,14.211470042404745,67518.44,-0.763998411575437,0.050993190835728466
Lyon,2009,4.869426332112838,9,7.166666666666667,62.22412349960031,152244.2999827199,78.1,577.8,146836.0,88.7,99.4,761.2,13.153681389807122,45126.17999999999,-1.6461364945640211,0.050993190835728466
Lyon,2010,26.22568036495266,12,9.464263281314631,287.63200272946847,152244.2999827199,80.5,1032.6,146836.0,78.1,88.7,577.8,4.869426332112838,83124.29999999999,0.5414120340248983,0.050993190835728466
Lyon,2011,23.740513531876164,12,7.511004026930363,274.73110958552354,152244.2999827199,106.3,638.5,146836.0,80.5,78.1,1032.6,26.22568036495266,67872.55,-1.3541747626261418,0.050993190835728466
Lyon,2012,4.728314938196901,12,4.154596039372199,89.86117681005408,152244.2999827199,124.2,506.3,146836.0,106.3,80.5,638.5,23.740513531876164,62882.46000000001,-1.9900452891860696,0.050993190835728466
Lyon,2013,5.855741577908261,12,4.9441331629443495,78.23779690777467,152244.2999827199,116.4,688.8,146836.0,124.2,106.3,506.3,4.728314938196901,80176.31999999999,-1.1122361280878337,0.050993190835728466
Lyon,2014,11.30258159376131,12,6.307916666666667,149.39480153991929,152244.2999827199,124.3,701.8,146836.0,116.4,124.2,688.8,5.855741577908261,87233.73999999999,-1.0497072563383703,0.050993190835728466
Lyon,2015,7.910479404890898,12,7.420833333333333,99.7722436396001,152244.2999827199,133.6,853.0,146836.0,124.3,116.4,701.8,11.30258159376131,113960.79999999999,-0.32244837875999566,0.050993190835728466
Lyon,2016,34.30618362328852,12,13.516666666666666,237.43748474119252,152244.2999827199,152.1,836.5,146836.0,133.6,124.3,853.0,7.910479404890898,127231.65,-0.4018119467496992,0.050993190835728466
Lyon,2017,22.053057313685127,12,10.808333333333332,200.1361084162036,152244.2999827199,166.6,675.1,146836.0,152.1,133.6,836.5,34.30618362328852,112471.66,-1.1781319390853446,0.050993190835728466
Lyon,2018,45.79072763690426,11,11.445454545454545,396.9810637400899,152244.2999827199,158.2,1152.1,146836.0,166.6,152.1,675.1,22.053057313685127,182262.21999999997,1.116196662798812,0.050993190835728466
Lyon,2019,49.75767891584364,12,10.012500000000001,517.6538577150313,152244.2999827199,160.9,1122.1,146836.0,158.2,166.6,1152.1,45.79072763690426,180545.88999999998,0.9718992664538963,0.050993190835728466
Madison,2001,12.392595729740295,12,4.402708904681266,216.3712285214397,145593.83872900216,1.9,768.5,87362.0,5.8,,659.4,1.302566105329356,1460.1499999999999,-0.7288860451315078,-0.6477917587405639
Madison,2002,3.038388066878159,12,3.320802046277509,78.60017407649272,145593.83872900216,-22.2,649.5,87362.0,1.9,5.8,768.5,12.392595729740295,-14418.9,-1.3012657172996729,-0.6477917587405639
Madison,2003,8.150771663978512,12,3.8736298724807323,130.95945750640536,145593.83872900216,-23.4,783.6,87362.0,-22.2,1.9,649.5,3.038388066878159,-18336.239999999998,-0.6562563556379002,-0.6477917587405639
Madison,2004,9.363453912690543,12,3.007427345188619,230.71612377100115,145593.83872900216,-23.0,971.1,87362.0,-23.4,-22.2,783.6,8.150771663978512,-22335.3,0.245602371517822,-0.6477917587405639
Madison,2005,7.817847080221457,12,3.9883775920954005,177.01466451202612,145593.83872900216,-17.7,670.6,87362.0,-23.0,-23.4,971.1,9.363453912690543,-11869.62,-1.1997765485370822,-0.6477917587405639
Madison,2006,3.700136196223864,12,3.7318599209972234,94.06898744685064,145593.83872900216,-14.6,862.1,87362.0,-17.7,-23.0,670.6,7.817847080221457,-12586.66,-0.27867816853537114,-0.6477917587405639
Madison,2007,17.312521439486225,12,4.5165927976634315,380.9950683061469,145593.83872900216,-26.1,1143.1,87362.0,-14.6,-17.7,862.1,3.700136196223864,-29834.91,1.0729074438953372,-0.6477917587405639
Madison,2008,23.21142140100063,12,4.766625908974433,586.7138699359614,145593.83872900216,-15.3,1247.8,87362.0,-26.1,-14.6,1143.1,17.312521439486225,-19091.34,1.5765053571390928,-0.6477917587405639
Madison,2009,16.843316282296275,12,4.604332675587346,357.3596582592027,145593.83872900216,-22.9,1005.4,87362.0,-15.3,-26.1,1247.8,23.21142140100063,-23023.66,0.4105823946721752,-0.6477917587405639
Madison,2010,18.537661511005773,12,2.697394336617896,651.8185902092971,145593.83872900216,-24.1,1250.1,87362.0,-22.9,-15.3,1005.4,16.843316282296275,-30127.41,1.587568157525536,-0.6477917587405639
Madison,2011,10.388444893141783,12,2.482613053929133,300.12471420977084,145593.83872900216,19.0,1061.1,87362.0,-24.1,-22.9,1250.1,18.537661511005773,20160.899999999998,0.6784945605525681,-0.6477917587405639
Madison,2012,2.1895043902870754,12,2.541016723993104,86.00582931071196,145593.83872900216,39.4,666.6,87362.0,19.0,-24.1,1061.1,10.388444893141783,26264.04,-1.2190162013830708,-0.6477917587405639
Madison,2013,10.334778098008647,12,3.2743644457227856,202.41615931069438,145593.83872900216,22.9,825.3,87362.0,39.4,19.0,666.6,2.1895043902870754,18899.37,-0.4556829747184679,-0.6477917587405639
Madison,2014,8.73404175277222,12,2.5116709784315066,329.0743348290685,145593.83872900216,15.6,1097.1,87362.0,22.9,39.4,825.3,10.334778098008647,17114.76,0.8516514361664668,-0.6477917587405639
Madison,2015,11.769399502820441,12,2.325273007303407,419.5032066431705,145593.83872900216,-24.7,1173.9,87362.0,15.6,22.9,1097.1,8.73404175277222,-28995.33,1.2210527708094514,-0.6477917587405639
Madison,2016,6.217871602619621,12,2.1216565352846737,268.2919257962934,145593.83872900216,-28.5,868.0,87362.0,-24.7,15.6,1173.9,11.769399502820441,-24738.0,-0.2502996805875379,-0.6477917587405639
Madison,2017,5.874183345758336,12,2.3399763517503294,197.0443957046542,145593.83872900216,-22.8,712.5,87362.0,-28.5,-24.7,868.0,6.217871602619621,-16245.0,-0.9982411849753502,-0.6477917587405639
Madison,2018,9.40970271637906,12,2.181808856953214,374.0172754937209,145593.83872900216,-26.6,1053.9,87362.0,-22.8,-28.5,712.5,5.874183345758336,-28033.740000000005,0.6438631854297893,-0.6477917587405639
Madison,2019,8.040436200060334,12,2.0100159805946842,414.82208848792936,145593.83872900216,-26.3,1123.8,87362.0,-26.6,-22.8,1053.9,9.40970271637906,-29555.94,0.9800761189134418,-0.6477917587405639
Mahaska,2001,19.33535244011286,12,6.082261415858095,262.64499077692784,148588.68973655606,16.3,873.475,154887.0,18.5,,809.675,2.5669813793188085,14237.642500000002,-0.22396540575459067,0.14558776374218727
Mahaska,2002,8.694862870837637,12,6.119416323815237,114.05030631198801,148588.68973655606,6.7,731.375,154887.0,16.3,18.5,873.475,19.33535244011286,4900.212500000001,-0.9074540731083408,0.14558776374218727
Mahaska,2003,9.900581047687076,12,5.487308831262294,127.8849517930256,148588.68973655606,6.2,855.7,154887.0,6.7,16.3,731.375,8.694862870837637,5305.34,-0.30946161308895304,0.14558776374218727
Mahaska,2004,17.41645243970284,12,6.76655234762559,212.50290429573175,148588.68973655606,8.5,846.2249999999999,154887.0,6.2,6.7,855.7,9.900581047687076,7192.912499999999,-0.3550355407678895,0.14558776374218727
Mahaska,2005,12.484810561784926,12,6.155551417162151,149.9570417020601,148588.68973655606,26.3,643.05,154887.0,8.5,6.2,846.2249999999999,17.41645243970284,16912.215,-1.3322896575138299,0.14558776374218727
Mahaska,2006,10.390797438666715,12,7.2715110756290615,125.17546058661955,148588.68973655606,20.2,793.925,154887.0,26.3,8.5,643.05,12.484810561784926,16037.284999999998,-0.6065940017291921,0.14558776374218727
Mahaska,2007,29.82917150813159,12,7.348207674290415,397.8517142737109,148588.68973655606,20.2,1165.5249999999999,154887.0,20.2,26.3,793.925,10.390797438666715,23543.604999999996,1.1807697476631613,0.14558776374218727
Mahaska,2008,33.88237104078751,12,6.884628605130747,539.4810418778605,148588.68973655606,22.6,1176.625,154887.0,20.2,20.2,1165.5249999999999,29.82917150813159,26591.725000000002,1.2341597843107808,0.14558776374218727
Mahaska,2009,28.242278679411687,12,6.660234952817827,427.09134860985085,148588.68973655606,13.4,1121.0249999999999,154887.0,22.6,20.2,1176.625,33.88237104078751,15021.734999999999,0.9667286097515366,0.14558776374218727
Mahaska,2010,30.060281939635075,12,4.493857398817911,727.4491895997221,148588.68973655606,37.5,1358.875,154887.0,13.4,22.6,1121.0249999999999,28.242278679411687,50957.8125,2.1107664671061426,0.14558776374218727
Mahaska,2011,17.152514002949804,12,5.0215707494649315,272.4904371144071,148588.68973655606,33.2,921.95,154887.0,37.5,13.4,1358.875,30.060281939635075,30608.740000000005,0.009195137172735466,0.14558776374218727
Mahaska,2012,3.0693264214917955,12,4.798896951577938,64.30082531655025,148588.68973655606,42.6,681.6500000000001,154887.0,33.2,37.5,921.95,17.152514002949804,29038.290000000005,-1.1466270075500378,0.14558776374218727
Mahaska,2013,19.073008662831523,12,5.129920923608907,276.5563893753001,148588.68973655606,14.9,837.825,154887.0,42.6,33.2,681.6500000000001,3.0693264214917955,12483.5925,-0.3954388117444652,0.14558776374218727
Mahaska,2014,15.502571048050555,12,4.943537134643018,300.15760339888215,148588.68973655606,9.3,1158.725,154887.0,14.9,42.6,837.825,19.073008662831523,10776.1425,1.1480623378249808,0.14558776374218727
Mahaska,2015,31.101171212863704,12,6.899282644272731,432.28353512808934,148588.68973655606,11.2,1095.175,154887.0,9.3,14.9,1158.725,15.502571048050555,12265.96,0.8423923532343349,0.14558776374218727
Mahaska,2016,17.117990205072456,12,5.881039356838088,280.6145914305732,148588.68973655606,11.1,731.675,154887.0,11.2,9.3,1095.175,31.101171212863704,8121.592499999999,-0.9060110991448919,0.14558776374218727
Mahaska,2017,12.637834611845546,12,4.681559728029779,196.6287555060103,148588.68973655606,24.5,624.675,154887.0,11.1,11.2,731.675,17.117990205072456,15304.537499999999,-1.4206718127750906,0.14558776374218727
Mahaska,2018,19.048544742326747,12,4.433995811069209,424.8855365102504,148588.68973655606,9.8,1108.45,154887.0,24.5,11.1,624.675,12.637834611845546,10862.810000000001,0.9062439511169604,0.14558776374218727
Mahaska,2019,19.130153658604836,12,3.960061517801401,458.61766195427384,148588.68973655606,14.9,1127.3,154887.0,9.8,24.5,1108.45,19.048544742326747,16796.77,0.996910815153682,0.14558776374218727
Marion,2001,13.087662631399189,12,4.568211497937375,233.79892691298423,147730.41979859816,-8.1,896.2571428571429,96606.0,-8.1,,708.5857142857143,1.5343991127937104,-7259.682857142857,-0.1143852758398031,-0.5391801288874642
Marion,2002,4.372794117214951,12,4.235537657786843,94.46793933282254,147730.41979859816,-23.7,825.9571428571428,96606.0,-8.1,-8.1,896.2571428571429,13.087662631399189,-19575.184285714284,-0.45252217460805555,-0.5391801288874642
Marion,2003,8.678081959231442,12,4.525499125752376,131.27990049177748,147730.41979859816,-27.3,897.9571428571428,96606.0,-23.7,-8.1,825.9571428571428,4.372794117214951,-24514.23,-0.10620842338025821,-0.5391801288874642
Marion,2004,11.571712284005825,12,3.9957268501938565,219.26941941697194,147730.41979859816,-21.6,831.2142857142857,96606.0,-27.3,-23.7,897.9571428571428,8.678081959231442,-17954.22857142857,-0.42723577372475596,-0.5391801288874642
Marion,2005,9.453128347091384,12,4.7274745435593095,165.89140154838427,147730.41979859816,-16.8,665.1,96606.0,-21.6,-27.3,831.2142857142857,11.571712284005825,-11173.68,-1.2262310712003166,-0.5391801288874642
Marion,2006,5.5032447097825195,12,4.799287751268076,103.9792563092184,147730.41979859816,-17.6,796.1285714285714,96606.0,-16.8,-21.6,665.1,9.453128347091384,-14011.862857142858,-0.5959950144024286,-0.5391801288874642
Marion,2007,20.05728595390505,12,5.253393815768386,382.63026511191777,147730.41979859816,-31.8,1231.257142857143,96606.0,-17.6,-16.8,796.1285714285714,5.5032447097825195,-39153.97714285715,1.4969356500117543,-0.5391801288874642
Marion,2008,25.939750082673925,12,5.4124403865558,550.6960017874404,147730.41979859816,-10.0,1187.5285714285715,96606.0,-31.8,-17.6,1231.257142857143,20.05728595390505,-11875.285714285714,1.28660501657757,-0.5391801288874642
Marion,2009,18.087943242928766,12,5.279844567248145,349.11490996714343,147730.41979859816,-25.1,1105.6571428571428,96606.0,-10.0,-31.8,1187.5285714285715,25.939750082673925,-27751.99428571429,0.8928105506477073,-0.5391801288874642
Marion,2010,21.03148812083259,12,3.251152130139939,669.1225132700774,147730.41979859816,-18.7,1446.9,96606.0,-25.1,-10.0,1105.6571428571428,18.087943242928766,-27057.030000000002,2.534159077548183,-0.5391801288874642
Marion,2011,14.032440114678302,12,3.6726685507907444,289.23965472467006,147730.41979859816,-17.2,973.9285714285713,96606.0,-18.7,-25.1,1446.9,21.03148812083259,-16751.571428571428,0.2592075546017706,-0.5391801288874642
Marion,2012,2.141029228110774,12,2.898197006748576,74.9812196121706,147730.41979859816,-8.0,635.9761904761905,96606.0,-17.2,-18.7,973.9285714285713,14.032440114678302,-5087.809523809524,-1.3663140673980156,-0.5391801288874642
Marion,2013,10.99915253780466,12,3.843420909916359,211.8468908318908,147730.41979859816,-20.7,779.9666666666666,96606.0,-8.0,-17.2,635.9761904761905,2.141029228110774,-16145.309999999998,-0.6737323736396738,-0.5391801288874642
Marion,2014,9.579285239674487,12,3.1466141507277885,299.4113274369699,147730.41979859816,-25.4,1122.7666666666667,96606.0,-20.7,-8.0,779.9666666666666,10.99915253780466,-28518.27333333333,0.9751058752615616,-0.5391801288874642
Marion,2015,17.31233886116892,12,3.9277251084301827,413.24453608298353,147730.41979859816,-31.4,1184.81,96606.0,-25.4,-20.7,1122.7666666666667,9.579285239674487,-37203.034,1.273528923946885,-0.5391801288874642
Marion,2016,11.269969562650157,12,3.911108255288941,284.1590742235426,147730.41979859816,-39.2,787.1,96606.0,-31.4,-25.4,1184.81,17.31233886116892,-30854.320000000003,-0.63942165939766,-0.5391801288874642
Marion,2017,7.776509853460492,12,3.1013229957700603,201.63695857386725,147730.41979859816,-32.5,701.38,96606.0,-39.2,-31.4,787.1,11.269969562650157,-22794.85,-1.0517274198871989,-0.5391801288874642
Marion,2018,12.399629904417974,12,2.9830245113411054,395.68755939968685,147730.41979859816,-37.2,1120.8999999999999,96606.0,-32.5,-39.2,701.38,7.776509853460492,-41697.479999999996,0.9661273706000996,-0.5391801288874642
Marion,2019,10.470096759700084,12,2.468383775955108,433.3413112012978,147730.41979859816,-31.9,1108.1,96606.0,-37.2,-32.5,1120.8999999999999,12.399629904417974,-35348.38999999999,0.9045604814929358,-0.5391801288874642
Marshall,2001,29.21483688557437,12,7.436719749967369,299.4401488032861,148469.78553612772,-1.0,750.94,195764.0,7.8,,690.48,6.400592528612872,-750.94,-0.8133481211253981,0.625868766934004
Marshall,2002,12.930758492001127,12,8.320445849940112,132.66421529428257,148469.78553612772,-7.3,707.82,195764.0,-1.0,7.8,750.94,29.21483688557437,-5167.086,-1.0207515788051567,0.625868766934004
Marshall,2003,14.492601284671544,12,6.050351709420322,156.5804157589825,148469.78553612772,-13.6,914.54,195764.0,-7.3,-1.0,707.82,12.930758492001127,-12437.743999999999,-0.02644631972445907,0.625868766934004
Marshall,2004,20.93798271213193,12,7.125672640829265,234.48621394759067,148469.78553612772,-2.2,921.38,195764.0,-13.6,-7.3,914.54,14.492601284671544,-2027.036,0.006453486642181829,0.625868766934004
Marshall,2005,17.776446091684722,12,7.307192421496649,187.5983549431617,148469.78553612772,-0.1,833.92,195764.0,-2.2,-13.6,921.38,20.93798271213193,-83.392,-0.4142215228353621,0.625868766934004
Marshall,2006,16.645102869017904,12,9.164310833980752,153.94153323532322,148469.78553612772,1.0,853.3,195764.0,-0.1,-2.2,833.92,17.776446091684722,853.3,-0.3210054047965467,0.625868766934004
Marshall,2007,42.49756403983037,12,9.315334313801575,440.29693130078493,148469.78553612772,7.6,1044.52,195764.0,1.0,-0.1,853.3,16.645102869017904,7938.352,0.5987461995059451,0.625868766934004
Marshall,2008,52.5021560049927,12,8.219503377176656,612.028601415392,148469.78553612772,14.5,1185.54,195764.0,7.6,1.0,1044.52,42.49756403983037,17190.329999999998,1.277040160591278,0.625868766934004
Marshall,2009,35.452001217816694,12,7.565713112874395,467.02859627244595,148469.78553612772,4.7,1037.48,195764.0,14.5,7.6,1185.54,52.5021560049927,4876.156,0.5648844104970051,0.625868766934004
Marshall,2010,42.03308200790027,12,6.892243604086773,579.0148713014145,148469.78553612772,-4.4,1133.28,195764.0,4.7,14.5,1037.48,35.452001217816694,-4986.432000000001,1.0256740961584352,0.625868766934004
Marshall,2011,19.498013789320442,12,5.556488414599319,243.46365308409466,148469.78553612772,23.5,722.28,195764.0,-4.4,4.7,1133.28,42.03308200790027,16973.579999999998,-0.9512002337669078,0.625868766934004
Marshall,2012,3.73558466895248,12,3.580119630502869,62.39403277188406,148469.78553612772,16.5,609.66,195764.0,23.5,-4.4,722.28,19.498013789320442,10059.39,-1.4928926596457208,0.625868766934004
Marshall,2013,32.55636454157357,12,5.137572710105316,343.43105505381993,148469.78553612772,12.8,941.08,195764.0,16.5,23.5,609.66,3.73558466895248,12045.824,0.10120877690867659,0.625868766934004
Marshall,2014,30.41350731434242,12,7.960168555156186,319.987085865562,148469.78553612772,-7.9,1095.46,195764.0,12.8,16.5,941.08,32.55636454157357,-8654.134,0.843763178499612,0.625868766934004
Marshall,2015,44.68409200311049,12,9.883982897382658,404.52736270956586,148469.78553612772,-4.9,1130.975,195764.0,-7.9,12.8,1095.46,30.41350731434242,-5541.7775,1.014587246205934,0.625868766934004
Marshall,2016,33.63182988405252,12,9.511891385605887,351.70263607068796,148469.78553612772,-7.9,857.45,195764.0,-4.9,-7.9,1130.975,44.68409200311049,-6773.8550000000005,-0.30104426496883296,0.625868766934004
Marshall,2017,21.73273629231957,12,6.834345769041692,243.9720942474305,148469.78553612772,-4.4,654.975,195764.0,-7.9,-4.9,857.45,33.63182988405252,-2881.8900000000003,-1.2749314424667255,0.625868766934004
Marshall,2018,30.718538646769414,12,6.677557886915571,476.6913158983351,148469.78553612772,-16.9,1205.6166666666668,195764.0,-4.4,-7.9,654.975,21.73273629231957,-20374.921666666665,1.373607184834104,0.625868766934004
Marshall,2019,29.099177437687526,12,5.787708609833167,472.8511200916422,148469.78553612772,-17.5,997.2,195764.0,-16.9,-4.4,1205.6166666666668,30.718538646769414,-17451.0,0.37114110633789865,0.625868766934004
Mills,2001,6.2715287045384285,12,4.873639056875903,104.8307403346567,114057.77844669895,-13.3,678.3,15776.0,-5.3,,762.1999999999999,1.694151356146646,-9021.39,-1.162740216808554,-1.4888856720534143
Mills,2002,2.2969373409432143,12,4.2066609009922225,51.15250411091768,114057.77844669895,-7.6,668.75,15776.0,-13.3,-5.3,678.3,6.2715287045384285,-5082.5,-1.208674887978352,-1.4888856720534143
Mills,2003,4.287364737605917,12,5.163516977303599,67.65918299859027,114057.77844669895,-13.4,628.0,15776.0,-7.6,-13.3,668.75,2.2969373409432143,-8415.2,-1.4046788513468622,-1.4888856720534143
Mills,2004,9.294763914534204,12,6.228811854870043,120.31022038041588,114057.77844669895,-24.6,720.6999999999999,15776.0,-13.4,-7.6,628.0,4.287364737605917,-17729.22,-0.9587998966410736,-1.4888856720534143
Mills,2005,5.788723909865383,12,5.345159647877814,88.31138946229859,114057.77844669895,-7.3,659.4,15776.0,-24.6,-13.4,720.6999999999999,9.294763914534204,-4813.62,-1.2536475765058508,-1.4888856720534143
Mills,2006,3.1689642449141426,12,4.976666666666667,59.10806220933715,114057.77844669895,-10.2,766.4,15776.0,-7.3,-24.6,659.4,5.788723909865383,-7817.279999999999,-0.738986862875652,-1.4888856720534143
Mills,2007,22.300874520304298,12,8.391666666666667,235.1313963366639,114057.77844669895,13.1,1142.2,15776.0,-10.2,-7.3,766.4,3.1689642449141426,14962.82,1.0685785220049904,-1.4888856720534143
Mills,2008,15.01680216158174,8,7.125,184.7062705716939,114057.77844669895,-0.1,1092.25,15776.0,13.1,-10.2,1142.2,22.300874520304298,-109.22500000000001,0.8283233570907058,-1.4888856720534143
Mills,2009,7.331861023994378,9,6.477777777777778,109.66725777685981,114057.77844669895,-12.9,834.05,15776.0,-0.1,13.1,1092.25,15.01680216158174,-10759.244999999999,-0.41359623411786756,-1.4888856720534143
Mills,2010,22.414908838774267,12,7.266666666666667,301.5388775489777,114057.77844669895,-19.8,937.0,15776.0,-12.9,-0.1,834.05,7.331861023994378,-18552.600000000002,0.08158433100576788,-1.4888856720534143
Mills,2011,12.471040528394399,12,6.411111111111111,179.55706102843448,114057.77844669895,-9.8,877.25,15776.0,-19.8,-12.9,937.0,22.414908838774267,-8597.050000000001,-0.2058079833811889,-1.4888856720534143
Mills,2012,4.635897206272241,12,4.084340575378212,91.69157588537828,114057.77844669895,-6.7,628.95,15776.0,-9.8,-19.8,877.25,12.471040528394399,-4213.965,-1.4001094337959397,-1.4888856720534143
Mills,2013,14.104267901106553,12,6.404166666666666,134.967924837432,114057.77844669895,-25.6,859.15,15776.0,-6.7,-9.8,628.95,4.635897206272241,-21994.24,-0.29286741250928805,-1.4888856720534143
Mills,2014,21.24892398211569,12,6.875,272.3785054912318,114057.77844669895,-30.9,1057.55,15776.0,-25.6,-6.7,859.15,14.104267901106553,-32678.295,0.6614193686517533,-1.4888856720534143
Mills,2015,26.845797643242552,12,8.816666666666666,299.75459184548083,114057.77844669895,-32.5,1241.55,15776.0,-30.9,-25.6,1057.55,21.24892398211569,-40350.375,1.5464433995672353,-1.4888856720534143
Mills,2016,26.960825223273424,12,7.9375,325.00676638368043,114057.77844669895,-29.7,944.75,15776.0,-32.5,-30.9,1241.55,26.845797643242552,-28059.075,0.11886115839487106,-1.4888856720534143
Mills,2017,12.766408515236076,12,6.635804607099285,184.34986238616264,114057.77844669895,-24.6,930.85,15776.0,-29.7,-32.5,944.75,26.960825223273424,-22898.910000000003,0.0520033647550603,-1.4888856720534143
Mills,2018,14.661689792146616,12,6.684027777777778,218.7738327609009,114057.77844669895,-33.5,1003.0,15776.0,-24.6,-29.7,930.85,12.766408515236076,-33600.5,0.3990386029645821,-1.4888856720534143
Mills,2019,17.02305864522431,12,6.545313392928892,279.989680963339,114057.77844669895,-36.7,941.3,15776.0,-33.5,-24.6,1003.0,14.661689792146616,-34545.71,0.10226695781520556,-1.4888856720534143
Mitchell,2001,32.36795448887088,12,6.647546130133354,342.35266692810484,121658.58348004892,17.5,863.65,178527.0,29.8,,936.6999999999999,19.054005232596147,15113.875,-0.27122280305755075,0.4233440304803174
Mitchell,2002,7.363683680987522,12,5.5810390769191045,118.76955036928895,121658.58348004892,15.0,823.05,178527.0,17.5,29.8,863.65,32.36795448887088,12345.75,-0.46650527944433656,0.4233440304803174
Mitchell,2003,13.08279447028082,12,5.50623258636492,151.49098950509693,121658.58348004892,20.4,654.5,178527.0,15.0,17.5,823.05,7.363683680987522,13351.8,-1.277216151242187,0.4233440304803174
Mitchell,2004,26.587226071028372,12,7.067916110822966,341.7942168605647,121658.58348004892,20.7,1032.2,178527.0,20.4,15.0,654.5,13.08279447028082,21366.54,0.5394880687403001,0.4233440304803174
Mitchell,2005,17.48210519529939,12,7.138919060537892,238.32612322741198,121658.58348004892,29.2,967.0500000000001,178527.0,20.7,20.4,1032.2,26.587226071028372,28237.86,0.22612222301125862,0.4233440304803174
Mitchell,2006,25.589342627315236,12,7.574601187000309,248.38875523444636,121658.58348004892,31.4,894.7,178527.0,29.2,20.7,967.0500000000001,17.48210519529939,28093.58,-0.12187499784056283,0.4233440304803174
Mitchell,2007,28.044466757718272,12,7.571844044984727,375.98242771420746,121658.58348004892,41.3,948.8,178527.0,31.4,29.2,894.7,25.589342627315236,39185.439999999995,0.13834130690143445,0.4233440304803174
Mitchell,2008,34.801263616592884,12,6.315790411189307,435.79031518081393,121658.58348004892,40.5,1144.25,178527.0,41.3,31.4,948.8,28.044466757718272,46342.125,1.0784388440885595,0.4233440304803174
Mitchell,2009,14.836820941608034,9,6.817099323431973,189.32118169840086,121658.58348004892,19.7,897.0,178527.0,40.5,41.3,1144.25,34.801263616592884,17670.899999999998,-0.11081219745411952,0.4233440304803174
Mitchell,2010,26.921292269609253,12,7.407074878125229,373.85879869138324,121658.58348004892,27.7,1035.3,178527.0,19.7,40.5,897.0,14.836820941608034,28677.809999999998,0.554398799695941,0.4233440304803174
Mitchell,2011,28.512319691708523,12,6.922035599433357,333.04614063875385,121658.58348004892,49.3,805.9,178527.0,27.7,19.7,1035.3,26.921292269609253,39730.869999999995,-0.5489952910215131,0.4233440304803174
Mitchell,2012,4.562346714195046,12,4.202933141322888,91.55276379442928,121658.58348004892,64.8,648.25,178527.0,49.3,27.7,805.9,28.512319691708523,42006.6,-1.3072781088140444,0.4233440304803174
Mitchell,2013,50.71588257375521,12,8.069607761027436,418.38064983041016,121658.58348004892,31.6,1199.85,178527.0,64.8,49.3,648.25,4.562346714195046,37915.26,1.3458700186478025,0.4233440304803174
Mitchell,2014,30.013918398301733,12,7.985944149358975,317.41367817103867,121658.58348004892,31.9,1015.05,178527.0,31.6,64.8,1199.85,50.71588257375521,32380.094999999998,0.4569980571631229,0.4233440304803174
Mitchell,2015,27.78953529851666,12,8.025964888570384,308.0769494148299,121658.58348004892,21.3,1059.85,178527.0,31.9,31.6,1015.05,30.013918398301733,22574.805,0.6724821690381966,0.4233440304803174
Mitchell,2016,52.47558086567114,12,9.430893656598853,571.211139699677,121658.58348004892,24.1,1286.35,178527.0,21.3,31.9,1059.85,27.78953529851666,31001.035,1.761927511442309,0.4233440304803174
Mitchell,2017,31.469815687938727,12,6.839832052211265,400.43910875861667,121658.58348004892,21.5,908.7,178527.0,24.1,21.3,1286.35,52.47558086567114,19537.05,-0.05453621287960224,0.4233440304803174
Mitchell,2018,47.32026364447274,12,6.752737600617446,647.1554371655841,121658.58348004892,22.9,1285.3,178527.0,21.5,24.1,908.7,31.469815687938727,29433.369999999995,1.7568771025702372,0.4233440304803174
Mitchell,2019,36.65461164349872,12,5.931425793836975,600.1631570848601,121658.58348004892,19.3,1276.2,178527.0,22.9,21.5,1285.3,47.32026364447274,24630.660000000003,1.7131068923456132,0.4233440304803174
Monona,2001,5.72109078992383,12,4.759434172380817,115.46731018736783,180955.86183209426,-3.2,805.9857142857143,4504.0,-0.2,,481.8857142857143,1.7883686535562038,-2579.154285714286,-0.548583012746242,-1.6213251237738966
Monona,2002,3.0655221676361846,12,4.846532605046422,65.48510025001391,180955.86183209426,-9.5,636.0,4504.0,-3.2,-0.2,805.9857142857143,5.72109078992383,-6042.0,-1.3661995456548848,-1.6213251237738966
Monona,2003,5.367014523072676,12,5.016688147900957,87.56971780884112,180955.86183209426,-7.2,694.4,4504.0,-9.5,-3.2,636.0,3.0655221676361846,-4999.68,-1.0853006141034494,-1.6213251237738966
Monona,2004,6.46015989350111,12,5.958142079522517,101.73155222692576,180955.86183209426,-15.0,693.9142857142857,4504.0,-7.2,-9.5,694.4,5.367014523072676,-10408.714285714286,-1.0876368576633193,-1.6213251237738966
Monona,2005,4.46146433997115,12,5.370983151573712,77.10937071500005,180955.86183209426,-1.5,608.8,4504.0,-15.0,-7.2,693.9142857142857,6.46015989350111,-913.1999999999999,-1.4970291850076085,-1.6213251237738966
Monona,2006,3.601665769483732,12,4.580266318575462,67.47228503903729,180955.86183209426,14.6,693.3142857142857,4504.0,-1.5,-15.0,608.8,4.46146433997115,10122.388571428572,-1.0905228055902176,-1.6213251237738966
Monona,2007,13.276319729900283,12,7.3563162671876166,170.99260540285692,180955.86183209426,10.8,954.4571428571429,4504.0,14.6,-1.5,693.3142857142857,3.601665769483732,10308.137142857144,0.1655516730693333,-1.6213251237738966
Monona,2008,9.456016243536423,8,7.180738926359153,137.8969434171133,180955.86183209426,-1.1,910.4,4504.0,10.8,14.6,954.4571428571429,13.276319729900283,-1001.44,-0.04635936042005735,-1.6213251237738966
Monona,2009,6.4936447069312,9,6.846061459563926,93.57840758798017,180955.86183209426,-20.3,818.9857142857143,4504.0,-1.1,10.8,910.4,9.456016243536423,-16625.41,-0.48605414099677857,-1.6213251237738966
Monona,2010,20.33231042341278,12,8.057579071127712,251.21221628491264,180955.86183209426,-13.4,897.0,4504.0,-20.3,-1.1,818.9857142857143,6.4936447069312,-12019.800000000001,-0.11081219745411952,-1.6213251237738966
Monona,2011,14.769353073180438,12,7.486579719529462,183.95331755755387,180955.86183209426,-0.1,651.3642857142858,4504.0,-13.4,-20.3,897.0,20.33231042341278,-65.13642857142858,-1.2922986648125243,-1.6213251237738966
Monona,2012,2.9730951922560194,12,4.433734439056609,60.21101230373888,180955.86183209426,10.6,558.1333333333333,4504.0,-0.1,-13.4,651.3642857142858,14.769353073180438,5916.213333333333,-1.7407314543901322,-1.6213251237738966
Monona,2013,6.744017873105664,12,5.669998780447606,87.45175423375277,180955.86183209426,-10.8,734.6333333333333,4504.0,10.6,-0.1,558.1333333333333,2.9730951922560194,-7934.040000000001,-0.8917817725608791,-1.6213251237738966
Monona,2014,10.045913904949558,12,6.575181586217023,149.09572153956603,180955.86183209426,-17.0,996.2666666666667,4504.0,-10.8,10.6,734.6333333333333,6.744017873105664,-16936.533333333333,0.36665185400716765,-1.6213251237738966
Monona,2015,20.407292333413345,12,9.553179341915637,209.32795814998502,180955.86183209426,-14.0,1020.6666666666666,4504.0,-17.0,-10.8,996.2666666666667,10.045913904949558,-14289.333333333332,0.48401373636769884,-1.6213251237738966
Monona,2016,27.97974004212728,12,9.789814930780041,270.6752556399563,180955.86183209426,-13.6,779.6166666666667,4504.0,-14.0,-17.0,1020.6666666666666,20.407292333413345,-10602.786666666667,-0.6754158432636974,-1.6213251237738966
Monona,2017,13.01533467169775,12,7.660003279784601,167.56186768696432,180955.86183209426,-14.7,847.9666666666667,4504.0,-13.6,-14.0,779.6166666666667,27.97974004212728,-12465.11,-0.3466582752578647,-1.6213251237738966
Monona,2018,17.838789238959848,12,7.650159562809647,242.67850199975882,180955.86183209426,-17.0,966.3166666666667,4504.0,-14.7,-13.6,847.9666666666667,13.01533467169775,-16427.383333333335,0.22259495332282728,-1.6213251237738966
Monona,2019,19.314655309621045,12,7.394190503553521,280.1958982647244,180955.86183209426,-28.8,815.1,4504.0,-17.0,-14.7,966.3166666666667,17.838789238959848,-23474.88,-0.5047440894757389,-1.6213251237738966
Monroe,2001,10.247983844602478,12,3.509614184430136,264.25791550270304,112425.59093631995,24.3,1116.2,14392.0,-8.3,,884.6,1.1326118792795423,27123.660000000003,0.9435207785060636,-1.5051468680418056
Monroe,2002,3.68848035301342,12,3.8884018622082572,107.68471473932178,112425.59093631995,-13.1,740.5,14392.0,24.3,-8.3,1116.2,10.247983844602478,-9700.55,-0.8635636150534289,-1.5051468680418056
Monroe,2003,6.650813729178614,12,4.379605959267041,118.69895222887578,112425.59093631995,-16.1,662.3,14392.0,-13.1,24.3,740.5,3.68848035301342,-10663.03,-1.239698828192509,-1.5051468680418056
Monroe,2004,9.368174831363294,12,3.786133597579703,192.0747256054942,112425.59093631995,-21.0,891.7,14392.0,-16.1,-13.1,662.3,6.650813729178614,-18725.7,-0.13630473747505437,-1.5051468680418056
Monroe,2005,7.669094259074707,12,4.478614812751557,142.27833991940213,112425.59093631995,-19.5,680.4,14392.0,-21.0,-16.1,891.7,9.368174831363294,-13267.8,-1.15263939906441,-1.5051468680418056
Monroe,2006,4.804110359700813,12,4.481495113810301,88.90369521526527,112425.59093631995,-22.3,737.5999999999999,14392.0,-19.5,-21.0,680.4,7.669094259074707,-16448.48,-0.8775123633667712,-1.5051468680418056
Monroe,2007,17.8110699023217,12,4.997728070663206,363.55121676384454,112425.59093631995,-41.4,1101.2,14392.0,-22.3,-19.5,737.5999999999999,4.804110359700813,-45589.68,0.8713720803336059,-1.5051468680418056
Monroe,2008,17.508230393154996,9,3.471135742703507,458.7688740793583,112425.59093631995,-23.2,1221.9,14392.0,-41.4,-22.3,1101.2,17.8110699023217,-28348.08,1.4519286049613163,-1.5051468680418056
Monroe,2009,7.733944104800249,9,3.1629713195988356,241.2643744755076,112425.59093631995,-30.5,1097.7,14392.0,-23.2,-41.4,1221.9,17.508230393154996,-33479.85,0.8545373840933658,-1.5051468680418056
Monroe,2010,20.26047205306475,12,3.4016721617412373,669.8293704935957,112425.59093631995,-13.9,1441.0,14392.0,-30.5,-23.2,1097.7,7.733944104800249,-20029.9,2.505780589600349,-1.5051468680418056
Monroe,2011,17.67809212183463,12,4.637476344868067,292.74059228801195,112425.59093631995,24.9,787.6,14392.0,-13.9,-30.5,1441.0,20.26047205306475,19611.239999999998,-0.6370167027919115,-1.5051468680418056
Monroe,2012,1.641252467822817,12,2.245232396746029,67.19254775360692,112425.59093631995,43.8,690.5999999999999,14392.0,24.9,-13.9,787.6,17.67809212183463,30248.279999999995,-1.103578284307139,-1.5051468680418056
Monroe,2013,8.817673827920123,12,3.655561161532448,217.96529331120996,112425.59093631995,20.0,925.9,14392.0,43.8,24.9,690.5999999999999,1.641252467822817,18518.0,0.028194294358149016,-1.5051468680418056
Monroe,2014,7.253147782200367,12,2.8355595404520813,264.3578450519321,112425.59093631995,27.5,912.1999999999999,14392.0,20.0,43.8,925.9,8.817673827920123,25085.499999999996,-0.03770151663936264,-1.5051468680418056
Monroe,2015,19.4540708508586,12,4.8483428698909785,396.7406688882885,112425.59093631995,-32.9,1075.5,14392.0,27.5,20.0,912.1999999999999,7.253147782200367,-35383.95,0.747757310798128,-1.5051468680418056
Monroe,2016,15.29068277562543,12,5.434554505777232,290.19624631025255,112425.59093631995,-26.3,543.0,14392.0,-32.9,27.5,1075.5,19.4540708508586,-14280.9,-1.813521474324123,-1.5051468680418056
Monroe,2017,7.930608193812278,12,3.621198447114286,196.25553274038043,112425.59093631995,-27.2,741.4,14392.0,-26.3,-32.9,543.0,15.29068277562543,-20166.079999999998,-0.8592346931630817,-1.5051468680418056
Monroe,2018,13.467992879645013,12,3.467077852727677,374.74368454723833,112425.59093631995,-24.8,870.2,14392.0,-27.2,-26.3,741.4,7.930608193812278,-21580.960000000003,-0.23971787152224386,-1.5051468680418056
Monroe,2019,11.182495713628338,12,2.5768046941663254,454.1718060455354,112425.59093631995,-18.2,1165.5,14392.0,-24.8,-27.2,870.2,13.467992879645013,-21212.1,1.1806494998328747,-1.5051468680418056
Montgomery,2001,8.206117655992497,12,4.231021716607423,150.89343444910847,110089.35096528902,-9.4,888.275,94604.0,-4.9,,645.3583333333333,1.1550143500020957,-8349.785,-0.15277869022443258,-0.5627024658591113
Montgomery,2002,1.4109470431397704,12,2.671175466446165,47.78175459946165,110089.35096528902,-11.6,723.05,94604.0,-9.4,-4.9,888.275,8.206117655992497,-8387.38,-0.947496600594055,-0.5627024658591113
Montgomery,2003,3.8597405471819823,12,3.7611924396188825,71.81536367450228,110089.35096528902,-7.7,710.0749999999999,94604.0,-11.6,-9.4,723.05,1.4109470431397704,-5467.577499999999,-1.0099052245132312,-0.5627024658591113
Montgomery,2004,10.780716326740505,12,5.40287367843084,143.25769412466022,110089.35096528902,-13.8,924.725,94604.0,-7.7,-11.6,710.0749999999999,3.8597405471819823,-12761.205000000002,0.022542646334640044,-0.5627024658591113
Montgomery,2005,5.922895190306144,12,4.220158419700138,102.4171748970139,110089.35096528902,-1.0,717.0,94604.0,-13.8,-7.7,924.725,10.780716326740505,-717.0,-0.9765965755236128,-0.5627024658591113
Montgomery,2006,2.8651691330270435,12,4.031366388658717,65.97481810017365,110089.35096528902,-7.1,813.3499999999999,94604.0,-1.0,-13.8,717.0,5.922895190306144,-5774.784999999999,-0.5131614375958595,-0.5627024658591113
Montgomery,2007,27.28372640149213,12,7.02971978966631,346.1083590808928,110089.35096528902,16.8,1291.925,94604.0,-7.1,-1.0,813.3499999999999,2.8651691330270435,21704.34,1.788742777596406,-0.5627024658591113
Montgomery,2008,18.41834547909779,9,5.2317107359316495,294.3743609729599,110089.35096528902,-0.1,1089.875,94604.0,16.8,-7.1,1291.925,27.28372640149213,-108.98750000000001,0.8168998132134,-0.5627024658591113
Montgomery,2009,8.340848552323905,9,5.021108500962388,157.15898481060805,110089.35096528902,-8.8,850.4250000000001,94604.0,-0.1,16.8,1089.875,18.41834547909779,-7483.740000000002,-0.33483390527960055,-0.5627024658591113
Montgomery,2010,23.604267819753137,12,5.3323756827199835,422.64881854859755,110089.35096528902,-16.7,1002.85,94604.0,-8.8,-0.1,850.4250000000001,8.340848552323905,-16747.595,0.39831711598285763,-0.5627024658591113
Montgomery,2011,10.6071404819375,12,4.703507975880238,199.357592971013,110089.35096528902,7.7,867.6916666666667,94604.0,-16.7,-8.8,1002.85,23.604267819753137,6681.225833333334,-0.25178273716108257,-0.5627024658591113
Montgomery,2012,4.800842045617475,12,3.1221434758986497,105.91799327325643,110089.35096528902,9.2,822.9666666666667,94604.0,7.7,-16.7,867.6916666666667,10.6071404819375,7571.293333333333,-0.46690610554529427,-0.5627024658591113
Montgomery,2013,14.429142617171854,12,5.243971974139651,146.00309080706032,110089.35096528902,-2.7,745.9666666666667,94604.0,9.2,7.7,822.9666666666667,4.800842045617475,-2014.1100000000001,-0.8372694228305776,-0.5627024658591113
Montgomery,2014,19.255842158741903,12,5.183201159773382,315.2896087845159,110089.35096528902,-3.6,1081.7,94604.0,-2.7,9.2,745.9666666666667,14.429142617171854,-3894.1200000000003,0.7775787727094108,-0.5627024658591113
Montgomery,2015,25.082386599089173,12,6.465874299493475,368.82980664450207,110089.35096528902,-22.5,1182.8,94604.0,-3.6,-2.7,1081.7,19.255842158741903,-26613.0,1.2638609983917757,-0.5627024658591113
Montgomery,2016,20.777388726009015,12,5.942483896025205,330.8118151838292,110089.35096528902,-15.5,1009.5,94604.0,-22.5,-3.6,1182.8,25.082386599089173,-15647.25,0.4303030388393138,-0.5627024658591113
Montgomery,2017,11.807345657606596,12,4.803664392927042,229.25487959061448,110089.35096528902,-17.2,893.7666666666667,94604.0,-15.5,-22.5,1009.5,20.777388726009015,-15372.786666666665,-0.12636425017129382,-0.5627024658591113
Montgomery,2018,13.92947911423833,12,5.159031913510696,271.5954197726841,110089.35096528902,-23.6,1092.2,94604.0,-17.2,-15.5,893.7666666666667,11.807345657606596,-25775.920000000002,0.8280828614301312,-0.5627024658591113
Montgomery,2019,14.742626092555035,12,4.517889219218138,357.7264939865737,110089.35096528902,-24.0,1068.8999999999999,94604.0,-23.6,-17.2,1092.2,13.92947911423833,-25653.6,0.7160118836022459,-0.5627024658591113
Muscatine,2001,30.63056676459012,12,7.138298643442924,336.7310054649906,116333.95578977659,-12.7,1073.6333333333332,81152.0,-8.7,,981.1,10.98355637059535,-13635.143333333332,0.738778806136666,-0.7207556511451235
Muscatine,2002,13.26945732172301,12,5.0767944464880195,233.7991584081472,116333.95578977659,-25.4,865.1333333333333,81152.0,-12.7,-8.7,1073.6333333333332,30.63056676459012,-21974.386666666665,-0.2640880984604965,-0.7207556511451235
Muscatine,2003,8.118554310719672,12,4.657834199299068,130.31628213063775,116333.95578977659,-24.7,692.2,81152.0,-25.4,-12.7,865.1333333333333,13.26945732172301,-17097.34,-1.0958824231687427,-0.7207556511451235
Muscatine,2004,18.894398741937774,12,7.045739784342094,257.7545548971728,116333.95578977659,-17.0,880.0,81152.0,-24.7,-25.4,692.2,8.118554310719672,-14960.0,-0.19258072204957166,-0.7207556511451235
Muscatine,2005,10.65576144431933,12,6.642124102567403,141.99364124799914,116333.95578977659,0.9,526.2333333333333,81152.0,-17.0,-24.7,880.0,18.894398741937774,473.61,-1.8941676858368923,-0.7207556511451235
Muscatine,2006,9.199587302148618,12,6.057568828469382,126.75632762142769,116333.95578977659,-11.1,847.2666666666667,81152.0,0.9,-17.0,526.2333333333333,10.65576144431933,-9404.66,-0.3500252145059129,-0.7207556511451235
Muscatine,2007,27.423455502369123,12,7.89041535564641,339.961554831883,116333.95578977659,-17.5,1134.5666666666666,81152.0,-11.1,0.9,847.2666666666667,9.199587302148618,-19854.916666666664,1.031862851157228,-0.7207556511451235
Muscatine,2008,29.722457365577995,9,5.986237879424845,475.7064449247942,116333.95578977659,-1.9,1209.5666666666666,81152.0,-17.5,-11.1,1134.5666666666666,27.423455502369123,-2298.1766666666663,1.392606342019517,-0.7207556511451235
Muscatine,2009,22.412041927278413,9,6.216807762402652,356.0063204602678,116333.95578977659,-10.6,1296.4666666666667,81152.0,-1.9,-17.5,1209.5666666666666,29.722457365577995,-13742.546666666667,1.8105878000986229,-0.7207556511451235
Muscatine,2010,26.79574228812693,12,5.964320957524019,437.7401557856014,116333.95578977659,7.9,1294.3,81152.0,-10.6,-1.9,1296.4666666666667,22.412041927278413,10224.97,1.8001663214737118,-0.7207556511451235
Muscatine,2011,20.544743127563258,12,5.293368796207276,287.40629657597,116333.95578977659,5.1,808.4333333333333,81152.0,7.9,-10.6,1294.3,26.79574228812693,4123.009999999999,-0.5368101775523871,-0.7207556511451235
Muscatine,2012,5.1858454060174655,12,3.240716231739339,111.2540529895989,116333.95578977659,5.0,701.0,81152.0,5.1,7.9,808.4333333333333,20.544743127563258,3505.0,-1.0535551869075677,-0.7207556511451235
Muscatine,2013,27.30896475797305,12,5.437780421401286,360.8105631355826,116333.95578977659,-4.3,880.2666666666667,81152.0,5.0,5.1,701.0,5.1858454060174655,-3785.1466666666665,-0.19129807852650582,-0.7207556511451235
Muscatine,2014,20.41637309344237,12,5.465479543138987,335.0436939246141,116333.95578977659,-16.6,1014.1999999999999,81152.0,-4.3,5.0,880.2666666666667,27.30896475797305,-16835.72,0.45290963093335024,-0.7207556511451235
Muscatine,2015,30.044595713906123,12,7.443306955867328,351.4271419495657,116333.95578977659,-11.8,1069.6666666666667,81152.0,-16.6,-4.3,1014.1999999999999,20.41637309344237,-12622.066666666668,0.7196994837310614,-0.7207556511451235
Muscatine,2016,32.04276845490366,12,8.227484782566181,404.6210350100007,116333.95578977659,-17.4,874.1333333333333,81152.0,-11.8,-16.6,1069.6666666666667,30.044595713906123,-15209.919999999998,-0.22079887955702185,-0.7207556511451235
Muscatine,2017,20.89854178155424,12,5.54781047438981,304.5901764978485,116333.95578977659,-15.6,852.8833333333333,81152.0,-17.4,-11.8,874.1333333333333,32.04276845490366,-13304.98,-0.323009535301337,-0.7207556511451235
Muscatine,2018,25.819109700359988,12,5.295272960511617,495.81365086266726,116333.95578977659,-25.6,1235.45,81152.0,-15.6,-17.4,852.8833333333333,20.89854178155424,-31627.520000000004,1.517102928977103,-0.7207556511451235
Muscatine,2019,26.272621592659075,12,4.9058307781886645,509.9561215169315,116333.95578977659,-11.8,1225.5,81152.0,-25.6,-15.6,1235.45,25.819109700359988,-14460.900000000001,1.4692442925227058,-0.7207556511451235
O'Brien,2001,14.312604053979522,12,5.8381237636295,184.91901595033266,148426.35681921983,26.7,767.52,190254.0,36.5,,680.5,1.371260004649273,20492.784,-0.7335997600787751,0.5611294678761741
O'Brien,2002,3.8700856096069036,12,6.176754546933054,59.45968961941339,148426.35681921983,36.7,576.48,190254.0,26.7,36.5,767.52,14.312604053979522,21156.816000000003,-1.6524855800031972,0.5611294678761741
O'Brien,2003,6.647717161394337,12,5.259460897248857,84.38903560412254,148426.35681921983,35.6,661.38,190254.0,36.7,26.7,576.48,3.8700856096069036,23545.128,-1.2441239483470863,0.5611294678761741
O'Brien,2004,11.49709725858974,12,7.160619222312878,160.04870581553607,148426.35681921983,36.8,850.26,190254.0,35.6,36.7,661.38,6.647717161394337,31289.567999999996,-0.335627540959498,0.5611294678761741
O'Brien,2005,13.26114769411478,12,8.424158604500093,138.6572658624325,148426.35681921983,51.0,820.14,190254.0,36.8,35.6,850.26,11.49709725858974,41827.14,-0.4805021268897932,0.5611294678761741
O'Brien,2006,13.753867139649945,12,7.479108254925308,144.22999185097672,148426.35681921983,50.2,732.22,190254.0,51.0,36.8,820.14,13.26114769411478,36757.444,-0.9033896964446255,0.5611294678761741
O'Brien,2007,17.522241945996825,12,7.231147177451606,237.50049252457728,148426.35681921983,79.6,811.7,190254.0,50.2,51.0,732.22,13.753867139649945,64611.32,-0.5210977943948292,0.5611294678761741
O'Brien,2008,15.015076362129081,8,8.109746097553659,171.03183265369958,148426.35681921983,59.7,789.3399999999999,190254.0,79.6,50.2,811.7,17.522241945996825,47123.598,-0.6286474538039069,0.5611294678761741
O'Brien,2009,7.263305293169806,9,6.705685283889204,97.6999835258283,148426.35681921983,53.4,704.125,190254.0,59.7,79.6,789.3399999999999,15.015076362129081,37600.275,-1.038524208121639,0.5611294678761741
O'Brien,2010,39.350342097390346,12,9.292869050952302,406.1280756956817,148426.35681921983,38.6,1074.075,190254.0,53.4,59.7,704.125,7.263305293169806,41459.295000000006,0.7409031844717447,0.5611294678761741
O'Brien,2011,27.649895787787525,12,7.974526750836877,284.02873839552467,148426.35681921983,57.4,632.7,190254.0,38.6,53.4,1074.075,39.350342097390346,36316.98,-1.3820722592528252,0.5611294678761741
O'Brien,2012,5.260949562467938,12,3.9644178589082415,82.0999814460798,148426.35681921983,73.9,601.975,190254.0,57.4,38.6,632.7,27.649895787787525,44485.95250000001,-1.5298568426760764,0.5611294678761741
O'Brien,2013,9.777504520695228,12,4.733755758527183,109.53119289663714,148426.35681921983,55.1,761.35,190254.0,73.9,57.4,601.975,5.260949562467938,41950.385,-0.7632769245937125,0.5611294678761741
O'Brien,2014,6.827342525389827,12,4.790922544651945,127.42046175772077,148426.35681921983,52.3,785.8249999999999,190254.0,55.1,73.9,761.35,9.777504520695228,41098.64749999999,-0.6455542987423194,0.5611294678761741
O'Brien,2015,14.934354248967864,12,8.457112677617097,154.28970274681132,148426.35681921983,48.6,914.05,190254.0,52.3,55.1,785.8249999999999,6.827342525389827,44422.83,-0.028803177198092732,0.5611294678761741
O'Brien,2016,43.55645381287419,12,11.048464221004329,362.82910176011353,148426.35681921983,55.3,997.375,190254.0,48.6,52.3,914.05,14.934354248967864,55154.837499999994,0.3719828411499104,0.5611294678761741
O'Brien,2017,19.67336291585936,12,8.142144943956804,220.75304750464207,148426.35681921983,58.7,807.4,190254.0,55.3,48.6,997.375,43.55645381287419,47394.38,-0.5417804212042674,0.5611294678761741
O'Brien,2018,37.70325855383558,12,8.15325081998378,476.335705665673,148426.35681921983,52.0,1267.725,190254.0,58.7,55.3,807.4,19.67336291585936,65921.7,1.672342877878174,0.5611294678761741
O'Brien,2019,32.08174979640666,12,7.5196507171743905,442.3667869164324,148426.35681921983,42.1,1038.95,190254.0,52.0,58.7,1267.725,37.70325855383558,43739.795000000006,0.5719549829179061,0.5611294678761741
Osceola,2001,14.55019245716057,12,5.657148092636485,211.229420671967,103419.56315722973,24.9,777.65,124712.0,37.0,,641.35,1.2527940551571999,19363.484999999997,-0.6848753392463086,-0.2089509565971984
Osceola,2002,3.803572068310856,12,5.898853067868004,60.07119386963725,103419.56315722973,31.9,573.0,124712.0,24.9,37.0,777.65,14.55019245716057,18278.7,-1.6692240779792074,-0.2089509565971984
Osceola,2003,5.088078032049536,12,4.700681724807752,73.76259497428752,103419.56315722973,32.4,578.5,124712.0,31.9,24.9,573.0,3.803572068310856,18743.399999999998,-1.642769555315973,-0.2089509565971984
Osceola,2004,9.661520164106811,12,6.590331608625544,146.60682122749455,103419.56315722973,31.3,802.4,124712.0,32.4,31.9,578.5,5.088078032049536,25115.12,-0.5658299872617534,-0.2089509565971984
Osceola,2005,13.168942212758598,12,8.268596513824958,146.6136814166238,103419.56315722973,51.2,875.8,124712.0,31.3,32.4,802.4,9.661520164106811,44840.96,-0.21278235753786007,-0.2089509565971984
Osceola,2006,16.16311102834752,12,7.7059776751287705,169.97945889526846,103419.56315722973,50.2,713.3,124712.0,51.2,31.3,875.8,13.168942212758598,35807.659999999996,-0.9943932544061526,-0.2089509565971984
Osceola,2007,15.629603851259839,12,6.90830385457468,227.54645874335273,103419.56315722973,81.3,782.05,124712.0,50.2,51.2,713.3,16.16311102834752,63580.66499999999,-0.6637117211157212,-0.2089509565971984
Osceola,2008,14.2964557627404,8,7.919874661547685,165.48439427173446,103419.56315722973,69.3,778.25,124712.0,81.3,50.2,782.05,15.629603851259839,53932.725,-0.6819893913194103,-0.2089509565971984
Osceola,2009,6.211938496871218,9,6.3121534835575,88.1778729555743,103419.56315722973,64.1,673.15,124712.0,69.3,81.3,778.25,14.2964557627404,43148.91499999999,-1.1875112698477646,-0.2089509565971984
Osceola,2010,32.119468934154504,12,8.730112989730229,362.00816757765267,103419.56315722973,45.8,966.35,124712.0,64.1,69.3,673.15,6.211938496871218,44258.83,0.22275528376321035,-0.2089509565971984
Osceola,2011,26.436769009435185,12,7.430379568341255,294.3605799671854,103419.56315722973,62.2,723.1,124712.0,45.8,64.1,966.35,32.119468934154504,44976.82000000001,-0.9472561049334799,-0.2089509565971984
Osceola,2012,5.339917185920294,12,3.7652127073384345,90.62521376596179,103419.56315722973,66.4,658.3000000000001,124712.0,62.2,45.8,723.1,26.436769009435185,43711.12000000001,-1.2589384810384971,-0.2089509565971984
Osceola,2013,8.253998788638373,12,4.683216064131114,99.03326674427133,103419.56315722973,54.2,690.05,124712.0,66.4,62.2,658.3000000000001,5.339917185920294,37400.71,-1.1062237365734622,-0.2089509565971984
Osceola,2014,8.858905893052345,12,5.1189942710420056,145.35672010029987,103419.56315722973,51.0,715.0,124712.0,54.2,66.4,690.05,8.253998788638373,36465.0,-0.9862164019466072,-0.2089509565971984
Osceola,2015,12.799809946565352,12,7.66296506059019,146.085976612894,103419.56315722973,54.7,812.3,124712.0,51.0,54.2,715.0,8.858905893052345,44432.81,-0.5182118464679313,-0.2089509565971984
Osceola,2016,40.5432399676985,12,11.132533205606428,334.9240614734056,103419.56315722973,63.7,1021.4,124712.0,54.7,51.0,812.3,12.799809946565352,65063.18,0.48754100605613016,-0.2089509565971984
Osceola,2017,19.943807703951563,12,8.245929675319404,225.97326991712848,103419.56315722973,67.0,772.9,124712.0,63.7,54.7,1021.4,40.5432399676985,51784.299999999996,-0.7077224270009203,-0.2089509565971984
Osceola,2018,39.01379157141818,12,8.32481241214355,478.17445402704885,103419.56315722973,77.9,1365.9,124712.0,67.0,63.7,772.9,19.943807703951563,106403.61000000002,2.144556107416911,-0.2089509565971984
Osceola,2019,35.224985054368815,12,7.566263646262562,482.16912463849144,103419.56315722973,77.8,1138.3,124712.0,77.9,67.0,1365.9,39.01379157141818,88559.73999999999,1.049819860480151,-0.2089509565971984
Page,2001,5.456285390122105,12,3.804694864976096,111.12478353033863,138689.68442973896,0.0,907.6666666666666,147224.0,1.5,,774.4666666666666,0.7348545199614526,0.0,-0.05950645653148306,0.05555196543363009
Page,2002,0.8639474256770593,12,2.0224894906183346,36.28014702739794,138689.68442973896,0.7,688.1333333333333,147224.0,0.0,1.5,907.6666666666666,5.456285390122105,481.69333333333327,-1.1154427368954982,0.05555196543363009
Page,2003,2.304546310274666,12,2.883832278322114,51.260330717209726,138689.68442973896,-8.6,768.6666666666666,147224.0,0.7,0.0,688.1333333333333,0.8639474256770593,-6610.533333333333,-0.7280843929295918,0.05555196543363009
Page,2004,6.972062383578046,12,5.1806257317283775,94.82376009743899,138689.68442973896,-12.3,898.8,147224.0,-8.6,0.7,768.6666666666666,2.304546310274666,-11055.24,-0.1021543536734248,0.05555196543363009
Page,2005,3.504179589394766,12,3.4704033061277144,69.74775452966382,138689.68442973896,-2.4,859.1666666666667,147224.0,-12.3,-8.6,898.8,6.972062383578046,-2062.0,-0.292787247289096,0.05555196543363009
Page,2006,2.0392282674462106,12,3.9787005458367712,47.56464796404971,138689.68442973896,-2.7,901.1666666666666,147224.0,-2.4,-12.3,859.1666666666667,3.504179589394766,-2433.15,-0.09077089240621476,0.05555196543363009
Page,2007,15.34065981377129,12,5.981740383441629,233.23179881453484,138689.68442973896,8.6,1152.0333333333333,147224.0,-2.7,-2.4,901.1666666666666,2.0392282674462106,9907.486666666666,1.1158760019180458,0.05555196543363009
Page,2008,9.809659465127172,9,4.352316490025743,200.96776074792882,138689.68442973896,7.1,1103.9666666666665,147224.0,8.6,-2.7,1152.0333333333333,15.34065981377129,7838.163333333331,0.8846795068854135,0.05555196543363009
Page,2009,4.760952999461673,9,4.043569536258099,109.78295302235686,138689.68442973896,-10.0,864.4333333333333,147224.0,7.1,8.6,1103.9666666666665,9.809659465127172,-8644.333333333332,-0.2674550377085448,0.05555196543363009
Page,2010,12.874001410480975,12,4.07451391901781,289.484519109995,138689.68442973896,-15.2,1009.3666666666667,147224.0,-10.0,7.1,864.4333333333333,4.760952999461673,-15342.373333333333,0.4296617170777809,0.05555196543363009
Page,2011,6.541037514351477,12,3.7376087696464775,150.28036001138966,138689.68442973896,-0.4,908.2666666666667,147224.0,-15.2,-10.0,1009.3666666666667,12.874001410480975,-363.3066666666667,-0.05662050860458464,0.05555196543363009
Page,2012,3.1666331234021357,12,2.600866151271197,80.92753976301229,138689.68442973896,7.3,780.9666666666666,147224.0,-0.4,-15.2,908.2666666666667,6.541037514351477,5701.0566666666655,-0.6689224604281766,0.05555196543363009
Page,2013,8.749484081894193,12,4.513558548011882,101.20727024128479,138689.68442973896,-10.1,682.4666666666667,147224.0,7.3,-0.4,780.9666666666666,3.1666331234021357,-6892.913333333333,-1.1426989117606488,0.05555196543363009
Page,2014,10.673103931703032,12,3.996221208639137,216.56852497778905,138689.68442973896,-10.7,895.2,147224.0,-10.1,7.3,682.4666666666667,8.749484081894193,-9578.64,-0.11947004123481424,0.05555196543363009
Page,2015,13.329212856107903,12,4.878488016651347,251.8604502431246,138689.68442973896,-21.5,1181.7,147224.0,-10.7,-10.1,895.2,10.673103931703032,-25406.55,1.2585700938591293,0.05555196543363009
Page,2016,9.657977207830443,12,4.2714105976501635,210.47780121475097,138689.68442973896,-23.1,1087.5666666666666,147224.0,-21.5,-10.7,1181.7,13.329212856107903,-25122.79,0.8057969302168604,0.05555196543363009
Page,2017,6.116748556250079,12,3.555191066223643,154.98442228148292,138689.68442973896,-22.3,924.9666666666666,147224.0,-23.1,-21.5,1087.5666666666666,9.657977207830443,-20626.756666666664,0.02370504202741802,0.05555196543363009
Page,2018,7.261252795278032,12,3.8636058581056507,187.6870603461975,138689.68442973896,-32.0,953.75,147224.0,-22.3,-23.1,924.9666666666666,6.116748556250079,-30520.0,0.16215037729834572,0.05555196543363009
Page,2019,7.300755212139247,12,3.2108315152231506,256.0087650679865,138689.68442973896,-29.0,1083.1,147224.0,-32.0,-22.3,953.75,7.261252795278032,-31409.899999999998,0.7843126512055062,0.05555196543363009
Palo Alto,2001,18.005400811029954,12,3.8193598650542646,272.31051532152526,147485.21618342894,21.0,743.35,238326.0,30.0,,566.25,1.9171450463206041,15610.35,-0.8498553624006618,1.1259475412533058
Palo Alto,2002,4.546118918423542,12,5.372879946537672,67.41744903108953,147485.21618342894,26.9,596.1,238326.0,21.0,30.0,743.35,18.005400811029954,16035.09,-1.5581150827936223,1.1259475412533058
Palo Alto,2003,9.67224292372711,12,5.001244367202344,100.42219946395048,147485.21618342894,26.9,640.65,238326.0,26.9,21.0,596.1,4.546118918423542,17233.484999999997,-1.343833449221423,1.1259475412533058
Palo Alto,2004,9.260143505674653,12,5.036053399491373,160.14385179104718,147485.21618342894,27.6,868.65,238326.0,26.9,26.9,640.65,9.67224292372711,23974.74,-0.24717323700006483,1.1259475412533058
Palo Alto,2005,15.64453484564121,12,6.977754501176161,194.12133262711612,147485.21618342894,39.3,835.15,238326.0,27.6,26.9,868.65,9.260143505674653,32821.395,-0.40830532958522053,1.1259475412533058
Palo Alto,2006,17.366705672945926,12,5.85527643341361,208.79860764726146,147485.21618342894,41.2,603.6,238326.0,39.3,27.6,835.15,15.64453484564121,24868.320000000003,-1.5220407337073936,1.1259475412533058
Palo Alto,2007,17.886663443718742,12,5.9925230052180956,282.860917979667,147485.21618342894,57.5,926.5500000000001,238326.0,41.2,39.3,603.6,17.366705672945926,53276.62500000001,0.03132073794562262,1.1259475412533058
Palo Alto,2008,15.455073121369926,12,6.696208543727265,206.84147798756297,147485.21618342894,51.7,730.0500000000001,238326.0,57.5,41.2,926.5500000000001,17.886663443718742,37743.58500000001,-0.9138272081135742,1.1259475412533058
Palo Alto,2009,8.17139064302286,12,6.20208782431969,127.62338155735054,147485.21618342894,35.8,682.4,238326.0,51.7,57.5,730.0500000000001,15.455073121369926,24429.92,-1.1430195726414154,1.1259475412533058
Palo Alto,2010,23.81490759050492,12,5.4640224227306975,449.6376706458757,147485.21618342894,41.6,1083.15,238326.0,35.8,51.7,682.4,8.17139064302286,45059.04000000001,0.7845531468660819,1.1259475412533058
Palo Alto,2011,20.235698028129267,12,3.9981726020786166,343.27254034514425,147485.21618342894,57.1,719.45,238326.0,41.6,35.8,1083.15,23.81490759050492,41080.595,-0.9648122881554445,1.1259475412533058
Palo Alto,2012,4.7461247442619,12,2.586328922925283,79.58501597070769,147485.21618342894,53.5,609.55,238326.0,57.1,41.6,719.45,20.235698028129267,32610.925,-1.4934217500989855,1.1259475412533058
Palo Alto,2013,12.204108594025648,12,4.285542122872063,111.90946663940113,147485.21618342894,47.5,696.6,238326.0,53.5,57.1,609.55,4.7461247442619,33088.5,-1.0747188050381553,1.1259475412533058
Palo Alto,2014,10.893736233646502,12,5.893467716008754,143.60835409838265,147485.21618342894,47.3,998.35,238326.0,47.5,53.5,696.6,12.204108594025648,47221.955,0.3766725065311203,1.1259475412533058
Palo Alto,2015,16.854188417788045,12,8.283647438595583,173.6337572695486,147485.21618342894,42.8,885.3000000000001,238326.0,47.3,47.5,998.35,10.893736233646502,37890.840000000004,-0.16708818202863626,1.1259475412533058
Palo Alto,2016,32.658268853914876,12,8.359539775252145,333.7080780187246,147485.21618342894,51.2,917.4499999999999,238326.0,42.8,47.3,885.3000000000001,16.854188417788045,46973.44,-0.012449472279002415,1.1259475412533058
Palo Alto,2017,17.87006953749249,12,5.905622641183302,265.9590547137647,147485.21618342894,58.2,680.95,238326.0,51.2,42.8,917.4499999999999,32.658268853914876,39631.29000000001,-1.1499939467980862,1.1259475412533058
Palo Alto,2018,26.984253332859804,12,4.992175789171943,567.8878304337071,147485.21618342894,67.4,1198.9,238326.0,58.2,51.2,680.95,17.87006953749249,80805.86000000002,1.341300601096881,1.1259475412533058
Palo Alto,2019,22.12635496577133,12,4.267421016295824,543.8418994241686,147485.21618342894,60.3,991.5,238326.0,67.4,58.2,1198.9,26.984253332859804,59787.45,0.34372460103236446,1.1259475412533058
Plymouth,2001,15.738229116774718,12,8.537429511857644,148.19485843521684,223794.48074284504,32.2,827.22,86383.0,43.6,,800.14,1.6502315424957963,26636.484000000004,-0.44644794135239296,-0.6592944400069188
Plymouth,2002,4.2397164072774585,12,7.857483634498947,49.200956559167494,223794.48074284504,33.6,694.54,86383.0,32.2,43.6,827.22,15.738229116774718,23336.543999999998,-1.0846272262538397,-0.6592944400069188
Plymouth,2003,4.922336068545768,12,6.485172726674379,54.83544863535836,223794.48074284504,38.2,697.16,86383.0,33.6,32.2,694.54,4.2397164072774585,26631.512000000002,-1.072025253639717,-0.6592944400069188
Plymouth,2004,12.300500667934418,12,10.377815139433496,111.6319471392416,223794.48074284504,38.6,946.1,86383.0,38.2,33.6,697.16,4.922336068545768,36519.46,0.12535454123039236,-0.6592944400069188
Plymouth,2005,10.691011356338139,12,9.836508065530191,96.69292234553994,223794.48074284504,52.7,880.64,86383.0,38.6,38.2,946.1,12.300500667934418,46409.728,-0.18950237759421354,-0.6592944400069188
Plymouth,2006,12.06440291184727,12,9.69794400568066,103.69808406431594,223794.48074284504,64.5,770.63,86383.0,52.7,38.6,880.64,10.691011356338139,49705.635,-0.7186409299910188,-0.6592944400069188
Plymouth,2007,16.750054405997837,12,10.6956795727121,155.44146830805923,223794.48074284504,82.4,942.825,86383.0,64.5,52.7,770.63,12.06440291184727,77688.78000000001,0.1096020754627392,-0.6592944400069188
Plymouth,2008,13.101288068228094,8,11.417746677437195,117.21762706510134,223794.48074284504,63.3,881.3,86383.0,82.4,64.5,942.825,16.750054405997837,55786.28999999999,-0.18632783487462554,-0.6592944400069188
Plymouth,2009,6.919145329806995,9,9.540557938237566,69.63009085556112,223794.48074284504,50.1,809.275,86383.0,63.3,82.4,881.3,13.101288068228094,40544.6775,-0.5327618339327101,-0.6592944400069188
Plymouth,2010,40.55721663094634,12,11.968269725092958,334.1057231858758,223794.48074284504,45.9,928.3642857142856,86383.0,50.1,63.3,809.275,6.919145329806995,42611.92071428571,0.040047294772195416,-0.6592944400069188
Plymouth,2011,21.700643162498285,12,8.848291590228564,220.12775290929616,223794.48074284504,63.1,708.6714285714286,86383.0,45.9,50.1,928.3642857142856,40.55721663094634,44717.16714285714,-1.0166562812707964,-0.6592944400069188
Plymouth,2012,4.002268331102387,12,5.009998675009827,63.19090936472757,223794.48074284504,79.3,535.5166666666667,86383.0,63.1,45.9,708.6714285714286,21.700643162498285,42466.471666666665,-1.8495156581901604,-0.6592944400069188
Plymouth,2013,7.668935529437544,12,5.518855526820516,88.98071004530415,223794.48074284504,48.7,754.26,86383.0,79.3,63.1,535.5166666666667,4.002268331102387,36732.462,-0.7973792092632277,-0.6592944400069188
Plymouth,2014,6.045307864351973,12,6.425872876285836,103.21749192761254,223794.48074284504,44.4,772.26,86383.0,48.7,79.3,754.26,7.668935529437544,34288.344,-0.7108007714562784,-0.6592944400069188
Plymouth,2015,10.787541104407284,12,10.600994011095906,93.65246177846579,223794.48074284504,43.2,938.3199999999999,86383.0,44.4,48.7,772.26,6.045307864351973,40535.424,0.08793341644494386,-0.6592944400069188
Plymouth,2016,37.41414561867082,12,15.038705221787788,234.7588247521928,223794.48074284504,54.1,897.6999999999999,86383.0,43.2,44.4,938.3199999999999,10.787541104407284,48565.57,-0.10744525820607181,-0.6592944400069188
Plymouth,2017,20.858705113340246,12,12.546468518065566,159.16563097712202,223794.48074284504,61.2,756.96,86383.0,54.1,43.2,897.6999999999999,37.41414561867082,46325.952000000005,-0.7843924435921851,-0.6592944400069188
Plymouth,2018,45.64347917809929,12,12.773551676871364,365.8256993178704,223794.48074284504,53.6,1028.575,86383.0,61.2,54.1,756.96,20.858705113340246,55131.62,0.5220521333486228,-0.6592944400069188
Plymouth,2019,46.34083228667064,12,11.952861237306386,404.36822077169137,223794.48074284504,51.6,1015.15,86383.0,53.6,61.2,1028.575,45.64347917809929,52381.74,0.4574790484842728,-0.6592944400069188
Pocahontas,2001,22.85329337741695,12,7.097697518174114,244.69495747579026,149886.12672599196,9.6,705.8,257159.0,11.9,,776.4999999999999,3.0799595739671863,6775.679999999999,-1.0304676034923814,1.347224350537536
Pocahontas,2002,9.672355490655374,12,9.044302382129642,93.74943379185208,149886.12672599196,0.8,856.5,257159.0,9.6,11.9,705.8,22.85329337741695,685.2,-0.3056136825197555,1.347224350537536
Pocahontas,2003,17.15395485038755,12,7.85382161021754,146.24896014345637,149886.12672599196,3.5,705.0,257159.0,0.8,9.6,856.5,9.672355490655374,2467.5,-1.034315534061579,1.347224350537536
Pocahontas,2004,18.464630927139208,12,8.42267127271329,189.52247071700955,149886.12672599196,0.4,781.8000000000001,257159.0,3.5,0.8,705.0,17.15395485038755,312.72,-0.6649141994185949,1.347224350537536
Pocahontas,2005,17.951679208931115,12,8.169810289212732,181.8356546799827,149886.12672599196,14.4,839.0,257159.0,0.4,3.5,781.8000000000001,18.464630927139208,12081.6,-0.38978716372095623,1.347224350537536
Pocahontas,2006,18.99496335879156,12,9.077323068191204,168.9070796368034,149886.12672599196,19.5,658.6,257159.0,14.4,0.4,839.0,17.951679208931115,12842.7,-1.2574955070750482,1.347224350537536
Pocahontas,2007,31.83850342500925,12,8.828402439904425,351.08775927649737,149886.12672599196,35.8,992.9,257159.0,19.5,14.4,658.6,18.99496335879156,35545.82,0.35045847952846043,1.347224350537536
Pocahontas,2008,28.088086216315528,12,8.036977373007032,328.07824999671703,149886.12672599196,28.8,930.6999999999999,257159.0,35.8,19.5,992.9,31.83850342500925,26804.16,0.05128187777333529,1.347224350537536
Pocahontas,2009,16.503072974543098,12,7.605167998475895,204.43033533673844,149886.12672599196,16.4,741.2,257159.0,28.8,35.8,930.6999999999999,28.088086216315528,12155.68,-0.8601966758053807,1.347224350537536
Pocahontas,2010,36.34250660510557,12,6.9784045963750785,530.1924938457407,149886.12672599196,15.8,1025.8,257159.0,16.4,28.8,741.2,16.503072974543098,16207.64,0.5087046241867177,1.347224350537536
Pocahontas,2011,22.49401183349399,12,6.039001413140876,272.0651257937901,149886.12672599196,33.0,674.1,257159.0,15.8,16.4,1025.8,36.34250660510557,22245.3,-1.182941852296842,1.347224350537536
Pocahontas,2012,4.962237473104506,12,5.531046028807077,63.98970451945284,149886.12672599196,37.2,684.7,257159.0,33.0,15.8,674.1,22.49401183349399,25470.840000000004,-1.1319567722549717,1.347224350537536
Pocahontas,2013,31.24491929510904,12,9.370948221902996,164.01527359781682,149886.12672599196,30.3,704.8,257159.0,37.2,33.0,684.7,4.962237473104506,21355.44,-1.0352775167038786,1.347224350537536
Pocahontas,2014,24.879037296295632,12,10.666366367115087,197.64171756575828,149886.12672599196,23.3,901.4,257159.0,30.3,37.2,704.8,31.24491929510904,21002.62,-0.08964857932353201,1.347224350537536
Pocahontas,2015,48.787969678938765,12,13.829815351022816,334.1477482511318,149886.12672599196,21.7,1109.6,257159.0,23.3,30.3,901.4,24.879037296295632,24078.319999999996,0.9117753513101816,1.347224350537536
Pocahontas,2016,39.79548471932886,12,10.234553912037887,359.52378131902026,149886.12672599196,31.9,944.0,257159.0,21.7,23.3,1109.6,48.787969678938765,30113.6,0.11525372348624817,1.347224350537536
Pocahontas,2017,23.157146895493447,12,7.645981002095958,247.7609458026647,149886.12672599196,43.5,806.0,257159.0,31.9,21.7,944.0,39.79548471932886,35061.0,-0.5485142997003634,1.347224350537536
Pocahontas,2018,44.3281914276664,12,7.9751900601239605,515.3302374407635,149886.12672599196,34.8,1329.0,257159.0,43.5,31.9,806.0,23.157146895493447,46249.2,1.9670703099126643,1.347224350537536
Pocahontas,2019,32.302296338607,12,6.730158786491061,479.11446736868584,149886.12672599196,34.5,927.1,257159.0,34.8,43.5,1329.0,44.3281914276664,31984.95,0.03396619021194586,1.347224350537536
Polk,2001,18.957355654068234,12,6.530458784027687,223.65101190818785,153316.47273135732,-29.1,751.5333333333334,99075.0,-30.5,,610.1111111111111,2.5567735607657296,-21869.620000000003,-0.8104942392865763,-0.5101708132116418
Polk,2002,7.603082679287873,12,6.988180495789131,92.52670874311661,153316.47273135732,-43.6,661.5444444444444,99075.0,-29.1,-30.5,751.5333333333334,18.957355654068234,-28843.337777777775,-1.243332984841196,-0.5101708132116418
Polk,2003,14.393994348239614,12,6.2813794197199835,146.37307399848714,153316.47273135732,-42.7,834.7333333333333,99075.0,-43.6,-29.1,661.5444444444444,7.603082679287873,-35643.113333333335,-0.41030946009001085,-0.5101708132116418
Polk,2004,18.05420454218844,12,6.449216427554319,223.75783702708523,153316.47273135732,-40.6,877.6777777777778,99075.0,-42.7,-43.6,834.7333333333333,14.393994348239614,-35633.71777777778,-0.20375040939627054,-0.5101708132116418
Polk,2005,14.848361117196083,12,6.554599961150739,180.80660932978293,153316.47273135732,-36.1,744.7545454545455,99075.0,-40.6,-42.7,877.6777777777778,18.05420454218844,-26885.63909090909,-0.8430996206626955,-0.5101708132116418
Polk,2006,11.583936682176759,12,7.374676277563662,141.190212010884,153316.47273135732,-35.5,790.209090909091,99075.0,-36.1,-40.6,744.7545454545455,14.848361117196083,-28052.42272727273,-0.6244672019582778,-0.5101708132116418
Polk,2007,29.488564195477576,12,7.313925373627355,389.20963543752555,153316.47273135732,-37.9,1069.8018181818181,99075.0,-35.5,-36.1,790.209090909091,11.583936682176759,-40545.488909090906,0.720349550789342,-0.5101708132116418
Polk,2008,32.56186421217176,12,6.807909971399117,490.8421810985698,153316.47273135732,-26.8,1245.4,99075.0,-37.9,-35.5,1069.8018181818181,29.488564195477576,-33376.72,1.5649615654315001,-0.5101708132116418
Polk,2009,21.907297735910138,12,6.617575522561467,315.2853824655436,153316.47273135732,-42.3,1021.4200000000001,99075.0,-26.8,-37.9,1245.4,32.56186421217176,-43206.066,0.48763720432036056,-0.5101708132116418
Polk,2010,30.54091431096972,12,4.942729700564674,624.3697615793036,153316.47273135732,-33.8,1321.4699999999998,99075.0,-42.3,-26.8,1021.4200000000001,21.907297735910138,-44665.68599999999,1.9308516634300896,-0.5101708132116418
Polk,2011,16.776465051454036,12,4.504790568073283,268.06078629046993,153316.47273135732,-30.0,811.21,99075.0,-33.8,-42.3,1321.4699999999998,30.54091431096972,-24336.300000000003,-0.5234546518684629,-0.5101708132116418
Polk,2012,3.551874219624,12,4.582244910154436,69.47113609430431,153316.47273135732,-28.9,612.1733333333334,99075.0,-30.0,-33.8,811.21,16.776465051454036,-17691.809333333335,-1.480803744440824,-0.5101708132116418
Polk,2013,23.160890084936202,12,6.483420498176165,199.82356975196723,153316.47273135732,-30.2,815.0222222222222,99075.0,-28.9,-30.0,612.1733333333334,3.551874219624,-24613.67111111111,-0.5051181938366331,-0.5101708132116418
Polk,2014,21.27003915353669,12,6.803113014047362,277.58106520697356,153316.47273135732,-46.3,1049.6777777777777,99075.0,-30.2,-28.9,815.0222222222222,23.160890084936202,-48600.0811111111,0.6235546629812447,-0.5101708132116418
Polk,2015,34.29955059534978,12,8.020422633306833,406.2477103750482,153316.47273135732,-48.8,1096.4444444444446,99075.0,-46.3,-30.2,1049.6777777777777,21.27003915353669,-53506.48888888889,0.8484982708389307,-0.5101708132116418
Polk,2016,20.370378393793338,12,6.043554365290558,317.73327704350703,153316.47273135732,-52.3,900.0888888888888,99075.0,-48.8,-46.3,1096.4444444444446,34.29955059534978,-47074.648888888885,-0.0959549099786062,-0.5101708132116418
Polk,2017,14.179069458182049,12,5.1101246432267216,221.8045064870418,153316.47273135732,-44.8,753.9666666666667,99075.0,-52.3,-48.8,900.0888888888888,20.370378393793338,-33777.706666666665,-0.7987901171386,-0.5101708132116418
Polk,2018,25.773067884939223,12,5.101533480976197,461.3069809256032,153316.47273135732,-47.5,1073.48,99075.0,-44.8,-52.3,753.9666666666667,14.179069458182049,-50990.3,0.7380412861109038,-0.5101708132116418
Polk,2019,19.675767828812056,12,4.462503468916835,435.85571492790984,153316.47273135732,-54.6,1106.4,99075.0,-47.5,-44.8,1073.48,25.773067884939223,-60409.44000000001,0.8963836290333914,-0.5101708132116418
Pottawattamie,2001,6.0906789315121,12,4.822503153475146,102.92455434044439,248378.20935498286,-7.2,916.175,70528.0,-1.4,,644.0,1.6547456813895243,-6596.46,-0.018582111623661215,-0.8455814793103474
Pottawattamie,2002,2.181024114355582,12,4.074826740679513,50.6252721936452,248378.20935498286,-6.0,709.3249999999999,70528.0,-7.2,-1.4,916.175,6.0906789315121,-4255.95,-1.013512659421854,-0.8455814793103474
Pottawattamie,2003,4.046791716693295,12,4.966291565342783,67.3106039271552,248378.20935498286,-0.5,673.0,70528.0,-6.0,-7.2,709.3249999999999,2.181024114355582,-336.5,-1.188232756829489,-0.8455814793103474
Pottawattamie,2004,8.979796342685177,12,6.100856051213806,117.3052209392186,248378.20935498286,-14.4,853.7,70528.0,-0.5,-6.0,673.0,4.046791716693295,-12293.28,-0.3190814395119474,-0.8455814793103474
Pottawattamie,2005,6.061866224365201,12,5.661760642207123,86.45580180197511,248378.20935498286,2.7,699.875,70528.0,-14.4,-0.5,853.7,8.979796342685177,1889.6625000000001,-1.058966339270502,-0.8455814793103474
Pottawattamie,2006,3.1443562430005025,12,4.9828674658695595,58.94728437352453,248378.20935498286,-3.1,784.12,70528.0,2.7,-14.4,699.875,6.061866224365201,-2430.772,-0.6537552007679217,-0.8455814793103474
Pottawattamie,2007,21.628414240340753,12,8.316606921893454,230.4672352332132,248378.20935498286,18.5,1148.2,70528.0,-3.1,2.7,784.12,3.1443562430005025,21241.7,1.0974380012739735,-0.8455814793103474
Pottawattamie,2008,14.642127058330216,9,6.582951593604559,189.39344109669273,248378.20935498286,3.3,1024.035,70528.0,18.5,-3.1,1148.2,21.628414240340753,3379.3155,0.5002151273684258,-0.8455814793103474
Pottawattamie,2009,7.202386425644103,9,6.370412590120432,109.59174721417881,248378.20935498286,-4.2,864.975,70528.0,3.3,18.5,1024.035,14.642127058330216,-3632.8950000000004,-0.26484966805231674,-0.8455814793103474
Pottawattamie,2010,21.495500592207733,12,7.129662372652084,295.4053792555463,248378.20935498286,-5.8,1090.0,70528.0,-4.2,3.3,864.975,7.202386425644103,-6322.0,0.8175010523648372,-0.8455814793103474
Pottawattamie,2011,12.198116521306506,12,6.334487346510198,177.72985236533768,248378.20935498286,9.0,760.4250000000001,70528.0,-5.8,-4.2,1090.0,21.495500592207733,6843.825000000001,-0.7677260943143472,-0.8455814793103474
Pottawattamie,2012,3.9921442138818377,12,4.044071777352816,80.88901382814713,248378.20935498286,14.2,661.325,70528.0,9.0,-5.8,760.4250000000001,12.198116521306506,9390.815,-1.2443884935737184,-0.8455814793103474
Pottawattamie,2013,11.970926014023032,12,6.379660690558288,115.37934879864645,248378.20935498286,-7.5,774.925,70528.0,14.2,9.0,661.325,3.9921442138818377,-5811.9375,-0.6979823527476385,-0.8455814793103474
Pottawattamie,2014,17.583198548508502,12,6.86130653615773,228.1582718563519,248378.20935498286,-12.2,1043.675,70528.0,-7.5,14.2,774.925,11.970926014023032,-12732.835,0.5946818228422298,-0.8455814793103474
Pottawattamie,2015,23.181811234544227,12,8.726957560217306,261.3539209983558,248378.20935498286,-19.5,1033.025,70528.0,-12.2,-7.5,1043.675,17.583198548508502,-20143.987500000003,0.5434562471397855,-0.8455814793103474
Pottawattamie,2016,23.198100850501373,12,7.874986763643993,283.15298139024645,248378.20935498286,-19.9,963.075,70528.0,-19.5,-12.2,1033.025,23.181811234544227,-19165.1925,0.2070028179955572,-0.8455814793103474
Pottawattamie,2017,12.351752633769317,12,6.5965146632677945,179.92275206479314,248378.20935498286,-9.4,839.55,70528.0,-19.9,-19.5,963.075,23.198100850501373,-7891.7699999999995,-0.387141711454633,-0.8455814793103474
Pottawattamie,2018,14.41713951059103,12,6.641296869789943,216.36099177831528,248378.20935498286,-20.1,1085.0333333333333,70528.0,-9.4,-19.9,839.55,12.351752633769317,-21809.170000000002,0.7936118167477343,-0.8455814793103474
Pottawattamie,2019,16.511842910053108,12,6.416404276848632,275.835756395305,248378.20935498286,-21.9,987.1666666666667,70528.0,-20.1,-9.4,1085.0333333333333,14.41713951059103,-21618.95,0.3228816437825437,-0.8455814793103474
Poweshiek,2001,25.103224253066976,12,6.430237690649352,304.6895951930806,151868.8311931475,-6.3,854.425,188233.0,-0.1,,698.3,6.074283979949401,-5382.8775,-0.3155942524336124,0.5373838919422587
Poweshiek,2002,10.487687490735093,12,6.802146128973685,129.18110397893122,151868.8311931475,-19.5,839.225,188233.0,-6.3,-0.1,854.425,25.103224253066976,-16364.8875,-0.38870493324836924,0.5373838919422587
Poweshiek,2003,10.038267012419073,12,5.165360765150639,136.76521562690522,151868.8311931475,-22.2,756.9,188233.0,-19.5,-6.3,839.225,10.487687490735093,-16803.18,-0.7846810383848752,0.5373838919422587
Poweshiek,2004,18.869207656924722,12,6.8613834075664295,232.3956520847281,151868.8311931475,-12.5,801.85,188233.0,-22.2,-19.5,756.9,10.038267012419073,-10023.125,-0.5684754395280766,0.5373838919422587
Poweshiek,2005,13.832405399486527,12,6.39804407160494,162.82397385713273,151868.8311931475,-3.7,677.175,188233.0,-12.5,-22.2,801.85,18.869207656924722,-2505.5475,-1.1681513691714884,0.5373838919422587
Poweshiek,2006,11.757787114541895,12,7.732187092978982,124.1923393439309,151868.8311931475,-7.3,832.475,188233.0,-3.7,-12.5,677.175,13.832405399486527,-6077.0675,-0.42117184742597524,0.5373838919422587
Poweshiek,2007,37.448798181529995,12,8.626595421581088,423.9009102151658,151868.8311931475,-4.6,1112.025,188233.0,-7.3,-3.7,832.475,11.757787114541895,-5115.315,0.9234393908480631,0.5373838919422587
Poweshiek,2008,49.24863218500766,12,8.015070990893973,648.541038099114,151868.8311931475,2.4,1268.475,188233.0,-4.6,-7.3,1112.025,37.448798181529995,3044.3399999999997,1.6759503127867967,0.5373838919422587
Poweshiek,2009,35.90826668428927,12,7.200830316573398,524.842652124919,151868.8311931475,-11.5,1172.675,188233.0,2.4,-4.6,1268.475,49.24863218500766,-13485.762499999999,1.2151606271253668,0.5373838919422587
Poweshiek,2010,37.96497060444156,12,5.992569334147923,611.0654045682654,151868.8311931475,-5.5,1321.575,188233.0,-11.5,2.4,1172.675,35.90826668428927,-7268.6625,1.931356704317298,0.5373838919422587
Poweshiek,2011,18.314783653476276,12,5.00752487486313,267.70803936368293,151868.8311931475,2.4,867.775,188233.0,-5.5,-11.5,1321.575,37.96497060444156,2082.66,-0.25138191106012486,0.5373838919422587
Poweshiek,2012,4.233677669074464,12,3.251181003523564,81.10849669173372,151868.8311931475,12.7,651.0,188233.0,2.4,-5.5,867.775,18.314783653476276,8267.699999999999,-1.294050847482427,0.5373838919422587
Poweshiek,2013,26.690558201460313,12,4.115518739005016,373.2599884254589,151868.8311931475,-1.4,994.85,188233.0,12.7,2.4,651.0,4.233677669074464,-1392.79,0.35983781029088013,0.5373838919422587
Poweshiek,2014,21.929757912497607,12,5.949622849378227,335.48206710961506,151868.8311931475,-20.3,1070.6,188233.0,-1.4,12.7,994.85,26.690558201460313,-21733.18,0.7241887360617913,0.5373838919422587
Poweshiek,2015,37.662239277703414,12,8.365487890466342,405.8010914939983,151868.8311931475,-17.6,1150.875,188233.0,-20.3,-1.4,1070.6,21.929757912497607,-20255.4,1.1103045191147283,0.5373838919422587
Poweshiek,2016,26.009103207261848,12,7.86812505359363,325.591306234696,151868.8311931475,-19.3,878.725,188233.0,-17.6,-20.3,1150.875,37.662239277703414,-16959.3925,-0.19871336139423046,0.5373838919422587
Poweshiek,2017,17.938568623141794,12,5.874265485537351,222.381965359438,151868.8311931475,-19.7,708.775,188233.0,-19.3,-17.6,878.725,26.009103207261848,-13962.867499999998,-1.0161581116881773,0.5373838919422587
Poweshiek,2018,22.308184406912027,12,5.29038648430595,430.3315882540703,151868.8311931475,-26.2,1306.7333333333333,188233.0,-19.7,-19.3,708.775,17.938568623141794,-34236.41333333333,1.8599695757366606,0.5373838919422587
Poweshiek,2019,26.013814506894885,12,4.934807182877451,490.8087538353263,151868.8311931475,-23.6,1164.1333333333334,188233.0,-26.2,-19.7,1306.7333333333333,22.308184406912027,-27473.546666666673,1.1740759517771624,0.5373838919422587
Ringgold,2001,4.695365750760524,8,1.7,214.29076019194565,139513.39103862122,19.4,999.8,42384.0,5.6,,714.65,0.18583712653489168,19396.12,0.38364688068779085,-1.17625712952515
Ringgold,2002,0.22557488275332252,6,0.7666666666666666,23.533601178885654,139513.39103862122,7.1,570.9,42384.0,19.4,5.6,999.8,4.695365750760524,4053.3899999999994,-1.6793248957233515,-1.17625712952515
Ringgold,2003,0.9170070827556033,7,1.7284630167279273,36.77318195448856,139513.39103862122,5.0,692.4,42384.0,7.1,19.4,570.9,0.22557488275332252,3462.0,-1.0949204405264437,-1.17625712952515
Ringgold,2004,3.2647794491538633,9,2.3079167503098352,152.36425668444454,139513.39103862122,3.1,892.1,42384.0,5.0,7.1,692.4,0.9170070827556033,2765.51,-0.1343807721904556,-1.17625712952515
Ringgold,2005,1.985949597406135,6,1.955,80.069241266619,139513.39103862122,4.7,799.6999999999999,42384.0,3.1,5.0,892.1,3.2647794491538633,3758.5899999999997,-0.5788167529327959,-1.17625712952515
Ringgold,2006,0.45982122090941574,4,1.749688817379906,21.555191374656378,139513.39103862122,2.4,919.9499999999999,42384.0,4.7,3.1,799.6999999999999,1.985949597406135,2207.8799999999997,-0.0004246892502594519,-1.17625712952515
Ringgold,2007,7.899549886597854,11,2.7436363636363637,260.79153888405745,139513.39103862122,-5.6,1153.8,42384.0,2.4,4.7,919.9499999999999,0.45982122090941574,-6461.28,1.1243735152583574,-1.17625712952515
Ringgold,2008,6.679023872240151,9,1.278888888888889,499.2511199176912,139513.39103862122,4.5,1408.0,42384.0,-5.6,2.4,1153.8,7.899549886597854,6336.0,2.347053453620942,-1.17625712952515
Ringgold,2009,4.465709100492916,8,1.45875,258.45211515472624,139513.39103862122,2.3,1125.8,42384.0,4.5,-5.6,1408.0,6.679023872240151,2589.3399999999997,0.9896959453364361,-1.17625712952515
Ringgold,2010,16.56673938992561,12,3.008343362046599,504.94542221526376,139513.39103862122,2.9,1408.85,42384.0,2.3,4.5,1125.8,4.465709100492916,4085.6649999999995,2.351141879850714,-1.17625712952515
Ringgold,2011,7.266592185679328,11,3.131735744008658,332.7480967262083,139513.39103862122,102.0,954.75,42384.0,2.9,2.3,1408.85,16.56673938992561,97384.5,0.1669602905098429,-1.17625712952515
Ringgold,2012,2.736756005401779,8,3.1216456043956042,98.32878206806305,139513.39103862122,139.9,744.45,42384.0,102.0,2.9,954.75,7.266592185679328,104148.55500000001,-0.8445644578680148,-1.17625712952515
Ringgold,2013,2.5582520606962755,7,1.4392857142857143,180.72836778800774,139513.39103862122,129.1,817.45,42384.0,139.9,102.0,744.45,2.736756005401779,105532.795,-0.4934407934287204,-1.17625712952515
Ringgold,2014,9.423244166974051,11,2.3176239227695157,345.63497409468977,139513.39103862122,128.7,1167.1,42384.0,129.1,139.9,817.45,2.5582520606962755,150205.77,1.1883453609712697,-1.17625712952515
Ringgold,2015,7.515416769132264,12,1.4733333333333334,417.70873637008367,139513.39103862122,26.4,1296.3999999999999,42384.0,128.7,129.1,1167.1,9.423244166974051,34224.95999999999,1.8102671392178555,-1.17625712952515
Ringgold,2016,3.6707528472194366,12,1.4608333333333334,226.99397106340268,139513.39103862122,22.4,918.1,42384.0,26.4,128.7,1296.3999999999999,7.515416769132264,20565.44,-0.009323028691528807,-1.17625712952515
Ringgold,2017,2.658621506990765,8,1.60125,140.51620473052145,139513.39103862122,30.4,783.8,42384.0,22.4,26.4,918.1,3.6707528472194366,23827.519999999997,-0.6552943729956011,-1.17625712952515
Ringgold,2018,4.367179614540605,9,1.9172222222222222,236.83611609879165,139513.39103862122,40.6,1137.6,42384.0,30.4,22.4,783.8,2.658621506990765,46186.56,1.0464529212321028,-1.17625712952515
Ringgold,2019,4.734941279024917,10,1.441,364.28112996682484,139513.39103862122,47.4,1153.25,42384.0,40.6,30.4,1137.6,4.367179614540605,54664.049999999996,1.121728062992034,-1.17625712952515
Sac,2001,14.378956331585458,12,8.232384339618006,171.04451419256466,149788.06437675745,23.7,809.6,209990.0,35.0,,554.9,2.4918600007078737,19187.52,-0.5311986121389733,0.7930160025776858
Sac,2002,10.01735233719028,12,9.765648105594304,101.44505589546412,149788.06437675745,27.5,799.7,209990.0,23.7,35.0,809.6,14.378956331585458,21991.75,-0.5788167529327954,0.7930160025776858
Sac,2003,17.059545510983735,12,9.286879159374495,158.9973469978347,149788.06437675745,34.4,688.9,209990.0,27.5,23.7,799.7,10.01735233719028,23698.16,-1.1117551367666838,0.7930160025776858
Sac,2004,19.863950244409384,12,10.420737645258319,172.87099669956788,149788.06437675745,28.3,928.6,209990.0,34.4,27.5,688.9,17.059545510983735,26279.38,0.041181060029191634,0.7930160025776858
Sac,2005,13.40077610022896,12,8.898181839683929,131.99600167418401,149788.06437675745,43.1,860.6999999999999,209990.0,28.3,34.4,928.6,19.863950244409384,37096.17,-0.28541204703146766,0.7930160025776858
Sac,2006,9.904489841816948,12,9.361225761317646,93.36985899493777,149788.06437675745,57.4,665.3,209990.0,43.1,28.3,860.6999999999999,13.40077610022896,38188.219999999994,-1.2252690885580175,0.7930160025776858
Sac,2007,36.25763516652011,12,10.427444575439855,339.9376175338102,149788.06437675745,64.9,1111.1000000000001,209990.0,57.4,43.1,665.3,9.904489841816948,72110.39000000001,0.9189902211274285,0.7930160025776858
Sac,2008,33.59120340458407,12,9.157669278954515,379.6813086143923,149788.06437675745,57.8,935.4,209990.0,64.9,57.4,1111.1000000000001,36.25763516652011,54066.119999999995,0.07388846986737227,0.7930160025776858
Sac,2009,19.236456099137754,12,8.263764450277082,231.0969013889341,149788.06437675745,41.2,777.3,209990.0,57.8,64.9,935.4,33.59120340458407,32024.760000000002,-0.6865588088703328,0.7930160025776858
Sac,2010,39.229025405802446,12,8.242431339082756,498.42418379508825,149788.06437675745,35.6,1027.4,209990.0,41.2,57.8,777.3,19.236456099137754,36575.44,0.5164004853251138,0.7930160025776858
Sac,2011,19.499495489019605,12,8.204108518317865,222.04645268256564,149788.06437675745,50.8,578.6,209990.0,35.6,41.2,1027.4,39.229025405802446,29392.88,-1.642288563994823,0.7930160025776858
Sac,2012,4.397613909095251,12,7.5663097242612265,57.0378039610587,149788.06437675745,69.6,611.3,209990.0,50.8,35.6,578.6,19.499495489019605,42546.479999999996,-1.4850044019788655,0.7930160025776858
Sac,2013,29.683563262039204,12,11.84622933296489,151.22659735398858,149788.06437675745,56.8,643.9,209990.0,69.6,50.8,611.3,4.397613909095251,36573.52,-1.3282012312840572,0.7930160025776858
Sac,2014,32.48936056944216,12,12.954383224171552,232.83068909982688,149788.06437675745,33.7,971.1,209990.0,56.8,69.6,643.9,29.683563262039204,32726.070000000003,0.245602371517822,0.7930160025776858
Sac,2015,71.92534633835805,12,15.580723011197762,449.4335740324622,149788.06437675745,28.7,1178.8,209990.0,33.7,56.8,971.1,32.48936056944216,33831.56,1.244621345545787,0.7930160025776858
Sac,2016,49.947708277760405,12,11.931468987736691,396.67728510455953,149788.06437675745,32.0,823.3,209990.0,28.7,33.7,1178.8,71.92534633835805,26345.6,-0.4653028011414623,0.7930160025776858
Sac,2017,27.082803717990974,12,9.300999956269267,260.6343975333865,149788.06437675745,42.3,797.5,209990.0,32.0,28.7,823.3,49.947708277760405,33734.25,-0.5893985619980894,0.7930160025776858
Sac,2018,37.48429795825451,12,9.766340821173516,382.39992742212536,149788.06437675745,29.2,1036.5,209990.0,42.3,32.0,797.5,27.082803717990974,30265.8,0.5601706955497378,0.7930160025776858
Sac,2019,31.913415115589494,12,8.184961936042654,421.2919359145583,149788.06437675745,21.5,922.6,209990.0,29.2,42.3,1036.5,37.48429795825451,19835.9,0.012321580760208525,0.7930160025776858
Scott,2001,27.25828004213065,12,6.8653866511237,338.7951344130019,121320.9143031604,-14.0,1383.3,122206.0,-0.6,,984.3,16.607187327713945,-19366.2,2.2282485972969615,-0.23839500077849088
Scott,2002,16.27046020549892,12,5.46905065172717,246.4179561412854,121320.9143031604,-28.1,1054.2,122206.0,-14.0,-0.6,1383.3,27.25828004213065,-29623.020000000004,0.6453061593932382,-0.23839500077849088
Scott,2003,7.224804471136513,12,4.043487034004492,145.0481140271414,121320.9143031604,-25.4,972.2,122206.0,-28.1,-14.0,1054.2,16.27046020549892,-24693.88,0.250893276050469,-0.23839500077849088
Scott,2004,19.62992424193622,12,5.643698051104643,296.634195441479,121320.9143031604,-24.9,1183.8,122206.0,-25.4,-28.1,972.2,7.224804471136513,-29476.62,1.2686709116032728,-0.23839500077849088
Scott,2005,8.74271434312861,12,5.198197450679763,149.47692490584404,121320.9143031604,-1.5,746.8,122206.0,-24.9,-25.4,1183.8,19.62992424193622,-1120.1999999999998,-0.833261161820997,-0.23839500077849088
Scott,2006,14.125214350127937,12,6.482406173171044,172.17057022562574,121320.9143031604,-8.2,1334.9,122206.0,-1.5,-24.9,746.8,8.74271434312861,-10946.18,1.9954487978604982,-0.23839500077849088
Scott,2007,28.509193001862332,12,7.98173976247898,392.6186742479898,121320.9143031604,-14.6,1519.0,122206.0,-8.2,-1.5,1334.9,14.125214350127937,-22177.399999999998,2.8809538200971296,-0.23839500077849088
Scott,2008,30.282656630787926,9,5.627269075941807,491.8726922627804,121320.9143031604,-5.8,1444.2,122206.0,-14.6,-8.2,1519.0,28.509193001862332,-8376.36,2.52117231187714,-0.23839500077849088
Scott,2009,18.766163294712005,9,5.210217717849524,349.78481011089093,121320.9143031604,-16.1,1728.9,122206.0,-5.8,-14.6,1444.2,30.282656630787926,-27835.290000000005,3.890554603190389,-0.23839500077849088
Scott,2010,28.37678988673702,12,5.620498310860238,470.5460546905514,121320.9143031604,11.0,1200.6,122206.0,-16.1,-5.8,1728.9,18.766163294712005,13206.599999999999,1.3494774535564253,-0.23839500077849088
Scott,2011,21.471737890789875,12,5.711312648401871,308.56534827574444,121320.9143031604,20.3,872.85,122206.0,11.0,-16.1,1200.6,28.37678988673702,17718.855,-0.22697160151177642,-0.23839500077849088
Scott,2012,8.619141997009848,12,4.055236709057988,145.63963007458676,121320.9143031604,27.7,757.75,122206.0,20.3,11.0,872.85,21.471737890789875,20989.675,-0.7805926121551026,-0.23839500077849088
Scott,2013,26.25297781312557,12,4.276522260691908,397.88161755360323,121320.9143031604,11.5,985.35,122206.0,27.7,20.3,757.75,8.619141997009848,11331.525,0.31414363478165686,-0.23839500077849088
Scott,2014,17.588594512402455,12,4.2283918255074715,323.16093346411526,121320.9143031604,-5.9,967.45,122206.0,11.5,27.7,985.35,26.25297781312557,-5707.955000000001,0.22804618829585738,-0.23839500077849088
Scott,2015,27.314458931103363,12,6.081210867286818,331.2069992170856,121320.9143031604,0.3,1219.25,122206.0,-5.9,11.5,967.45,17.588594512402455,365.775,1.4391823349508484,-0.23839500077849088
Scott,2016,30.619015627483506,12,7.448717547199791,443.74087815408967,121320.9143031604,0.7,1070.6499999999999,122206.0,0.3,-5.9,1219.25,27.314458931103363,749.4549999999998,0.724429231722366,-0.23839500077849088
Scott,2017,25.569623452212944,12,6.0176383641653395,358.8619816187984,121320.9143031604,0.8,977.75,122206.0,0.7,0.3,1070.6499999999999,30.619015627483506,782.2,0.2775882943742782,-0.23839500077849088
Scott,2018,26.83680448031635,12,5.122837121801305,530.5441771226274,121320.9143031604,-4.2,1154.05,122206.0,0.8,0.7,977.75,25.569623452212944,-4847.01,1.1255759935612317,-0.23839500077849088
Scott,2019,25.917873412630843,12,4.730561778283298,508.4818088378123,121320.9143031604,9.9,1207.45,122206.0,-4.2,0.8,1154.05,26.83680448031635,11953.755000000001,1.3824253590551818,-0.23839500077849088
Shelby,2001,7.6064172701090484,12,4.804712500755925,128.04838759259744,153133.07473277402,6.7,915.0333333333333,73091.0,19.7,,632.4,1.7531421174459558,6130.723333333333,-0.024073429206787095,-0.8154677182422498
Shelby,2002,2.461849117191107,12,4.016396070272857,58.06911947382827,153133.07473277402,12.0,729.0,73091.0,6.7,19.7,915.0333333333333,7.6064172701090484,8748.0,-0.9188776169856466,-0.8154677182422498
Shelby,2003,5.131910610990811,12,5.026770819585626,81.76633673209928,153133.07473277402,16.4,693.8,73091.0,12.0,6.7,729.0,2.461849117191107,11378.319999999998,-1.0881865620303477,-0.8154677182422498
Shelby,2004,11.587053132988533,12,6.151446053097668,148.00911675805435,153133.07473277402,9.6,891.5500000000001,73091.0,16.4,12.0,693.8,5.131910610990811,8558.880000000001,-0.13702622445677884,-0.8154677182422498
Shelby,2005,7.5384688491437455,12,5.6241045404659245,107.72692218178885,153133.07473277402,20.0,673.95,73091.0,9.6,16.4,891.5500000000001,11.587053132988533,13479.0,-1.1836633392785665,-0.8154677182422498
Shelby,2006,3.844072709852449,12,4.993641674454749,71.54624244666556,153133.07473277402,10.5,849.85,73091.0,20.0,9.6,673.95,7.5384688491437455,8923.425000000001,-0.3375996053762117,-0.8154677182422498
Shelby,2007,28.361751434086184,12,8.212012408355939,305.59767041789587,153133.07473277402,36.4,1141.0,73091.0,10.5,20.0,849.85,3.844072709852449,41532.4,1.0628066261511937,-0.8154677182422498
Shelby,2008,18.92971275399382,9,6.449977086559638,252.02497647721975,153133.07473277402,16.0,945.85,73091.0,36.4,10.5,1141.0,28.361751434086184,15133.6,0.12415206292751807,-0.8154677182422498
Shelby,2009,9.187312864994773,9,6.218346290352627,143.0099818903651,153133.07473277402,3.5,911.9,73091.0,16.0,36.4,945.85,18.92971275399382,3191.65,-0.03914449060281157,-0.8154677182422498
Shelby,2010,26.979911374647532,12,6.936471906330788,381.99566519118923,153133.07473277402,7.2,1130.3,73091.0,3.5,16.0,911.9,9.187312864994773,8138.16,1.0113405547881735,-0.8154677182422498
Shelby,2011,13.931939395525117,12,6.227920179990266,206.5051095887054,153133.07473277402,22.9,836.9,73091.0,7.2,3.5,1130.3,26.979911374647532,19165.01,-0.39988798146510046,-0.8154677182422498
Shelby,2012,4.624142687910426,12,3.968183345167102,93.30898059219305,153133.07473277402,40.5,676.3000000000001,73091.0,22.9,7.2,836.9,13.931939395525117,27390.15,-1.172360043231548,-0.8154677182422498
Shelby,2013,14.905641646358408,12,6.346627754227029,140.87931811232562,153133.07473277402,13.0,809.1999999999999,73091.0,40.5,22.9,676.3000000000001,4.624142687910426,10519.599999999999,-0.5331225774235727,-0.8154677182422498
Shelby,2014,21.37066876713134,12,6.846267111275815,280.4870430834985,153133.07473277402,3.3,1183.0,73091.0,13.0,40.5,809.1999999999999,14.905641646358408,3903.8999999999996,1.2648229810340754,-0.8154677182422498
Shelby,2015,29.478097907365296,12,8.602253603228542,336.75081114054996,153133.07473277402,-0.3,1166.8,73091.0,3.3,13.0,1183.0,21.37066876713134,-350.03999999999996,1.1869023870078208,-0.8154677182422498
Shelby,2016,29.14641447219578,12,7.788738982042948,358.87732454875,153133.07473277402,-1.7,1006.6,73091.0,-0.3,3.3,1166.8,29.478097907365296,-1711.22,0.41635429052597206,-0.8154677182422498
Shelby,2017,15.473599826906634,12,6.4574776474221,229.13201844787315,153133.07473277402,7.6,864.0,73091.0,-1.7,-0.3,1006.6,29.14641447219578,6566.4,-0.2695393334335266,-0.8154677182422498
Shelby,2018,18.064951960916215,12,6.582662480405129,273.4859782875217,153133.07473277402,6.1,1188.2,73091.0,7.6,-1.7,864.0,15.473599826906634,7248.0199999999995,1.289834529733861,-0.8154677182422498
Shelby,2019,19.763590526779627,12,6.2746890357054,338.52487677800315,153133.07473277402,-2.2,1095.8,73091.0,6.1,7.6,1188.2,18.064951960916215,-2410.76,0.8453985489915207,-0.8154677182422498
Sioux,2001,18.349653787551475,12,8.658253573315244,173.04780889894727,199134.63991419013,66.3,790.2,172834.0,79.9,,617.725,1.4990287364053199,52390.26,-0.6245109284420186,0.3564545877332711
Sioux,2002,4.548493798395142,12,8.03816202092595,50.70769457154229,199134.63991419013,90.3,562.275,172834.0,66.3,79.9,790.2,18.349653787551475,50773.432499999995,-1.7208103971725148,0.3564545877332711
Sioux,2003,4.534764012567917,12,6.233377721071598,53.55732491687942,199134.63991419013,90.5,720.2,172834.0,90.3,66.3,562.275,4.548493798395142,65178.100000000006,-0.9612048532468216,0.3564545877332711
Sioux,2004,12.650133797760278,12,10.101108672030163,118.71390694448621,199134.63991419013,92.3,831.375,172834.0,90.5,90.3,720.2,4.534764012567917,76735.91249999999,-0.42646275195862227,0.3564545877332711
Sioux,2005,12.778815254721614,12,10.354906578597996,113.02677774812524,199134.63991419013,105.0,757.8,172834.0,92.3,90.5,831.375,12.650133797760278,79569.0,-0.7803521164945278,0.3564545877332711
Sioux,2006,16.50287430493049,12,10.633607474378326,130.17962097656581,199134.63991419013,116.3,746.825,172834.0,105.0,92.3,757.8,12.778815254721614,86855.7475,-0.833140913990709,0.3564545877332711
Sioux,2007,17.610441542972172,12,10.515699463972831,167.92018867222484,199134.63991419013,154.8,798.875,172834.0,116.3,105.0,746.825,16.50287430493049,123665.85,-0.5827849313322808,0.3564545877332711
Sioux,2008,14.59869184632944,8,11.48016636445261,126.9989568867222,199134.63991419013,133.7,748.225,172834.0,154.8,116.3,798.875,17.610441542972172,100037.6825,-0.8264070354946131,0.3564545877332711
Sioux,2009,6.70379955428591,9,9.209829449711643,68.6926458904314,199134.63991419013,121.3,730.95,172834.0,133.7,154.8,748.225,14.59869184632944,88664.235,-0.9094982862232268,0.3564545877332711
Sioux,2010,41.210653181138234,12,11.85957785501954,345.55754937913287,199134.63991419013,136.4,1070.45,172834.0,121.3,133.7,730.95,6.70379955428591,146009.38,0.7234672490800674,0.3564545877332711
Sioux,2011,24.457386339039594,12,8.90366811023748,242.39811288205715,199134.63991419013,163.2,599.6,172834.0,136.4,121.3,1070.45,41.210653181138234,97854.72,-1.5412803865533822,0.3564545877332711
Sioux,2012,4.540845381166302,12,4.884839683422542,71.65125136273889,199134.63991419013,186.7,558.48,172834.0,163.2,136.4,599.6,24.457386339039594,104268.216,-1.7390640178101464,0.3564545877332711
Sioux,2013,7.771142860063237,12,5.422648248587066,90.61355364233114,199134.63991419013,152.2,748.3199999999999,172834.0,186.7,163.2,558.48,4.540845381166302,113894.30399999997,-0.8259500937395213,0.3564545877332711
Sioux,2014,7.1735730550885926,12,6.2615959134579,114.20544281704576,199134.63991419013,148.8,669.6,172834.0,152.2,186.7,748.3199999999999,7.771142860063237,99636.48000000001,-1.2045864617485793,0.3564545877332711
Sioux,2015,10.105615945891483,12,9.830095151172968,92.49942712951227,199134.63991419013,151.4,763.34,172834.0,148.8,152.2,669.6,7.1735730550885926,115569.676,-0.7537051973028331,0.3564545877332711
Sioux,2016,40.37551633472576,12,15.317058206479116,247.4940217947577,199134.63991419013,156.7,851.28,172834.0,151.4,148.8,763.34,10.105615945891483,133395.57599999997,-0.3307214294837709,0.3564545877332711
Sioux,2017,23.425754671803865,12,12.699035775628282,176.7225612373658,199134.63991419013,158.6,754.56,172834.0,156.7,151.4,851.28,40.37551633472576,119673.21599999999,-0.7959362352997787,0.3564545877332711
Sioux,2018,53.827808669815425,12,13.188403301993892,410.449897688529,199134.63991419013,158.1,1197.4,172834.0,158.6,156.7,754.56,23.425754671803865,189308.94,1.3340857312796353,0.3564545877332711
Sioux,2019,52.46355393896299,12,11.99060008985866,453.9883650553488,199134.63991419013,165.5,1054.9,172834.0,158.1,158.6,1197.4,53.827808669815425,174585.95,0.6486730986412864,0.3564545877332711
Story,2001,24.088167984816266,12,8.9926969511627,207.05270107995784,148580.2044222062,10.6,863.9285714285713,209445.0,20.8,,624.8714285714285,3.100380633730541,9157.642857142855,-0.26988289866291976,0.7866125691863033
Story,2002,15.257563028439192,12,10.06062926063303,118.17261697415596,148580.2044222062,-19.8,682.3,209445.0,10.6,20.8,863.9285714285713,24.088167984816266,-13509.539999999999,-1.1435005639625653,0.7866125691863033
Story,2003,19.806524905096396,12,7.96401006551173,155.76265461069352,148580.2044222062,-17.5,795.9285714285714,209445.0,-19.8,10.6,682.3,15.257563028439192,-13928.75,-0.5969569970447278,0.7866125691863033
Story,2004,30.88373097476785,12,9.517667699282008,248.22593498430672,148580.2044222062,-17.6,907.0857142857143,209445.0,-17.5,-19.8,795.9285714285714,19.806524905096396,-15964.708571428573,-0.06230078706387646,0.7866125691863033
Story,2005,21.258653172739006,12,8.756537500443258,177.70582720974863,148580.2044222062,-7.4,830.6428571428571,209445.0,-17.6,-17.5,907.0857142857143,30.88373097476785,-6146.757142857143,-0.42998429555989715,0.7866125691863033
Story,2006,23.23320780930809,12,10.964650474176773,195.0971212854453,148580.2044222062,-10.9,846.8857142857142,209445.0,-7.4,-17.6,830.6428571428571,21.258653172739006,-9231.054285714286,-0.35185756239600724,0.7866125691863033
Story,2007,46.98540969854255,12,9.74849206497363,444.9137722219958,148580.2044222062,-2.3,1075.3857142857144,209445.0,-10.9,-7.4,846.8857142857142,23.23320780930809,-2473.387142857143,0.7472076064311001,0.7866125691863033
Story,2008,47.43349676694788,12,8.794637147817268,537.415675138432,148580.2044222062,7.7,1210.9142857142856,209445.0,-2.3,-10.9,1075.3857142857144,46.98540969854255,9324.039999999999,1.3990882726807248,0.7866125691863033
Story,2009,37.750052389985825,12,8.414456107381442,403.2583564949873,148580.2044222062,-5.2,984.2857142857142,209445.0,7.7,-2.3,1210.9142857142856,47.43349676694788,-5118.285714285714,0.30902451286370586,0.7866125691863033
Story,2010,34.9635994971664,12,5.795320021172247,680.6216842702579,148580.2044222062,-5.7,1253.85,209445.0,-5.2,7.7,984.2857142857142,37.750052389985825,-7146.945,1.6056053320686505,0.7866125691863033
Story,2011,15.565375513322802,12,5.721073683228737,213.39415287900354,148580.2044222062,21.0,786.9,209445.0,-5.7,-5.2,1253.85,34.9635994971664,16524.899999999998,-0.6403836420399597,0.7866125691863033
Story,2012,3.568634662168701,12,7.03254727037456,48.797348970149876,148580.2044222062,17.9,635.5857142857143,209445.0,21.0,-5.7,786.9,15.565375513322802,11376.984285714285,-1.368192223985362,0.7866125691863033
Story,2013,29.306100315183016,12,7.604569885269927,242.8416072833275,148580.2044222062,20.1,889.6285714285714,209445.0,17.9,21.0,635.5857142857143,3.568634662168701,17881.534285714286,-0.1462681291274419,0.7866125691863033
Story,2014,31.766328947068374,12,8.477351466509601,305.783683457681,148580.2044222062,-6.3,1113.6857142857143,209445.0,20.1,17.9,889.6285714285714,29.306100315183016,-7016.22,0.931427282431442,0.7866125691863033
Story,2015,44.63553623988821,12,9.408926854654752,461.9082723988211,148580.2044222062,-8.4,1198.2,209445.0,-6.3,20.1,1113.6857142857143,31.766328947068374,-10064.880000000001,1.337933661848833,0.7866125691863033
Story,2016,27.0526592240588,12,7.612879649745195,342.3046836752494,148580.2044222062,-14.7,974.0142857142857,209445.0,-8.4,-6.3,1198.2,44.63553623988821,-14318.01,0.2596198328770423,0.7866125691863033
Story,2017,19.49516039470438,12,6.113905268071921,237.99528853118179,148580.2044222062,-4.8,815.1571428571428,209445.0,-14.7,-8.4,974.0142857142857,27.0526592240588,-3912.7542857142853,-0.5044692372922249,0.7866125691863033
Story,2018,34.03674346664747,12,5.902738155515718,540.6887283466496,148580.2044222062,-9.3,1285.5857142857144,209445.0,-4.8,-14.7,815.1571428571428,19.49516039470438,-11955.947142857145,1.7582513634878085,0.7866125691863033
Story,2019,23.417897577704295,12,5.097933310847445,432.0792027012634,148580.2044222062,-11.3,992.4428571428572,209445.0,-9.3,-4.8,1285.5857142857144,34.03674346664747,-11214.604285714287,0.3482596620603477,0.7866125691863033
Tama,2001,30.3119834946493,12,7.871610072621183,295.0527494024259,186984.2855498854,-14.2,833.7833333333333,217825.0,-1.2,,784.0333333333333,8.769504006227493,-11839.723333333332,-0.4148788776409334,0.8850727009657251
Tama,2002,11.694129836272136,12,8.419414485439047,120.6428130820877,186984.2855498854,-25.3,803.9166666666666,217825.0,-14.2,-1.2,833.7833333333333,30.3119834946493,-20339.091666666667,-0.558534952224316,0.8850727009657251
Tama,2003,15.729243772808484,12,6.535978631271603,162.22008394795543,186984.2855498854,-14.4,853.3333333333334,217825.0,-25.3,-14.2,803.9166666666666,11.694129836272136,-12288.0,-0.32084507435616305,0.8850727009657251
Tama,2004,22.94658302913967,12,7.422284905063151,255.8357936709092,186984.2855498854,-15.6,835.95,217825.0,-14.4,-25.3,853.3333333333334,15.729243772808484,-13040.82,-0.40445739901602246,0.8850727009657251
Tama,2005,18.014276377203853,12,7.26226574758909,191.08964121568374,186984.2855498854,-5.2,760.0666666666666,217825.0,-15.6,-14.4,835.95,22.94658302913967,-3952.3466666666664,-0.7694496465484677,0.8850727009657251
Tama,2006,17.584046370861458,12,9.645949371461283,157.72186678489254,186984.2855498854,-4.1,853.2166666666667,217825.0,-5.2,-15.6,760.0666666666666,18.014276377203853,-3498.188333333333,-0.3214062308975045,0.8850727009657251
Tama,2007,43.91996159319137,12,9.533221575290238,450.20945510861134,186984.2855498854,4.0,1124.5666666666666,217825.0,-4.1,-5.2,853.2166666666667,17.584046370861458,4498.266666666666,0.9837637190422562,0.8850727009657251
Tama,2008,59.105004430864966,12,7.826283293148855,644.7247172938215,186984.2855498854,4.8,1321.1499999999999,217825.0,4.0,-4.1,1124.5666666666666,43.91996159319137,6341.5199999999995,1.9293124912024109,0.8850727009657251
Tama,2009,32.60847446477288,12,6.896520915752923,466.191473070021,186984.2855498854,-2.2,1136.25,217825.0,4.8,4.0,1321.1499999999999,59.105004430864966,-2499.75,1.039959538396582,0.8850727009657251
Tama,2010,40.68225712146455,12,7.295133228792433,535.6114212401233,186984.2855498854,-12.4,1051.0666666666666,217825.0,-2.2,4.8,1136.25,32.60847446477288,-13033.226666666666,0.6302350979972131,0.8850727009657251
Tama,2011,19.314602468641926,12,5.7448721594618055,252.03045836512842,186984.2855498854,13.0,750.5,217825.0,-12.4,-2.2,1051.0666666666666,40.68225712146455,9756.5,-0.8154644829384571,0.8850727009657251
Tama,2012,4.53645988211362,12,3.9386532764759186,73.27070770879443,186984.2855498854,1.2,597.3166666666667,217825.0,13.0,-12.4,750.5,19.314602468641926,716.7800000000001,-1.552263021719634,0.8850727009657251
Tama,2013,35.06327860649704,12,4.957775055649528,382.14167519395437,186984.2855498854,-0.8,954.3499999999999,217825.0,1.2,13.0,597.3166666666667,4.53645988211362,-763.48,0.1650363252252436,0.8850727009657251
Tama,2014,26.616776961690395,12,7.26609396646795,319.720096091907,186984.2855498854,-14.7,943.8833333333333,217825.0,-0.8,1.2,954.3499999999999,35.06327860649704,-13875.085,0.1146925669449068,0.8850727009657251
Tama,2015,43.43816432203333,12,10.08561841779528,389.54040842116245,186984.2855498854,-10.3,1000.4333333333333,217825.0,-14.7,-0.8,943.8833333333333,26.616776961690395,-10304.463333333333,0.3866931590550724,0.8850727009657251
Tama,2016,40.02313643533992,12,10.13525225398194,398.4997781653906,186984.2855498854,-9.2,808.6,217825.0,-10.3,-14.7,1000.4333333333333,43.43816432203333,-7439.12,-0.5360085253504706,0.8850727009657251
Tama,2017,25.236352946210715,12,7.516071792384236,269.19173080951424,186984.2855498854,-14.1,706.9,217825.0,-9.2,-10.3,808.6,40.02313643533992,-9967.289999999999,-1.0251766989597344,0.8850727009657251
Tama,2018,34.469436729411875,12,7.146236969075858,494.01199289254976,186984.2855498854,-21.9,1248.55,217825.0,-14.1,-9.2,706.9,25.236352946210715,-27343.245,1.5801127920477156,0.8850727009657251
Tama,2019,29.943932729431513,12,5.945495419773073,476.9338070346191,186984.2855498854,-17.3,1072.55,217825.0,-21.9,-14.1,1248.55,34.469436729411875,-18555.115,0.733568066824211,0.8850727009657251
Taylor,2001,12.132010825845473,8,3.9875,265.51286932296983,138478.840432944,-3.4,1060.25,108557.0,-11.6,,794.15,0.3492051715708613,-3604.85,0.674406134322796,-0.3987628216206541
Taylor,2002,0.9150420321781862,8,2.275,29.110183249126504,138478.840432944,-16.0,595.55,108557.0,-3.4,-11.6,1060.25,12.132010825845473,-9528.8,-1.560760535059946,-0.3987628216206541
Taylor,2003,0.7369782328811088,6,3.782930329106378,18.48966847620771,138478.840432944,-11.9,748.65,108557.0,-16.0,-3.4,595.55,0.9150420321781862,-8908.935,-0.824362822379727,-0.3987628216206541
Taylor,2004,12.013065629966883,11,4.9415512074799555,205.28556002310208,138478.840432944,-8.3,952.75,108557.0,-11.9,-16.0,748.65,0.7369782328811088,-7907.825000000001,0.15734046408684854,-0.3987628216206541
Taylor,2005,6.459463938737826,8,4.295,139.7401398899653,138478.840432944,0.2,888.25,108557.0,-8.3,-11.9,952.75,12.013065629966883,177.65,-0.15289893805471988,-0.3987628216206541
Taylor,2006,4.528144327829839,5,6.965894672266325,64.3351044290325,138478.840432944,1.8,976.8499999999999,108557.0,0.2,-8.3,888.25,6.459463938737826,1758.33,0.2732593724839303,-0.3987628216206541
Taylor,2007,24.05054629611087,11,5.574545454545454,370.58236439870876,138478.840432944,4.6,1083.85,108557.0,1.8,0.2,976.8499999999999,4.528144327829839,4985.709999999999,0.787920086114129,-0.3987628216206541
Taylor,2008,18.50426482608101,8,3.975,488.81954569994497,138478.840432944,9.8,1264.6000000000001,108557.0,4.6,1.8,1083.85,24.05054629611087,12393.080000000002,1.6573118990922464,-0.3987628216206541
Taylor,2009,9.78909082238555,9,3.4555555555555553,232.5820395069025,138478.840432944,-1.9,1085.0,108557.0,9.8,4.6,1264.6000000000001,18.50426482608101,-2061.5,0.7934514863073513,-0.3987628216206541
Taylor,2010,21.887354857556957,12,3.3629419356609116,560.6592269212147,138478.840432944,-9.8,973.95,108557.0,-1.9,9.8,1085.0,9.78909082238555,-9544.710000000001,0.2593106241705891,-0.3987628216206541
Taylor,2011,11.118823345682964,11,4.245413332241668,283.20203928422575,138478.840432944,30.8,1060.1,108557.0,-9.8,-1.9,973.95,21.887354857556957,32651.079999999998,0.6736846473410709,-0.3987628216206541
Taylor,2012,6.69861659217102,7,3.457142857142857,144.52134043007752,138478.840432944,33.2,925.1,108557.0,30.8,-9.8,1060.1,11.118823345682964,30713.320000000003,0.024346363788951487,-0.3987628216206541
Taylor,2013,20.401456128855912,6,6.128333333333333,247.56951315370517,138478.840432944,23.8,879.75,108557.0,33.2,30.8,925.1,6.69861659217102,20938.05,-0.19378320035244595,-0.3987628216206541
Taylor,2014,8.771329765894725,10,2.9791357933282727,187.15117705608677,138478.840432944,22.1,1231.6499999999999,108557.0,23.8,33.2,879.75,20.401456128855912,27219.465,1.4988252587734128,-0.3987628216206541
Taylor,2015,28.555261905301133,12,3.9250000000000003,663.4401612294598,138478.840432944,-14.8,1698.85,108557.0,22.1,23.8,1231.6499999999999,8.771329765894725,-25142.98,3.7460167111848977,-0.3987628216206541
Taylor,2016,8.889340667876986,12,2.9416666666666664,337.7264188571505,138478.840432944,-7.2,1207.95,108557.0,-14.8,22.1,1698.85,28.555261905301133,-8697.24,1.3848303156609303,-0.3987628216206541
Taylor,2017,5.193663765657534,9,2.7,156.1990840002755,138478.840432944,-10.4,991.9,108557.0,-7.2,-14.8,1207.95,8.889340667876986,-10315.76,0.3456485663169632,-0.3987628216206541
Taylor,2018,10.49940752182798,11,2.7763636363636364,368.623648397221,138478.840432944,-10.4,792.0999999999999,108557.0,-10.4,-7.2,991.9,5.193663765657534,-8237.84,-0.6153720933401746,-0.3987628216206541
Union,2001,5.449649477009576,12,2.5111640420061976,219.2688718289643,110315.80122897353,28.4,926.1999999999999,86556.0,16.8,,769.35,0.3753296270069239,26304.079999999998,0.029637268321597954,-0.6572617905083699
Union,2002,0.6233496527963442,12,1.8720667425159399,34.79811512099477,110315.80122897353,25.1,690.8,86556.0,28.4,16.8,926.1999999999999,5.449649477009576,17339.079999999998,-1.1026163016648394,-0.6572617905083699
Union,2003,0.9857264743239378,12,2.1526722934802947,42.75921220609365,110315.80122897353,27.9,707.5,86556.0,25.1,28.4,690.8,0.6233496527963442,19739.25,-1.022290751032836,-0.6572617905083699
Union,2004,3.809227140599972,12,2.241378624617507,157.94210345909124,110315.80122897353,24.5,780.0,86556.0,27.9,25.1,707.5,0.9857264743239378,19110.0,-0.6735720431992902,-0.6572617905083699
Union,2005,2.9655464937825076,12,2.657426015161356,108.59430979146285,110315.80122897353,29.5,700.95,86556.0,24.5,27.9,780.0,3.809227140599972,20678.025,-1.0537956825681425,-0.6572617905083699
Union,2006,0.8951650679986909,12,2.737079872760713,33.977787456347215,110315.80122897353,28.5,846.05,86556.0,29.5,24.5,700.95,2.9655464937825076,24112.425,-0.3558772755799013,-0.6572617905083699
Union,2007,9.195778237299846,12,2.8413349847401244,303.9367435421004,110315.80122897353,22.1,1127.1,86556.0,28.5,29.5,846.05,0.8951650679986909,24908.91,0.9959488325113823,-0.6572617905083699
Union,2008,7.706699291151629,9,1.4641505952907885,499.9648302372518,110315.80122897353,30.9,1253.45,86556.0,22.1,28.5,1127.1,9.195778237299846,38731.605,1.6036813667840524,-0.6572617905083699
Union,2009,5.162019324489621,9,1.6185512099574977,272.50339835668433,110315.80122897353,25.7,1062.85,86556.0,30.9,22.1,1253.45,7.706699291151629,27315.244999999995,0.6869119086726881,-0.6572617905083699
Union,2010,15.889429546666431,12,2.6324562491581864,509.3399682143532,110315.80122897353,24.9,1332.75,86556.0,25.7,30.9,1062.85,5.162019324489621,33185.475,1.9851074844557788,-0.6572617905083699
Union,2011,12.85041017128038,12,2.8534154619817618,335.3584414578765,110315.80122897353,90.7,1181.6499999999999,86556.0,24.9,25.7,1332.75,15.889429546666431,107175.65499999998,1.2583295981985536,-0.6572617905083699
Union,2012,2.886059529017327,12,2.787049821618593,99.65443960316213,110315.80122897353,129.6,819.75,86556.0,90.7,24.9,1181.6499999999999,12.85041017128038,106239.59999999999,-0.4823779930422771,-0.6572617905083699
Union,2013,3.3064719216191736,12,1.7839759349924782,183.3303845669904,110315.80122897353,102.6,831.8,86556.0,129.6,90.7,819.75,2.886059529017327,85342.68,-0.4244185388437362,-0.6572617905083699
Union,2014,9.829771932061183,12,2.301828832821546,357.7646818113779,110315.80122897353,101.0,1091.55,86556.0,102.6,129.6,831.8,3.3064719216191736,110246.54999999999,0.8249564178426576,-0.6572617905083699
Union,2015,8.292744869308496,12,1.6482154688273232,417.4262938568718,110315.80122897353,28.5,1497.25,86556.0,101.0,102.6,1091.55,9.829771932061183,42671.625,2.7763382077470657,-0.6572617905083699
Union,2016,3.894694534061435,12,1.5690460891925302,227.98233631641415,110315.80122897353,36.1,1117.5,86556.0,28.5,101.0,1497.25,8.292744869308496,40341.75,0.9497736656810097,-0.6572617905083699
Union,2017,2.9557556781282486,11,1.4308141750239463,147.69581663914474,110315.80122897353,51.5,947.05,86556.0,36.1,28.5,1117.5,3.894694534061435,48773.075,0.12992395878131438,-0.6572617905083699
Union,2018,5.178790840134356,12,2.032448331471137,255.8999351472999,110315.80122897353,48.0,1376.0,86556.0,51.5,36.1,947.05,2.9557556781282486,66048.0,2.193136230853032,-0.6572617905083699
Union,2019,5.017792137857635,12,1.4585609998111295,375.8404726056063,110315.80122897353,53.9,1261.45,86556.0,48.0,51.5,1376.0,5.178790840134356,67992.155,1.6421606724760298,-0.6572617905083699
Van Buren,2001,11.90426557277835,12,3.7504285864410214,282.88869669790745,127135.80129594194,27.1,1164.7,16494.0,1.3,,810.7,1.8108841814612653,31563.370000000003,1.176801569263677,-1.480449589163483
Van Buren,2002,4.309304818243608,12,3.9015895267940395,122.38002271847347,127135.80129594194,8.9,760.4,16494.0,27.1,1.3,1164.7,11.90426557277835,6767.56,-0.7678463421446351,-1.480449589163483
Van Buren,2003,5.464381556726204,12,4.24454490295919,105.11802625135736,127135.80129594194,4.4,984.0,16494.0,8.9,27.1,760.4,4.309304818243608,4329.6,0.30765025194613554,-1.480449589163483
Van Buren,2004,9.555272688686806,12,4.1582633492638665,197.29489520154635,127135.80129594194,5.6,869.8000000000001,16494.0,4.4,8.9,984.0,5.464381556726204,4870.88,-0.24164183680684262,-1.480449589163483
Van Buren,2005,7.104730219607049,12,4.313340384093295,138.61217203958944,127135.80129594194,19.7,747.1,16494.0,5.6,4.4,869.8000000000001,9.555272688686806,14717.87,-0.8318181878575475,-1.480449589163483
Van Buren,2006,4.53790540642586,12,4.541403074885923,80.43178690511735,127135.80129594194,4.2,892.6999999999999,16494.0,19.7,5.6,747.1,7.104730219607049,3749.3399999999997,-0.13149482426355774,-1.480449589163483
Van Buren,2007,19.030842491709283,12,5.331907289734604,365.7369623246268,127135.80129594194,-7.2,1112.6,16494.0,4.2,19.7,892.6999999999999,4.53790540642586,-8010.719999999999,0.9262050909446731,-1.480449589163483
Van Buren,2008,19.880878312460514,9,3.7155046476200186,503.17628366398,127135.80129594194,10.7,1404.0,16494.0,-7.2,4.2,1112.6,19.030842491709283,15022.8,2.3278138007749534,-1.480449589163483
Van Buren,2009,10.542795879592404,9,3.377466866392176,301.40086612232,127135.80129594194,1.1,1337.7,16494.0,10.7,-7.2,1404.0,19.880878312460514,1471.4700000000003,2.00891655485269,-1.480449589163483
Van Buren,2010,21.2913370881726,12,3.4936257403539774,685.5085938642522,127135.80129594194,24.9,1547.7,16494.0,1.1,10.7,1337.7,10.542795879592404,38537.729999999996,3.0189983292670988,-1.480449589163483
Van Buren,2011,19.73348940405868,12,4.672945348856399,320.8786408316902,127135.80129594194,31.1,1133.8,16494.0,24.9,1.1,1547.7,21.2913370881726,35261.18,1.0281752510284137,-1.480449589163483
Van Buren,2012,1.6161021588298412,12,2.3721248338461445,62.79994741484182,127135.80129594194,30.5,823.3,16494.0,31.1,24.9,1133.8,19.73348940405868,25110.649999999998,-0.4653028011414623,-1.480449589163483
Van Buren,2013,9.721862051392867,12,3.729375926806492,243.6022968978406,127135.80129594194,14.3,961.0,16494.0,30.5,31.1,823.3,1.6161021588298412,13742.300000000001,0.19702224808170032,-1.480449589163483
Van Buren,2014,6.8591358280710315,12,2.877275078968887,252.4070480961015,127135.80129594194,9.4,974.6,16494.0,14.3,30.5,961.0,9.721862051392867,9161.24,0.26243706775806214,-1.480449589163483
Van Buren,2015,22.151751293613014,12,5.080895393647801,411.7884940502945,127135.80129594194,2.2,1068.1,16494.0,9.4,14.3,974.6,6.8591358280710315,2349.82,0.7121639530330484,-1.480449589163483
Van Buren,2016,13.547331187011629,12,5.373407068181987,254.34065897199812,127135.80129594194,-7.2,808.6,16494.0,2.2,9.4,1068.1,22.151751293613014,-5821.92,-0.5360085253504706,-1.480449589163483
Van Buren,2017,8.16416398631071,12,3.8570154672012342,176.306379738342,127135.80129594194,9.9,739.6999999999999,16494.0,-7.2,2.2,808.6,13.547331187011629,7323.03,-0.867411545622627,-1.480449589163483
Van Buren,2018,11.670035138481797,12,3.593684006965922,314.23655303700457,127135.80129594194,-6.8,1013.2,16494.0,9.9,-7.2,739.6999999999999,8.16416398631071,-6889.76,0.4480997177218536,-1.480449589163483
Van Buren,2019,11.92808043417785,12,2.6997744123342335,445.26584924541623,127135.80129594194,1.2,1248.4,16494.0,-6.8,9.9,1013.2,11.670035138481797,1498.0800000000002,1.5793913050659918,-1.480449589163483
Wapello,2001,13.914041448619802,12,4.001488129482868,294.33416934167775,112907.57952661137,-14.2,1022.675,62637.0,-18.0,,737.5666666666666,3.178620388804551,-14521.984999999999,0.493673645400789,-0.9382961451661251
Wapello,2002,5.396201464231464,12,3.9745612584486865,131.40477455054827,112907.57952661137,-21.9,734.55,62637.0,-14.2,-18.0,1022.675,13.914041448619802,-16086.644999999999,-0.8921825986618375,-0.9382961451661251
Wapello,2003,5.0857609777605495,12,3.9570083047266835,104.73698160795722,112907.57952661137,-19.8,744.425,62637.0,-21.9,-14.2,734.55,5.396201464231464,-14739.615,-0.8446847056983027,-0.9382961451661251
Wapello,2004,9.787271683686,12,4.584423005887768,195.16848546970985,112907.57952661137,-24.7,1007.65,62637.0,-19.8,-21.9,744.425,5.0857609777605495,-24888.954999999998,0.42140469939804387,-0.9382961451661251
Wapello,2005,6.74860443484535,12,4.116463519924754,135.69322544360628,112907.57952661137,-8.3,660.25,62637.0,-24.7,-19.8,1007.65,9.787271683686,-5480.075000000001,-1.2495591502760781,-0.9382961451661251
Wapello,2006,5.324828770008287,12,4.698454758939653,89.06383644341933,112907.57952661137,-21.7,825.475,62637.0,-8.3,-24.7,660.25,6.74860443484535,-17912.8075,-0.4548412399064556,-0.9382961451661251
Wapello,2007,19.95115081874998,12,5.669949318395176,361.14939645231186,112907.57952661137,-28.6,1154.325,62637.0,-21.7,-8.3,825.475,5.324828770008287,-33013.695,1.1268987196943938,-0.9382961451661251
Wapello,2008,19.833514592652346,9,3.9784389793637027,476.68270661635967,112907.57952661137,-8.3,1136.1,62637.0,-28.6,-21.7,1154.325,19.95115081874998,-9429.63,1.039238051414857,-0.9382961451661251
Wapello,2009,12.242944252793384,9,3.6045499948698776,318.5069812746637,112907.57952661137,-22.4,1146.875,62637.0,-8.3,-28.6,1136.1,19.833514592652346,-25690.0,1.0910648662687397,-0.9382961451661251
Wapello,2010,22.40143086658879,12,3.5364389055611363,710.9949401266236,112907.57952661137,-8.0,1439.25,62637.0,-22.4,-8.3,1146.875,12.242944252793384,-11514.0,2.497363241480229,-0.9382961451661251
Wapello,2011,18.43167617728055,12,4.5926161119410605,306.40044601579837,112907.57952661137,9.6,1007.125,62637.0,-8.0,-22.4,1439.25,22.40143086658879,9668.4,0.418879494962008,-0.9382961451661251
Wapello,2012,1.826716882936023,12,2.5062224908861146,66.0312838534582,112907.57952661137,20.4,703.575,62637.0,9.6,-8.0,1007.125,18.43167617728055,14352.93,-1.0411696603879623,-0.9382961451661251
Wapello,2013,11.805602381368095,12,3.8806385857483647,252.6234303893506,112907.57952661137,-6.7,926.15,62637.0,20.4,9.6,703.575,1.826716882936023,-6205.205,0.029396772661023314,-0.9382961451661251
Wapello,2014,7.218091667644878,12,2.873510128700613,266.1981931966393,112907.57952661137,-16.7,954.825,62637.0,-6.7,20.4,926.15,11.805602381368095,-15945.5775,0.16732103400070542,-0.9382961451661251
Wapello,2015,22.024866854246767,12,5.271438608444592,388.37524342938656,112907.57952661137,-26.6,995.55,62637.0,-16.7,-6.7,954.825,7.218091667644878,-26481.63,0.36320474953892784,-0.9382961451661251
Wapello,2016,14.118879336371478,12,5.146649164066891,265.6972553335102,112907.57952661137,-36.9,667.0,62637.0,-26.6,-16.7,995.55,22.024866854246767,-24612.3,-1.217092236098472,-0.9382961451661251
Wapello,2017,9.879043725272606,12,4.127994319208176,183.88910697795336,112907.57952661137,-21.8,694.8249999999999,62637.0,-36.9,-26.6,667.0,14.118879336371478,-15147.185,-1.0832564009885632,-0.9382961451661251
Wapello,2018,13.07856684532959,12,3.717824059256723,342.7278174410352,112907.57952661137,-21.2,956.3,62637.0,-21.8,-36.9,694.8249999999999,9.879043725272606,-20273.559999999998,0.17441565598766334,-0.9382961451661251
Wapello,2019,14.204393097393393,12,2.9336108642485375,461.0774302180755,112907.57952661137,-27.7,1143.75,62637.0,-21.2,-21.8,956.3,13.07856684532959,-31681.875,1.0760338874828108,-0.9382961451661251
Warren,2001,12.816407741604213,12,4.481654540040651,217.6120523657786,148377.63915983602,-18.4,905.05,60862.0,-20.9,,685.6999999999999,1.3368940265181994,-16652.92,-0.0720923961015674,-0.9591513640096184
Warren,2002,3.0193334365374387,12,3.266980027993014,79.72175724495212,148377.63915983602,-27.2,706.3499999999999,60862.0,-18.4,-20.9,905.05,12.816407741604213,-19212.719999999998,-1.0278221512260584,-0.9591513640096184
Warren,2003,8.601302530897735,12,3.8733482126563406,135.12161361715144,148377.63915983602,-29.9,878.95,60862.0,-27.2,-18.4,706.3499999999999,3.0193334365374387,-26280.605,-0.1976311309216435,-0.9591513640096184
Warren,2004,9.461130029892036,12,2.940077568122615,235.47717935610763,148377.63915983602,-25.9,832.65,60862.0,-29.9,-27.2,878.95,8.601302530897735,-21565.635,-0.42033011261396347,-0.9591513640096184
Warren,2005,8.063939909855549,12,4.019572130602153,183.006268996536,148377.63915983602,-24.1,665.85,60862.0,-25.9,-29.9,832.65,9.461130029892036,-16046.985000000002,-1.2226236362916938,-0.9591513640096184
Warren,2006,3.8179107088237263,12,3.7051266021404636,96.98186758783432,148377.63915983602,-25.6,783.85,60862.0,-24.1,-25.9,665.85,8.063939909855549,-20066.56,-0.6550538773350258,-0.9591513640096184
Warren,2007,17.299813688648918,12,4.480480866910763,386.25291721681936,148377.63915983602,-31.4,1098.75,60862.0,-25.6,-24.1,783.85,3.8179107088237263,-34500.75,0.8595877929654375,-0.9591513640096184
Warren,2008,23.156018013729103,12,4.726277828561181,593.6439770059557,148377.63915983602,-16.0,1293.55,60862.0,-31.4,-25.6,1098.75,17.299813688648918,-20696.8,1.796558886565089,-0.9591513640096184
Warren,2009,16.852318032698637,12,4.565360934586988,360.5655993103703,148377.63915983602,-27.6,1046.45,60862.0,-16.0,-31.4,1293.55,23.156018013729103,-28882.020000000004,0.608029332004135,-0.9591513640096184
Warren,2010,18.213340710785857,12,2.606761255906868,664.6625848085228,148377.63915983602,-21.2,1339.2,60862.0,-27.6,-16.0,1046.45,16.852318032698637,-28391.04,2.016131424669936,-0.9591513640096184
Warren,2011,10.193197522884716,12,2.3939302673592935,302.1395952408567,148377.63915983602,2.7,1003.5,60862.0,-21.2,-27.6,1339.2,18.213340710785857,2709.4500000000003,0.4014435595703307,-0.9591513640096184
Warren,2012,2.1306385993205237,12,2.502620265193096,86.35042500960537,148377.63915983602,12.8,544.5,60862.0,2.7,-21.2,1003.5,10.193197522884716,6969.6,-1.8063066045068772,-0.9591513640096184
Warren,2013,10.341748734335246,12,3.2286472168124765,203.02448195964035,148377.63915983602,-7.0,736.55,60862.0,12.8,2.7,544.5,2.1306385993205237,-5155.849999999999,-0.882562772238843,-0.9591513640096184
Warren,2014,8.185018456643471,12,2.378693496078063,329.4185255807116,148377.63915983602,-8.4,1027.95,60862.0,-7.0,12.8,736.55,10.341748734335246,-8634.78,0.519045937591437,-0.9591513640096184
Warren,2015,10.587019492474202,12,2.05097579367726,415.94516236282766,148377.63915983602,-34.4,1056.3,60862.0,-8.4,-7.0,1027.95,8.185018456643471,-36336.719999999994,0.6554069771373818,-0.9591513640096184
Warren,2016,5.609278506073558,12,1.9125450979593606,266.6240535453141,148377.63915983602,-40.5,888.25,60862.0,-34.4,-8.4,1056.3,10.587019492474202,-35974.125,-0.15289893805471988,-0.9591513640096184
Warren,2017,5.780749048142315,12,2.6200846786136096,198.23051853799547,148377.63915983602,-36.3,656.6,60862.0,-40.5,-34.4,888.25,5.609278506073558,-23834.579999999998,-1.2671153334980427,-0.9591513640096184
Warren,2018,9.02209638164018,12,2.0380017536491404,381.0789800781756,148377.63915983602,-32.8,1155.2,60862.0,-36.3,-40.5,656.6,5.780749048142315,-37890.56,1.1311073937544538,-0.9591513640096184
Warren,2019,7.5319794526412895,12,1.8759313493952614,417.60392156948666,148377.63915983602,-34.5,1097.5,60862.0,-32.8,-36.3,1155.2,9.02209638164018,-37863.75,0.853575401451066,-0.9591513640096184
Washington,2001,21.40419541144754,12,4.854482758970047,328.4162005675865,147788.6060580347,57.7,977.9333333333334,157154.0,53.1,,733.1,8.551319220129258,56426.75333333334,0.27847011179638625,0.17222369676652485
Washington,2002,9.502733022426963,12,4.368161830877827,163.48263425537826,147788.6060580347,47.9,791.9666666666667,157154.0,57.7,53.1,977.9333333333334,21.40419541144754,37935.20333333333,-0.616013415101707,0.17222369676652485
Washington,2003,4.011676259981236,12,3.2841565068281895,92.28701769923099,147788.6060580347,45.2,772.9,157154.0,47.9,57.7,791.9666666666667,9.502733022426963,34935.08,-0.7077224270009203,0.17222369676652485
Washington,2004,13.73365634753383,12,6.036928220733913,218.6854308233199,147788.6060580347,55.6,897.1666666666666,157154.0,45.2,47.9,772.9,4.011676259981236,49882.46666666667,-0.11001054525220351,0.17222369676652485
Washington,2005,7.4944694290297145,12,4.2190828213994545,132.9055775497831,147788.6060580347,69.3,632.2,157154.0,55.6,45.2,897.1666666666666,13.73365634753383,43811.46,-1.3844772158585739,0.17222369676652485
Washington,2006,7.078477779784569,12,5.341201273089908,100.13252258807171,147788.6060580347,54.3,905.7666666666667,157154.0,69.3,55.6,632.2,7.4944694290297145,49183.13,-0.06864529163332761,0.17222369676652485
Washington,2007,28.252301150351684,12,7.22778439464847,390.0224537148182,147788.6060580347,58.2,1191.9333333333334,157154.0,54.3,69.3,905.7666666666667,7.078477779784569,69370.52,1.3077915390567838,0.17222369676652485
Washington,2008,29.822974303327744,9,5.100586939809945,577.5873821194991,147788.6060580347,77.1,1159.9333333333334,157154.0,58.2,54.3,1191.9333333333334,28.252301150351684,89430.86,1.1538743162888738,0.17222369676652485
Washington,2009,21.718250536492658,9,4.63047340204467,452.92850146730007,147788.6060580347,72.9,1278.6999999999998,157154.0,77.1,58.2,1159.9333333333334,29.822974303327744,93217.23,1.725131675374355,0.17222369676652485
Washington,2010,28.398486295382273,12,4.36062076356387,665.7479551187278,147788.6060580347,101.2,1439.1666666666665,157154.0,72.9,77.1,1278.6999999999998,21.718250536492658,145643.66666666666,2.49696241537927,0.17222369676652485
Washington,2011,18.308753125167765,12,3.977963754082595,310.2142660777812,147788.6060580347,112.5,866.4666666666667,157154.0,101.2,72.9,1439.1666666666665,28.398486295382273,97477.5,-0.25767488084516676,0.17222369676652485
Washington,2012,3.4298698733438013,12,2.8250452502139622,86.60419832246244,147788.6060580347,124.9,799.4333333333333,157154.0,112.5,101.2,866.4666666666667,18.308753125167765,99849.22333333333,-0.5800993964558618,0.17222369676652485
Washington,2013,20.62995167491171,12,3.8769112086348394,350.3734819854812,147788.6060580347,125.2,864.1,157154.0,124.9,112.5,799.4333333333333,3.4298698733438013,108185.32,-0.2690583421123768,0.17222369676652485
Washington,2014,11.012948279580726,12,3.5339123801731933,314.72930987449456,147788.6060580347,125.5,1059.4,157154.0,125.2,124.9,864.1,20.62995167491171,132954.7,0.6703177080930237,0.17222369676652485
Washington,2015,26.117264101726303,12,6.288027701949105,367.4983281942782,147788.6060580347,143.8,1101.5666666666666,157154.0,125.5,125.2,1059.4,11.012948279580726,158405.28666666668,0.873135715177821,0.17222369676652485
Washington,2016,17.15603905265191,12,5.554782415942699,294.3601410568497,147788.6060580347,156.0,800.85,157154.0,143.8,125.5,1101.5666666666666,26.117264101726303,124932.6,-0.5732853527395737,0.17222369676652485
Washington,2017,14.489198999245318,12,4.866818250517778,198.3858922696452,147788.6060580347,169.2,785.65,157154.0,156.0,143.8,800.85,17.15603905265191,132931.97999999998,-0.6463960335543312,0.17222369676652485
Washington,2018,14.671029385510392,12,4.040258385182558,351.11002461655005,147788.6060580347,173.4,1134.65,157154.0,169.2,156.0,785.65,14.489198999245318,196748.31000000003,1.032263677258187,0.17222369676652485
Washington,2019,22.061865954910406,12,3.8308028273369175,497.6875019753747,147788.6060580347,195.5,1007.4,157154.0,173.4,169.2,1134.65,14.671029385510392,196946.69999999998,0.4202022210951696,0.17222369676652485
Wayne,2001,3.6484905555392055,12,0.8748850497028992,315.69175614197866,136552.98162123104,-8.5,1238.0,13612.0,-20.4,,948.9499999999999,0.14941730412129448,-10523.0,1.5293682076664206,-1.5143114149138759
Wayne,2002,0.9406911107936092,12,0.5939680102338859,74.06143652423805,136552.98162123104,-27.0,714.05,13612.0,-8.5,-20.4,1238.0,3.6484905555392055,-19279.35,-0.9907858194975298,-1.5143114149138759
Wayne,2003,0.3210297687096597,11,0.6341778628361041,27.61031081312885,136552.98162123104,-30.8,1014.2500000000001,13612.0,-27.0,-8.5,714.05,0.9406911107936092,-31238.900000000005,0.45315012659392595,-1.5143114149138759
Wayne,2004,2.2678321677589426,12,0.8748134917548668,199.99579341883805,136552.98162123104,-23.5,1139.8,13612.0,-30.8,-27.0,1014.2500000000001,0.3210297687096597,-26785.3,1.0570347302973968,-1.5143114149138759
Wayne,2005,0.5253533771769899,12,0.48027212572500244,89.03830308769113,136552.98162123104,-20.8,896.15,13612.0,-23.5,-30.8,1139.8,2.2678321677589426,-18639.920000000002,-0.11490062368389223,-1.5143114149138759
Wayne,2006,0.29285832175753773,12,0.563385604383433,20.58419196412529,136552.98162123104,-23.2,1107.9,13612.0,-20.8,-23.5,896.15,0.5253533771769899,-25703.280000000002,0.9035984988506373,-1.5143114149138759
Wayne,2007,3.8472701498453983,12,1.2343437821504384,337.54933127261273,136552.98162123104,-32.1,1808.9,13612.0,-23.2,-20.8,1107.9,0.29285832175753773,-58065.69,4.275347660110164,-1.5143114149138759
Wayne,2008,5.01371915006578,9,0.9816708606208395,549.3111668633674,136552.98162123104,-12.5,1671.6999999999998,13612.0,-32.1,-23.2,1808.9,3.8472701498453983,-20896.249999999996,3.6154275674927487,-1.5143114149138759
Wayne,2009,3.403489952345566,9,0.9172696093524988,366.2769936837289,136552.98162123104,-32.8,1451.6000000000001,13612.0,-12.5,-32.1,1671.6999999999998,5.01371915006578,-47612.48,2.55676566964222,-1.5143114149138759
Wayne,2010,10.086512326557049,12,1.1743565152938944,748.6297534652635,136552.98162123104,-17.1,1863.1999999999998,13612.0,-32.8,-12.5,1451.6000000000001,3.403489952345566,-31860.72,4.53652594749446,-1.5143114149138759
Wayne,2011,5.312646097954488,12,1.2642287923824684,313.26882573306284,136552.98162123104,48.0,1114.75,13612.0,-17.1,-32.8,1863.1999999999998,10.086512326557049,53508.0,0.9365464043493925,-1.5143114149138759
Wayne,2012,1.2004510450080732,12,1.1229819659673077,59.39198897104783,136552.98162123104,67.4,833.4,13612.0,48.0,-17.1,1114.75,5.312646097954488,56171.16,-0.4167226777053406,-1.5143114149138759
Wayne,2013,3.7312725891165446,12,0.7746697499369565,295.16560626142365,136552.98162123104,54.8,1080.55,13612.0,67.4,48.0,833.4,1.2004510450080732,59214.13999999999,0.7720473725161886,-1.5143114149138759
Wayne,2014,4.979248656997477,12,1.3022218738314082,357.80361861589176,136552.98162123104,63.1,1227.1,13612.0,54.8,67.4,1080.55,3.7312725891165446,77430.01,1.4769401536611009,-1.5143114149138759
Wayne,2015,4.073393198647716,12,0.8505313956322365,461.472386403679,136552.98162123104,-25.4,1268.7,13612.0,63.1,54.8,1227.1,4.979248656997477,-32224.98,1.6770325432593844,-1.5143114149138759
Wayne,2016,2.6850501943059113,12,1.4352877692248933,158.32611487595793,136552.98162123104,-17.9,669.9,13612.0,-25.4,63.1,1268.7,4.073393198647716,-11991.21,-1.2031434877851304,-1.5143114149138759
Wayne,2017,1.648667546351367,11,0.7719573078104939,110.14686773402418,136552.98162123104,-15.1,763.0,13612.0,-17.9,-25.4,669.9,2.6850501943059113,-11521.3,-0.7553405677947423,-1.5143114149138759
Wayne,2018,1.2927815971003487,10,0.8344799096401738,198.89937851252535,136552.98162123104,-18.2,1060.1,13612.0,-15.1,-17.9,763.0,1.648667546351367,-19293.819999999996,0.6736846473410709,-1.5143114149138759
Wayne,2019,4.1325595835341655,12,0.9081686283586367,446.756534982797,136552.98162123104,-13.4,1313.0,13612.0,-18.2,-15.1,1060.1,1.2927815971003487,-17594.2,1.8901116985287094,-1.5143114149138759
Webster,2001,25.012409917655,12,7.202555963272288,252.39727663463134,186144.47985750425,-4.9,908.6,315202.0,0.6,,740.875,3.5591057248735827,-4452.14,-0.05501720420075206,2.0291958814292994
Webster,2002,10.185166500086588,12,9.240757074070041,97.14746471213343,186144.47985750425,-10.1,810.125,315202.0,-4.9,0.6,908.6,25.012409917655,-8182.2625,-0.5286734077029375,2.0291958814292994
Webster,2003,18.396353217862607,12,7.600568141431317,151.6576261027228,186144.47985750425,-10.4,783.4,315202.0,-10.1,-4.9,810.125,10.185166500086588,-8147.36,-0.6572183382801998,2.0291958814292994
Webster,2004,20.04976661297109,12,8.188429691732308,195.54935888480128,186144.47985750425,-7.6,931.25,315202.0,-10.4,-10.1,783.4,18.396353217862607,-7077.5,0.05392733003965906,2.0291958814292994
Webster,2005,18.846778639521926,12,8.053434950125398,185.16846141568914,186144.47985750425,-2.8,821.65,315202.0,-7.6,-10.4,931.25,20.04976661297109,-2300.62,-0.47323915794043253,2.0291958814292994
Webster,2006,19.385583525705762,12,9.351338664674723,171.69391907537238,186144.47985750425,-2.3,735.275,315202.0,-2.8,-7.6,821.65,18.846778639521926,-1691.1324999999997,-0.8886954115835018,2.0291958814292994
Webster,2007,34.29514560968179,12,9.08250644569639,365.7957784843471,186144.47985750425,8.3,1082.65,315202.0,-2.3,-2.8,735.275,19.385583525705762,8985.995,0.7821481902603333,2.0291958814292994
Webster,2008,28.943277461414205,12,7.893971894933866,345.86103370321223,186144.47985750425,10.5,1082.675,315202.0,8.3,-2.3,1082.65,34.29514560968179,11368.0875,0.7822684380906201,2.0291958814292994
Webster,2009,17.817681767686175,12,7.592127117831467,216.662126939391,186144.47985750425,-3.0,890.35,315202.0,10.5,8.3,1082.675,28.943277461414205,-2671.05,-0.14279812031057568,2.0291958814292994
Webster,2010,37.64002790752312,12,7.046106684686467,537.0450510370636,186144.47985750425,5.6,1208.6999999999998,315202.0,-3.0,10.5,890.35,17.817681767686175,6768.719999999998,1.3884377505695522,2.0291958814292994
Webster,2011,23.077654514032638,12,6.0152768412834705,261.1251848342229,186144.47985750425,11.5,679.5749999999999,315202.0,5.6,-3.0,1208.6999999999998,37.64002790752312,7815.112499999999,-1.1566075774638953,2.0291958814292994
Webster,2012,4.472797143215952,12,4.923150918280707,60.615254844950115,186144.47985750425,30.2,616.6750000000001,315202.0,11.5,5.6,679.5749999999999,23.077654514032638,18623.585000000003,-1.4591511184670676,2.0291958814292994
Webster,2013,32.3232869315026,12,8.688228068354782,176.09897228461068,186144.47985750425,19.4,749.5749999999999,315202.0,30.2,11.5,616.6750000000001,4.472797143215952,14541.754999999997,-0.8199136526590923,2.0291958814292994
Webster,2014,25.077881785443196,12,10.35504174907171,202.45526783720337,186144.47985750425,-2.7,931.075,315202.0,19.4,30.2,749.5749999999999,32.3232869315026,-2513.9025,0.053085595227647275,2.0291958814292994
Webster,2015,47.52724332472354,12,13.220858413910326,347.65468698443493,186144.47985750425,-3.0,1106.5,315202.0,-2.7,19.4,931.075,25.077881785443196,-3319.5,0.8968646203545407,2.0291958814292994
Webster,2016,37.725756994601305,12,9.585943774273503,369.2291466398396,186144.47985750425,-0.4,993.025,315202.0,-3.0,-2.7,1106.5,47.52724332472354,-397.21000000000004,0.35105971867989755,2.0291958814292994
Webster,2017,22.266276504041894,12,7.281469036187997,245.3257525277075,186144.47985750425,9.9,817.1,315202.0,-0.4,-3.0,993.025,37.725756994601305,8089.290000000001,-0.4951242630527445,2.0291958814292994
Webster,2018,45.700122265870434,12,7.84617996539636,528.852077961425,186144.47985750425,1.1,1388.7333333333333,315202.0,9.9,-0.4,817.1,22.266276504041894,1527.6066666666668,2.2543824590794297,2.0291958814292994
Webster,2019,33.49543204931741,12,6.960852975787703,463.0005598846653,186144.47985750425,-7.6,1071.5166666666667,315202.0,1.1,9.9,1388.7333333333333,45.700122265870434,-8143.526666666666,0.7285978231723308,2.0291958814292994
Winnebago,2001,24.07936894813978,12,4.851024689635614,328.7371353914399,103994.2439785202,0.3,825.85,182208.0,1.1,,879.4,10.117509308267604,247.755,-0.4530375224521441,0.46659364206504905
Winnebago,2002,9.92199673237066,12,5.922215771764343,130.41310630230055,103994.2439785202,-5.4,890.15,182208.0,0.3,1.1,825.85,24.07936894813978,-4806.81,-0.14376010295287533,0.46659364206504905
Winnebago,2003,14.212457025260797,12,5.287393640913524,147.88601308046157,103994.2439785202,-1.3,614.25,182208.0,-5.4,0.3,890.15,9.92199673237066,-798.525,-1.4708151580049487,0.46659364206504905
Winnebago,2004,20.43940734791783,12,5.9880620970278615,301.81517878989274,103994.2439785202,-7.1,1103.35,182208.0,-1.3,-5.4,614.25,14.212457025260797,-7833.784999999999,0.8817133937383241,0.46659364206504905
Winnebago,2005,23.23323667710033,12,7.549462377264298,266.69523557635745,103994.2439785202,0.0,976.0,182208.0,-7.1,-1.3,1103.35,20.43940734791783,0.0,0.2691709462541581,0.46659364206504905
Winnebago,2006,21.09757346187012,12,6.701690987572802,205.53669161835776,103994.2439785202,1.9,780.4,182208.0,0.0,-7.1,976.0,23.23323667710033,1482.76,-0.6716480779146914,0.46659364206504905
Winnebago,2007,21.03567301791288,12,6.284788355794954,327.8528648542072,103994.2439785202,9.4,960.9,182208.0,1.9,0.0,780.4,21.09757346187012,9032.460000000001,0.19654125676055048,0.46659364206504905
Winnebago,2008,21.587078405821014,9,5.31934642959773,304.7121921924688,103994.2439785202,15.4,929.25,182208.0,9.4,1.9,960.9,21.03567301791288,14310.45,0.0443075036166647,0.46659364206504905
Winnebago,2009,14.45698177739295,9,6.637180895742636,196.58257251318668,103994.2439785202,8.7,945.55,182208.0,15.4,9.4,929.25,21.587078405821014,8226.284999999998,0.1227090889640686,0.46659364206504905
Winnebago,2010,24.045344476315467,12,5.797572874377988,391.1918826358438,103994.2439785202,4.2,948.55,182208.0,8.7,15.4,945.55,14.45698177739295,3983.91,0.13713882859856014,0.46659364206504905
Winnebago,2011,20.81620677750982,12,4.7448657368475065,298.30774710418217,103994.2439785202,22.6,693.3,182208.0,4.2,8.7,948.55,24.045344476315467,15668.58,-1.0905915186360964,0.46659364206504905
Winnebago,2012,2.2359950308162286,12,3.05543744187974,52.50355964849878,103994.2439785202,31.9,547.55,182208.0,22.6,4.2,693.3,20.81620677750982,17466.844999999998,-1.791636369211811,0.46659364206504905
Winnebago,2013,31.9325054514874,12,5.28176434581875,331.4513402389747,103994.2439785202,20.2,1015.8499999999999,182208.0,31.9,22.6,547.55,2.2359950308162286,20520.17,0.4608459877323205,0.46659364206504905
Winnebago,2014,28.30182073157536,12,9.614886377789956,236.03644588395755,103994.2439785202,7.2,913.8,182208.0,20.2,31.9,1015.8499999999999,31.9325054514874,6579.36,-0.03000565550096703,0.46659364206504905
Winnebago,2015,32.76071641339867,12,11.072017637101924,267.0563719389552,103994.2439785202,-4.6,1056.75,182208.0,7.2,20.2,913.8,28.30182073157536,-4861.049999999999,0.6575714380825558,0.46659364206504905
Winnebago,2016,66.96530320093888,12,12.80361077582968,567.0638258677309,103994.2439785202,-2.3,1244.8,182208.0,-4.6,7.2,1056.75,32.76071641339867,-2863.0399999999995,1.562075617504601,0.46659364206504905
Winnebago,2017,29.299875706593998,12,8.352119919955632,292.1317017262997,103994.2439785202,-1.2,791.9,182208.0,-2.3,-4.6,1244.8,66.96530320093888,-950.28,-0.6163340759824738,0.46659364206504905
Winnebago,2018,39.1637139215527,12,5.948070014756985,636.565650232754,103994.2439785202,1.9,1376.45,182208.0,-1.2,-2.3,791.9,29.299875706593998,2615.255,2.195300691798206,0.46659364206504905
Winnebago,2019,26.062718858231822,12,5.08296944049643,502.72127499289445,103994.2439785202,-1.9,1096.8,182208.0,1.9,-1.2,1376.45,39.1637139215527,-2083.9199999999996,0.8502084622030178,0.46659364206504905
Winneshiek,2001,20.838966327406457,12,5.6819968324279015,297.18299418034815,178687.54628881073,21.4,751.25,103336.0,18.3,,997.35,17.330312735764235,16076.749999999998,-0.8118570480298343,-0.4601065385681912
Winneshiek,2002,6.460661895320149,12,4.148986409587911,147.92318985476533,178687.54628881073,3.5,828.8499999999999,103336.0,21.4,18.3,751.25,20.838966327406457,2900.9749999999995,-0.4386077828176531,-0.4601065385681912
Winneshiek,2003,5.548286178151609,12,4.120340103553667,111.5149761907109,178687.54628881073,8.5,597.35,103336.0,3.5,21.4,828.8499999999999,6.460661895320149,5077.475,-1.5521026912792508,-0.4601065385681912
Winneshiek,2004,17.787408438831147,12,5.004665840308147,337.2948944592427,178687.54628881073,9.2,1140.1000000000001,103336.0,8.5,3.5,597.35,5.548286178151609,10488.92,1.0584777042608469,-0.4601065385681912
Winneshiek,2005,12.509874933073057,12,5.315847649939796,242.18050761684705,178687.54628881073,4.1,826.4,103336.0,9.2,8.5,1140.1000000000001,17.787408438831147,3388.24,-0.4503920701858209,-0.4601065385681912
Winneshiek,2006,16.289650903722126,12,5.743134831051911,227.5428265238291,178687.54628881073,9.0,850.95,103336.0,4.1,9.2,826.4,12.509874933073057,7658.55,-0.3323087008435647,-0.4601065385681912
Winneshiek,2007,28.78298811478962,12,7.10914069340285,422.86174819835816,178687.54628881073,-6.6,1280.1,103336.0,9.0,4.1,850.95,16.289650903722126,-8448.659999999998,1.7318655538704515,-0.4601065385681912
Winneshiek,2008,35.49488724032658,10,6.672847607695138,490.5734837504852,178687.54628881073,11.3,1060.5,103336.0,-6.6,9.0,1280.1,28.78298811478962,11983.650000000001,0.6756086126256702,-0.4601065385681912
Winneshiek,2009,9.588591501668613,9,4.948369783633356,184.2510803295942,178687.54628881073,-8.4,920.9333333333334,103336.0,11.3,-6.6,1060.5,35.49488724032658,-7735.840000000001,0.004305058741046733,-0.4601065385681912
Winneshiek,2010,24.59993096127407,12,6.409484517583849,388.18216965710104,178687.54628881073,-8.0,971.2666666666667,103336.0,-8.4,11.3,920.9333333333334,9.588591501668613,-7770.133333333333,0.24640402371973802,-0.4601065385681912
Winneshiek,2011,25.79094472330498,12,6.838001532360786,352.1581789868347,178687.54628881073,12.3,814.3666666666667,103336.0,-8.0,-8.4,971.2666666666667,24.59993096127407,10016.710000000001,-0.5082713591641702,-0.4601065385681912
Winneshiek,2012,6.505325784322315,12,4.349370540850767,122.57718429335839,178687.54628881073,27.8,658.1999999999999,103336.0,12.3,-8.0,814.3666666666667,25.79094472330498,18297.96,-1.2594194723596477,-0.4601065385681912
Winneshiek,2013,38.5498487348036,12,5.654088733757528,528.023463076764,178687.54628881073,2.9,1135.5666666666666,103336.0,27.8,12.3,658.1999999999999,6.505325784322315,3293.143333333333,1.0366727643687252,-0.4601065385681912
Winneshiek,2014,24.99038902853182,12,6.372944995698542,356.3786809833088,178687.54628881073,6.8,917.8333333333334,103336.0,2.9,27.8,1135.5666666666666,38.5498487348036,6241.266666666666,-0.01060567221459465,-0.4601065385681912
Winneshiek,2015,18.88703031045259,12,5.951968036186731,272.57026551784855,178687.54628881073,6.7,816.1999999999999,103336.0,6.8,2.9,917.8333333333334,24.99038902853182,5468.54,-0.4994531849430924,-0.4601065385681912
Winneshiek,2016,47.62516332102324,12,7.65860401625753,629.4476642374334,178687.54628881073,-1.3,1308.3666666666666,103336.0,6.7,6.8,816.1999999999999,18.88703031045259,-1700.8766666666666,1.8678257673154386,-0.4601065385681912
Winneshiek,2017,30.53305347434035,12,6.190751285231794,458.46485751658827,178687.54628881073,7.3,940.1,103336.0,-1.3,6.7,1308.3666666666666,47.62516332102324,6862.73,0.09649506196140926,-0.4601065385681912
Winneshiek,2018,37.18011813781011,12,5.630741655294879,640.143059820234,178687.54628881073,2.5,1394.5,103336.0,7.3,-1.3,940.1,30.53305347434035,3486.25,2.28211962526573,-0.4601065385681912
Winneshiek,2019,38.45086482274553,12,5.499595080537681,686.8179079920518,178687.54628881073,0.4,1166.5,103336.0,2.5,7.3,1394.5,37.18011813781011,466.6,1.1854594130443719,-0.4601065385681912
Woodbury,2001,9.108573064326892,12,5.0720481065221685,153.98279707401056,227342.75845143036,-4.9,867.6999999999999,31290.0,7.0,,618.65,1.4299921255052226,-4251.73,-0.2517426545509874,-1.3066051846517497
Woodbury,2002,3.579636708574631,12,5.436389517554762,65.71734981759548,227342.75845143036,-8.6,787.5833333333334,31290.0,-4.9,7.0,867.6999999999999,9.108573064326892,-6773.216666666667,-0.637096868012103,-1.3066051846517497
Woodbury,2003,7.825423104835698,12,5.594264693277817,94.55950211389934,227342.75845143036,-9.9,775.3,31290.0,-8.6,-4.9,787.5833333333334,3.579636708574631,-7675.47,-0.6961786352933271,-1.3066051846517497
Woodbury,2004,9.827815475601252,12,6.816087349849776,137.7967765146318,227342.75845143036,-11.3,825.8714285714285,31290.0,-9.9,-8.6,775.3,7.825423104835698,-9332.347142857143,-0.45293445288332673,-1.3066051846517497
Woodbury,2005,8.957156240836644,12,7.147904700473078,113.52422863390319,227342.75845143036,-4.0,743.4571428571429,31290.0,-11.3,-9.9,825.8714285714285,9.827815475601252,-2973.8285714285716,-0.8493400145565727,-1.3066051846517497
Woodbury,2006,8.437796304030183,12,6.026848094992412,111.00858461139597,227342.75845143036,11.2,772.9714285714285,31290.0,-4.0,-11.3,743.4571428571429,8.957156240836644,8657.279999999999,-0.7073788617715276,-1.3066051846517497
Woodbury,2007,16.034226116508787,12,7.088055218300268,217.95153531891543,227342.75845143036,8.1,1052.5285714285715,31290.0,11.2,-4.0,772.9714285714285,8.437796304030183,8525.48142857143,0.63726673302545,-1.3066051846517497
Woodbury,2008,12.36201998755773,8,7.3489216504239625,163.55800736159676,227342.75845143036,1.0,921.3,31290.0,8.1,11.2,1052.5285714285715,16.034226116508787,921.3,0.006068693585261857,-1.3066051846517497
Woodbury,2009,7.022799361719884,9,6.571813788642118,101.08234181824764,227342.75845143036,-9.4,883.1999999999999,31290.0,1.0,8.1,921.3,12.36201998755773,-8302.08,-0.177188999772781,-1.3066051846517497
Woodbury,2010,29.601844498730085,12,8.393309918682043,340.730151567222,227342.75845143036,-4.9,858.7428571428571,31290.0,-9.4,1.0,883.1999999999999,7.022799361719884,-4207.84,-0.2948257343168261,-1.3066051846517497
Woodbury,2011,20.85866799140396,12,7.4215834541652965,243.14986888782892,227342.75845143036,-3.0,665.6571428571428,31290.0,-4.9,-9.4,858.7428571428571,29.601844498730085,-1996.9714285714285,-1.223551262411054,-1.3066051846517497
Woodbury,2012,3.9751636283458405,12,4.197956270517678,72.76781184662438,227342.75845143036,13.4,620.2142857142857,31290.0,-3.0,-4.9,665.6571428571428,20.85866799140396,8310.871428571429,-1.442127461350662,-1.3066051846517497
Woodbury,2013,8.603562807247926,12,5.193738191507204,102.68205400869556,227342.75845143036,-3.6,625.5285714285714,31290.0,13.4,-3.0,620.2142857142857,3.9751636283458405,-2251.902857142857,-1.4165662082838486,-1.3066051846517497
Woodbury,2014,8.793454516120152,12,5.792292718610065,143.2865943329451,227342.75845143036,-16.8,920.4,31290.0,-3.6,13.4,625.5285714285714,8.603562807247926,-15462.720000000001,0.0017397716949145,-1.3066051846517497
Woodbury,2015,18.902140434737216,12,8.955580469791675,198.79964216110346,227342.75845143036,-18.1,894.9107142857143,31290.0,-16.8,-3.6,920.4,8.793454516120152,-16197.883928571431,-0.12086148041385447,-1.3066051846517497
Woodbury,2016,35.68940542634138,12,9.947289255886261,333.9521901361176,227342.75845143036,-12.1,742.4228571428571,31290.0,-18.1,-16.8,894.9107142857143,18.902140434737216,-8983.31657142857,-0.854314839078179,-1.3066051846517497
Woodbury,2017,15.761331829473308,12,7.406123581336437,202.31759174313575,227342.75845143036,-7.3,745.78,31290.0,-12.1,-18.1,742.4228571428571,35.68940542634138,-5444.1939999999995,-0.8381672732967239,-1.3066051846517497
Woodbury,2018,25.68348978564889,12,7.3578852349784585,364.6642743127095,227342.75845143036,-23.6,910.8399999999999,31290.0,-7.3,-12.1,745.78,15.761331829473308,-21495.824,-0.04424299860699887,-1.3066051846517497
Woodbury,2019,24.639269048322983,12,6.971721226320352,373.90478115756133,227342.75845143036,-27.3,799.86,31290.0,-23.6,-7.3,910.8399999999999,25.68348978564889,-21836.178,-0.578047166818956,-1.3066051846517497
Worth,2001,25.66219957281346,12,5.259942993426269,338.2384327257418,104087.86498237497,-3.5,880.6,168814.0,7.7,,863.1,13.61295821895959,-3082.1,-0.18969477412267324,0.30922192308490887
Worth,2002,7.656953804754535,12,4.9630379121990496,136.11879721146516,104087.86498237497,-11.8,803.8,168814.0,-3.5,7.7,880.6,25.66219957281346,-9484.84,-0.5590961087656574,0.30922192308490887
Worth,2003,14.172936264257668,12,5.500987475584792,159.53471293647235,104087.86498237497,-10.3,670.1999999999999,168814.0,-11.8,-3.5,803.8,7.656953804754535,-6903.0599999999995,-1.2017005138216814,0.30922192308490887
Worth,2004,24.70835978294651,12,6.336130945672799,347.195471894645,104087.86498237497,-13.8,1167.3,168814.0,-10.3,-11.8,670.1999999999999,14.172936264257668,-16108.74,1.1893073436135693,0.30922192308490887
Worth,2005,25.27616109715143,12,8.409834592509233,265.0523848051163,104087.86498237497,-9.7,968.6,168814.0,-13.8,-10.3,1167.3,24.70835978294651,-9395.42,0.23357758848907903,0.30922192308490887
Worth,2006,24.83590558675022,12,7.763256003246483,220.9673456077859,104087.86498237497,-10.2,797.4,168814.0,-9.7,-13.8,968.6,25.27616109715143,-8133.48,-0.5898795533192392,0.30922192308490887
Worth,2007,29.63754983439971,12,8.265207664859409,338.8571066399224,104087.86498237497,5.2,987.7,168814.0,-10.2,-9.7,797.4,24.83590558675022,5136.04,0.3254469308286754,0.30922192308490887
Worth,2008,34.10855525343929,9,6.853560778770172,363.76281040312733,104087.86498237497,1.7,856.1,168814.0,5.2,-10.2,987.7,29.63754983439971,1455.37,-0.3075376478043543,0.30922192308490887
Worth,2009,14.032540137528306,9,5.855578119820981,214.6045655534345,104087.86498237497,-11.7,686.4,168814.0,1.7,5.2,856.1,34.10855525343929,-8030.879999999999,-1.1237799197954268,0.30922192308490887
Worth,2010,19.961511226548097,12,5.545124050427865,351.3614555395667,104087.86498237497,-15.4,914.9,168814.0,-11.7,1.7,686.4,14.032540137528306,-14089.46,-0.02471475096832002,0.30922192308490887
Worth,2011,21.020224312331667,12,5.09889306948797,313.0618599861432,104087.86498237497,9.4,804.3,168814.0,-15.4,-11.7,914.9,19.961511226548097,7560.42,-0.5566911521599088,0.30922192308490887
Worth,2012,2.075904151760571,12,2.7326778025558833,64.94654432977828,104087.86498237497,19.7,545.5,168814.0,9.4,-15.4,804.3,21.020224312331667,10746.35,-1.80149669129538,0.30922192308490887
Worth,2013,39.152876760244,12,6.337074918835618,379.6935981198644,104087.86498237497,2.6,1114.5,168814.0,19.7,9.4,545.5,2.075904151760571,2897.7000000000003,0.9353439260465182,0.30922192308490887
Worth,2014,23.91987766667835,12,6.748257168742112,281.91402784714455,104087.86498237497,-10.1,849.1,168814.0,2.6,19.7,1114.5,39.152876760244,-8575.91,-0.34120704028483456,0.30922192308490887
Worth,2015,19.886065282365244,12,6.510695955898266,280.75127563616974,104087.86498237497,-22.3,1008.0,168814.0,-10.1,2.6,849.1,23.91987766667835,-22478.4,0.42308816902206803,0.30922192308490887
Worth,2016,44.719280971835815,12,8.21010521961577,572.8781188984692,104087.86498237497,-19.2,1301.7,168814.0,-22.3,-10.1,1008.0,19.886065282365244,-24992.64,1.8357596792387914,0.30922192308490887
Worth,2017,22.968054411362896,12,5.508894859550061,347.1622284173339,104087.86498237497,-16.1,887.6999999999999,168814.0,-19.2,-22.3,1301.7,44.719280971835815,-14291.97,-0.15554439032104367,0.30922192308490887
Worth,2018,39.76703885709616,12,5.7171596890221394,648.9792492834439,104087.86498237497,-18.9,1235.9,168814.0,-16.1,-19.2,887.6999999999999,22.968054411362896,-23358.51,1.5192673899222768,0.30922192308490887
Worth,2019,25.09546342679597,12,4.674606877619413,520.0518326079763,104087.86498237497,-26.7,1149.2,168814.0,-18.9,-16.1,1235.9,39.76703885709616,-30683.64,1.1022479144854707,0.30922192308490887
Wright,2001,41.352048990143984,12,8.350645254127105,346.6427088244955,150727.35440337087,15.5,1027.8999999999999,260950.0,17.5,,909.9,10.036086447204374,15932.449999999997,0.5188054419308613,1.391766398219611
Wright,2002,21.313161245496715,12,10.148415743250132,173.20261336711516,150727.35440337087,10.0,840.0999999999999,260950.0,15.5,17.5,1027.8999999999999,41.352048990143984,8401.0,-0.38449625918830976,1.391766398219611
Wright,2003,22.092780762054353,12,6.413599451728178,187.27888088042266,150727.35440337087,16.4,652.0,260950.0,10.0,15.5,840.0999999999999,21.313161245496715,10692.8,-1.28924093427093,1.391766398219611
Wright,2004,22.34934659975519,12,6.303487275709209,212.449786348476,150727.35440337087,16.2,745.8,260950.0,16.4,10.0,652.0,22.092780762054353,12081.96,-0.8380710750324941,1.391766398219611
Wright,2005,22.679553897295783,12,8.309194527571641,203.94805790907554,150727.35440337087,29.4,896.6999999999999,260950.0,16.2,16.4,745.8,22.34934659975519,26362.979999999996,-0.11225517141756901,1.391766398219611
Wright,2006,21.232178405259823,12,9.270631542567257,179.4810037030958,150727.35440337087,22.3,696.8000000000001,260950.0,29.4,16.2,896.6999999999999,22.679553897295783,15538.640000000001,-1.0737568223958556,1.391766398219611
Wright,2007,51.17738949991606,12,11.089564835779226,431.4035862168143,150727.35440337087,42.3,1172.0,260950.0,22.3,29.4,696.8000000000001,21.232178405259823,49575.6,1.2119139357076063,1.391766398219611
Wright,2008,43.8299444125639,12,8.073599652310328,450.1439000365075,150727.35440337087,45.1,1106.4,260950.0,42.3,22.3,1172.0,51.17738949991606,49898.64000000001,0.8963836290333914,1.391766398219611
Wright,2009,28.458171704486393,12,8.220825522385597,287.41094640060464,150727.35440337087,32.4,1072.7,260950.0,45.1,42.3,1106.4,43.8299444125639,34755.48,0.7342895538059361,1.391766398219611
Wright,2010,46.21401791745664,12,7.209174304221225,571.1451045220408,150727.35440337087,34.0,1221.0,260950.0,32.4,45.1,1072.7,28.458171704486393,41514.0,1.4475996830709683,1.391766398219611
Wright,2011,21.073323583159706,12,5.6905496223345216,224.4816442587895,150727.35440337087,37.4,842.6,260950.0,34.0,32.4,1221.0,46.21401791745664,31513.239999999998,-0.3724714761595663,1.391766398219611
Wright,2012,2.8752718174416496,12,3.0539080813093356,33.5762973170115,150727.35440337087,54.8,711.1,260950.0,37.4,34.0,842.6,21.073323583159706,38968.28,-1.004975063471446,1.391766398219611
Wright,2013,46.26152721437998,12,7.735385534385709,245.59081717381125,150727.35440337087,32.8,841.1,260950.0,54.8,37.4,711.1,2.8752718174416496,27588.079999999998,-0.37968634597681206,1.391766398219611
Wright,2014,40.681328736832945,12,10.827469478144131,261.24029326421,150727.35440337087,25.4,1142.3,260950.0,32.8,54.8,841.1,46.26152721437998,29014.42,1.0690595133261398,1.391766398219611
Wright,2015,41.852151416941766,12,11.918844813590587,312.62588473192466,150727.35440337087,21.5,1028.7,260950.0,25.4,32.8,1142.3,40.681328736832945,22117.05,0.5226533725000599,1.391766398219611
Wright,2016,52.54030070870152,12,11.472035243284529,458.4551764517652,150727.35440337087,20.4,1175.1,260950.0,21.5,25.4,1028.7,41.852151416941766,23972.039999999997,1.2268246666632472,1.391766398219611
Wright,2017,27.97988033159002,12,7.23582308779515,287.7148966245368,150727.35440337087,24.6,984.1999999999999,260950.0,20.4,21.5,1175.1,52.54030070870152,24211.32,0.3086122345884347,1.391766398219611
Wright,2018,52.95131586990665,12,7.370006777597514,635.5559775689392,150727.35440337087,25.8,1410.8,260950.0,24.6,20.4,984.1999999999999,27.97988033159002,36398.64,2.360521210613134,1.391766398219611
Wright,2019,32.33380892859699,12,6.241783058109295,480.2621287912291,150727.35440337087,21.1,1113.1000000000001,260950.0,25.8,24.6,1410.8,52.95131586990665,23486.410000000003,0.9286100475504228,1.391766398219611
