CountyName,Year,loading_kgha,loading_kgha_fullarea,load_kg,flow_mm,months_available,mean_coverage_frac,min_coverage_frac,county_area_ha,FWMC_mgL,complete_year,load_tonnes,precipmm,mean_n_stations,NS,CN,MN,FN,GN,corng_ha,soy_ha,tile_ha,tile_frac,loading_kgha_lag1,loading_kgha_lag2,loading_kgha_lag3,NS_lag1,NS_lag2,NS_lag3,precipmm_lag1,precipmm_lag2,precipmm_lag3
Adair,2001,10.398205988708172,9.452958228591575,1395549.7973474711,223.3966050596249,12,0.7910033518901557,0.32288204601743775,147631.01281104452,4.654594453632308,True,1395.5497973474712,868.1,1.0,-6.5,57.0,11.9,55.9,131.3,99600.0,98400.0,66536.044004,0.4506915094402328,1.0666882382273764,,,-3.9,,,592.4,,
Adair,2002,1.8779807901683037,1.467315399607655,216621.2585573206,59.98161632061626,12,0.7590151314717777,0.5411570217180235,147631.01281104452,3.130927283002915,True,216.6212585573206,611.2,1.0,-15.0,55.3,12.4,74.1,156.8,105000.0,96300.0,66536.044004,0.4506915094402328,10.398205988708172,1.0666882382273764,,-6.5,-3.9,,868.1,592.4,
Adair,2003,4.2573894994136205,3.806794608850391,562000.9436682074,87.69033687517697,12,0.7750092416809667,0.33605487261259626,147631.01281104452,4.855026963203269,True,562.0009436682074,816.9,1.0,-13.0,58.4,11.3,26.4,109.1,100500.0,100600.0,66536.044004,0.4506915094402328,1.8779807901683037,10.398205988708172,1.0666882382273764,-15.0,-6.5,-3.9,611.2,868.1,592.4
Adair,2004,8.18592886625254,7.54857018846322,1114403.0621980827,180.05372870686355,12,0.8743725056094279,0.7205458937803576,147631.01281104452,4.546381196903532,True,1114.4030621980826,932.9,1.0,-15.1,65.3,10.4,86.1,176.9,106000.0,97700.0,66536.044004,0.4506915094402328,4.2573894994136205,1.8779807901683037,10.398205988708172,-13.0,-15.0,-6.5,816.9,611.2,868.1
Adair,2005,5.339194160294858,4.7838224046188165,706240.5467020422,130.52870375135558,12,0.8230969683330712,0.7205458937803576,147631.01281104452,4.090436821057765,True,706.2405467020423,657.0,1.0,-6.6,67.1,10.2,77.6,161.5,106500.0,96000.0,66536.044004,0.4506915094402328,8.18592886625254,4.2573894994136205,1.8779807901683037,-15.1,-13.0,-15.0,932.9,816.9,611.2
Adair,2006,2.3607926791722775,2.023563845023191,298740.7799285852,66.00101326761953,12,0.7889132768154999,0.7205458937803576,147631.01281104452,3.5769036902506097,True,298.7407799285852,876.6999999999999,1.0,-5.2,68.0,9.6,87.5,170.3,103300.0,101000.0,66536.044004,0.4506915094402328,5.339194160294858,8.18592886625254,4.2573894994136205,-6.6,-15.1,-13.0,657.0,932.9,816.9
Adair,2007,20.29423300842035,18.541607292476918,2737316.2637330163,391.289456020309,12,0.8765152786963525,0.33605487261259626,147631.01281104452,5.186501372878042,True,2737.3162637330165,1153.5,1.0,-10.8,65.7,8.0,83.2,167.7,115100.0,90900.0,66536.044004,0.4506915094402328,2.3607926791722775,5.339194160294858,8.18592886625254,-5.2,-6.6,-15.1,876.6999999999999,657.0,932.9
Adair,2010,20.332548818294992,18.820784020534436,2778531.406849421,576.7850598231842,12,0.9256480428857848,0.9256480428857848,147631.01281104452,3.525151782629047,True,2778.5314068494213,1155.0,1.0,-17.3,48.1,9.1,81.0,155.5,104500.0,101300.0,66536.044004,0.4506915094402328,7.473995442074747,14.276180177304058,20.29423300842035,-13.8,-3.3,-10.8,995.5,1146.1,1153.5
Adair,2011,10.812741887494767,10.000109496542644,1476326.293195935,278.1684903171847,12,0.9085561971269992,0.7205458937803576,147631.01281104452,3.887119592576937,True,1476.326293195935,819.7,1.0,36.9,107.5,9.1,83.3,163.0,109300.0,101900.0,66536.044004,0.4506915094402328,20.332548818294992,7.473995442074747,14.276180177304058,-17.3,-13.8,-3.3,1155.0,995.5,1146.1
Adair,2012,4.2123025694479255,3.878202199153067,572542.9185469876,115.56440321349085,12,0.8550851887514493,0.7205458937803576,147631.01281104452,3.644982756209298,True,572.5429185469876,811.4,1.0,47.3,105.7,9.6,53.9,121.9,104500.0,105200.0,66536.044004,0.4506915094402328,10.812741887494767,20.332548818294992,7.473995442074747,36.9,-17.3,-13.8,819.7,1155.0,995.5
Adair,2013,11.478463624569308,10.598561289823548,1564676.337556581,186.53223546399184,12,0.8401888140918569,0.7205458937803576,147631.01281104452,6.15360856852279,True,1564.676337556581,826.0,1.0,50.3,120.1,11.5,48.1,129.4,109900.0,103500.0,66536.044004,0.4506915094402328,4.2123025694479255,10.812741887494767,20.332548818294992,47.3,36.9,-17.3,811.4,819.7,1155.0
Adair,2014,14.59769230450072,13.484365998953509,1990710.6095403188,399.26408218451553,12,0.9085561971269992,0.7205458937803576,147631.01281104452,3.6561496402660523,True,1990.7106095403187,1425.3999999999999,1.0,29.5,101.2,13.8,84.5,170.0,104300.0,102700.0,66536.044004,0.4506915094402328,11.478463624569308,4.2123025694479255,10.812741887494767,50.3,47.3,36.9,826.0,811.4,819.7
Adair,2015,16.123812726153908,14.924975693821278,2203389.2778590573,460.1837554272041,12,0.9256480428857848,0.9256480428857848,147631.01281104452,3.503777031674147,True,2203.389277859057,1331.1,1.0,0.0,70.5,15.9,97.2,183.6,107400.0,106100.0,66536.044004,0.4506915094402328,14.59769230450072,11.478463624569308,4.2123025694479255,29.5,50.3,47.3,1425.3999999999999,826.0,811.4
Adair,2016,9.645393602202859,8.928239710742147,1318085.07111665,297.9000629003632,12,0.9256480428857848,0.9256480428857848,147631.01281104452,3.2377950874850585,True,1318.08507111665,961.2,1.0,3.6,74.7,18.1,107.1,196.3,113800.0,106700.0,66536.044004,0.4506915094402328,16.123812726153908,14.59769230450072,11.478463624569308,0.0,29.5,50.3,1331.1,1425.3999999999999,826.0
Adair,2017,7.2972339367094765,6.449008878378445,952073.7123424279,237.72513532368149,12,0.7984361546636745,0.014411831536741759,147631.01281104452,3.0696097519405,True,952.0737123424279,939.8,1.0,10.5,75.9,21.2,88.1,174.7,104100.0,109900.0,66536.044004,0.4506915094402328,9.645393602202859,16.123812726153908,14.59769230450072,3.6,0.0,29.5,961.2,1331.1,1425.3999999999999
Adair,2018,8.625849470775169,7.747050139507592,1143704.8583934496,326.6370068230675,12,0.8423315871787813,0.33605487261259626,147631.01281104452,2.6408059376589903,True,1143.7048583934495,1033.6,1.0,10.4,69.1,19.7,85.4,163.8,103100.0,105700.0,66536.044004,0.4506915094402328,7.2972339367094765,9.645393602202859,16.123812726153908,10.5,3.6,0.0,939.8,961.2,1331.1
Adair,2019,8.91995718151781,8.191197712364632,1209274.8144119019,441.0362613688925,12,0.8914643513682137,0.7205458937803576,147631.01281104452,2.0224997268551035,True,1209.2748144119018,1032.1,1.0,0.4,69.8,18.6,90.8,178.8,106300.0,100900.0,66536.044004,0.4506915094402328,8.625849470775169,7.2972339367094765,9.645393602202859,10.4,10.5,3.6,1033.6,939.8,961.2
Adams,2004,8.854371665186573,2.509040923029486,276412.2890536203,141.61069673411623,12,0.28336747291673764,0.28336747291673764,110166.51283625634,6.252614999706739,True,276.4122890536203,981.0999999999999,1.0,-11.7,58.3,15.5,85.7,171.2,63500.0,61800.0,48492.309322,0.4401728626381731,2.4043079674828767,1.1306557857802206,11.041238487932578,-12.2,-10.9,-4.8,685.0,668.1999999999999,860.1
Adams,2005,3.9986564247257426,1.1330891661368108,124828.48216583396,95.71811977803216,12,0.28336747291673764,0.28336747291673764,110166.51283625634,4.177533401197729,True,124.82848216583396,744.6,1.0,-3.4,61.7,16.5,83.1,164.7,64500.0,60700.0,48492.309322,0.4401728626381731,8.854371665186573,2.4043079674828767,1.1306557857802206,-11.7,-12.2,-10.9,981.0999999999999,685.0,668.1999999999999
Adams,2006,1.6652293508850504,0.471871832987076,51984.47434583853,45.35394187169968,12,0.28336747291673764,0.28336747291673764,110166.51283625634,3.6716309148954784,True,51.98447434583853,852.0,1.0,-3.0,59.4,17.4,70.3,150.1,63800.0,60800.0,48492.309322,0.4401728626381731,3.9986564247257426,8.854371665186573,2.4043079674828767,-3.4,-11.7,-12.2,744.6,981.0999999999999,685.0
Adams,2010,22.9462413707159,6.502218430157262,716326.7301500627,541.8954072196734,12,0.28336747291673764,0.28336747291673764,110166.51283625634,4.2344410129709695,True,716.3267301500628,1051.3,1.0,-14.4,45.1,16.7,76.2,152.4,69000.0,64200.0,48492.309322,0.4401728626381731,7.163553565157145,16.74867261879423,28.30566864213932,-10.2,-3.0,-4.7,852.1,1144.5,1165.5
Adams,2011,9.712411057105202,2.7521813771804817,303198.2250168591,229.00780321660562,12,0.28336747291673764,0.28336747291673764,110166.51283625634,4.24108302017935,True,303.1982250168591,752.1,1.0,39.8,104.5,16.3,74.7,155.7,71000.0,66800.0,48492.309322,0.4401728626381731,22.9462413707159,7.163553565157145,16.74867261879423,-14.4,-10.2,-3.0,1051.3,852.1,1144.5
Adams,2012,6.719398035310547,1.9040588407876418,209763.52272461908,145.9497773379419,12,0.28336747291673764,0.28336747291673764,110166.51283625634,4.603911124682296,True,209.76352272461907,758.5,1.0,52.4,105.1,15.8,58.9,127.4,71500.0,67800.0,48492.309322,0.4401728626381731,9.712411057105202,22.9462413707159,7.163553565157145,39.8,-14.4,-10.2,752.1,1051.3,852.1
Adams,2013,16.355834622027768,4.634711524288096,510590.00663282955,170.80496624104558,12,0.28336747291673764,0.28336747291673764,110166.51283625634,9.575737159156061,True,510.59000663282956,795.6,1.0,43.7,110.0,15.1,67.8,149.2,71100.0,69800.0,48492.309322,0.4401728626381731,6.719398035310547,9.712411057105202,22.9462413707159,52.4,39.8,-14.4,758.5,752.1,1051.3
Adams,2014,22.47949999988231,6.369959107398454,701756.1817716397,482.02273949919794,12,0.28336747291673764,0.28336747291673764,110166.51283625634,4.663576665125301,True,701.7561817716397,1267.3999999999999,1.0,42.6,115.6,14.8,76.4,164.2,73900.0,69700.0,48492.309322,0.4401728626381731,16.355834622027768,6.719398035310547,9.712411057105202,43.7,52.4,39.8,795.6,758.5,752.1
Adams,2015,24.924258160552654,7.062724049280181,778075.6796339614,519.9812030673028,12,0.28336747291673764,0.28336747291673764,110166.51283625634,4.793299837287893,True,778.0756796339614,1301.6,1.0,-15.2,56.6,15.2,82.1,169.1,72400.0,66500.0,48492.309322,0.4401728626381731,22.47949999988231,16.355834622027768,6.719398035310547,42.6,43.7,52.4,1267.3999999999999,795.6,758.5
Adams,2016,15.116729180591067,4.283589346670796,471908.1007452592,356.88138381588016,12,0.28336747291673764,0.28336747291673764,110166.51283625634,4.235785296212029,True,471.9081007452592,1046.7,1.0,-15.1,60.0,15.1,100.2,190.4,70800.0,69200.0,48492.309322,0.4401728626381731,24.924258160552654,22.47949999988231,16.355834622027768,-15.2,42.6,43.7,1301.6,1267.3999999999999,795.6
Adams,2019,11.908523783512132,3.3744882907027,371755.60759349563,488.61082302613096,12,0.28336747291673764,0.28336747291673764,110166.51283625634,2.437220630881372,True,371.75560759349565,1019.4,1.0,-12.6,56.0,15.9,94.6,179.1,68950.0,66900.0,48492.309322,0.4401728626381731,9.601968104529877,10.160942781103842,15.116729180591067,-13.4,-11.4,-15.1,1026.3999999999999,935.1,1046.7
Allamakee,2001,20.142788085019276,20.142788085019234,3438368.4852886875,270.4927637063071,12,0.9999999999999983,0.9999999999999983,170699.72988723937,7.446701275487618,True,3438.3684852886877,855.34,5.0,16.5,38.4,71.9,39.8,133.6,60900.0,31700.0,7489.928488,0.043877799296739885,15.032746689175147,,,10.0,,,995.1599999999999,,
Allamakee,2002,10.587185783768701,10.587185783768682,1807229.753555335,185.5826586746031,12,0.9999999999999983,0.9999999999999983,170699.72988723937,5.704835710071413,True,1807.229753555335,793.1,5.0,-0.6,31.0,67.6,48.8,148.0,63000.0,26800.0,7489.928488,0.043877799296739885,20.142788085019276,15.032746689175147,,16.5,10.0,,855.34,995.1599999999999,
Allamakee,2003,6.183314507945038,6.183314507945028,1055490.1163140647,132.200368463028,12,0.9999999999999983,0.9999999999999983,170699.72988723937,4.677229405509791,True,1055.4901163140646,650.5433333333333,5.75,9.8,32.1,72.0,21.1,115.4,62000.0,28800.0,7489.928488,0.043877799296739885,10.587185783768701,20.142788085019276,15.032746689175147,-0.6,16.5,10.0,793.1,855.34,995.1599999999999
Allamakee,2004,14.077400272508898,14.077400272508871,2403008.424031815,240.91599002637173,12,0.9999999999999983,0.9999999999999983,170699.72988723937,5.843281830719465,True,2403.008424031815,1054.0166666666667,5.5,6.8,38.4,69.9,39.5,141.0,63000.0,29900.0,7489.928488,0.043877799296739885,6.183314507945038,10.587185783768701,20.142788085019276,9.8,-0.6,16.5,650.5433333333333,793.1,855.34
Allamakee,2005,8.900214601970438,8.900214601970422,1519264.228494815,184.39675429695063,12,0.9999999999999983,0.9999999999999983,170699.72988723937,4.826665542950731,True,1519.2642284948151,800.36,5.0,2.5,37.0,72.4,58.4,165.3,65000.0,27800.0,7489.928488,0.043877799296739885,14.077400272508898,6.183314507945038,10.587185783768701,6.8,9.8,-0.6,1054.0166666666667,650.5433333333333,793.1
Allamakee,2006,12.965098622469746,12.965098622469728,2213138.8328170017,185.06680920867157,12,0.9999999999999983,0.9999999999999983,170699.72988723937,7.00563146785061,True,2213.138832817002,885.38,5.0,10.5,33.6,77.5,51.4,152.0,62100.0,30700.0,7489.928488,0.043877799296739885,8.900214601970438,14.077400272508898,6.183314507945038,2.5,6.8,9.8,800.36,1054.0166666666667,650.5433333333333
Allamakee,2007,33.94905187876803,33.94905187876798,5795093.985633572,441.54392138341365,12,0.9999999999999983,0.9999999999999983,170699.72988723937,7.688714584134984,True,5795.093985633572,1263.02,5.0,-9.2,25.9,71.5,38.4,145.0,71200.0,23900.0,7489.928488,0.043877799296739885,12.965098622469746,8.900214601970438,14.077400272508898,10.5,2.5,6.8,885.38,800.36,1054.0166666666667
Allamakee,2010,21.17190342526943,21.171903425269388,3614038.195892203,332.75390532891237,12,0.9999999999999983,0.9999999999999983,170699.72988723937,6.362631087482489,True,3614.038195892203,1024.9,5.0,-12.4,27.7,67.1,50.4,157.6,79500.0,32400.0,7489.928488,0.043877799296739885,9.756468852212688,30.458148863082386,33.94905187876803,-17.3,-4.1,-9.2,923.78,1105.54,1263.02
Allamakee,2011,24.879214976374588,24.879214976374545,4246875.276273695,327.3587033263607,12,0.9999999999999983,0.9999999999999983,170699.72988723937,7.5999858025986935,True,4246.875276273695,828.54,5.0,6.4,46.7,67.8,44.7,152.8,86900.0,29700.0,7489.928488,0.043877799296739885,21.17190342526943,9.756468852212688,30.458148863082386,-12.4,-17.3,-4.1,1024.9,923.78,1105.54
Allamakee,2012,7.891772226747312,7.738446397489731,1320950.7097983775,145.5030495414696,12,0.9744478562893956,0.6933742754727654,170699.72988723937,5.423784760262423,True,1320.9507097983774,809.28,5.0,6.0,34.5,70.8,44.1,143.4,83300.0,30400.0,7489.928488,0.043877799296739885,24.879214976374588,21.17190342526943,9.756468852212688,6.4,-12.4,-17.3,828.54,1024.9,923.78
Allamakee,2013,26.293324473759668,26.293324473759625,4488263.385508308,409.1303511211243,12,0.9999999999999983,0.9999999999999983,170699.72988723937,6.42663747671349,True,4488.263385508309,1127.395,4.5,6.3,33.8,74.5,46.3,148.3,78100.0,31500.0,7489.928488,0.043877799296739885,7.891772226747312,24.879214976374588,21.17190342526943,6.0,6.4,-12.4,809.28,828.54,1024.9
Allamakee,2014,20.788043037711244,20.7880430377112,3548513.3314216095,333.13370109991473,12,0.9999999999999983,0.9999999999999983,170699.72988723937,6.240150116627323,True,3548.5133314216096,966.4,3.0,-4.4,35.0,71.9,42.8,154.1,80400.0,30400.0,7489.928488,0.043877799296739885,26.293324473759668,7.891772226747312,24.879214976374588,6.3,6.0,6.4,1127.395,809.28,828.54
Allamakee,2015,14.926612640675026,14.926612640675,2547968.7458946747,241.04278759705852,12,0.9999999999999983,0.9999999999999983,170699.72988723937,6.192515772605169,True,2547.9687458946746,856.7,3.0,3.8,37.5,72.6,53.9,160.2,82400.0,34400.0,7489.928488,0.043877799296739885,20.788043037711244,26.293324473759668,7.891772226747312,-4.4,6.3,6.0,966.4,1127.395,809.28
Allamakee,2016,39.63615183722009,39.63615183722003,6765880.412383065,534.8452935877538,12,0.9999999999999983,0.9999999999999983,170699.72988723937,7.410769490246409,True,6765.880412383065,1407.1,3.0,-12.4,39.1,73.4,54.1,179.0,76700.0,31800.0,7489.928488,0.043877799296739885,14.926612640675026,20.788043037711244,26.293324473759668,3.8,-4.4,6.3,856.7,966.4,1127.395
Allamakee,2017,29.52634637126863,29.52634637126858,5040139.350132617,424.6310676685172,12,0.9999999999999983,0.9999999999999983,170699.72988723937,6.953411707105236,True,5040.139350132617,834.9,3.1666666666666665,-3.7,39.6,73.3,51.1,167.7,76100.0,34500.0,7489.928488,0.043877799296739885,39.63615183722009,14.926612640675026,20.788043037711244,-12.4,3.8,-4.4,1407.1,856.7,966.4
Allamakee,2018,34.66128503373609,34.661285033736036,5916671.992803353,549.058275826962,12,0.9999999999999983,0.9999999999999983,170699.72988723937,6.312860867369886,True,5916.671992803353,1383.5666666666666,3.0,-9.8,37.0,76.3,48.4,171.5,73700.0,32400.0,7489.928488,0.043877799296739885,29.52634637126863,39.63615183722009,14.926612640675026,-3.7,-12.4,3.8,834.9,1407.1,856.7
Allamakee,2019,39.71978345107404,39.71978345107397,6780156.306277967,663.6274863642374,12,0.9999999999999983,0.9999999999999983,170699.72988723937,5.985252911792975,True,6780.156306277967,1185.4666666666667,2.8333333333333335,-0.9,37.3,78.3,50.4,166.9,82600.0,31450.0,7489.928488,0.043877799296739885,34.66128503373609,29.52634637126863,39.63615183722009,-9.8,-3.7,-12.4,1383.5666666666666,834.9,1407.1
Appanoose,2001,4.300265527904455,3.9069031919983077,521824.2396116371,332.1846133716908,12,0.9085260355776601,0.9085260355776601,133564.67103673835,1.294540853128789,True,521.824239611637,1104.6,3.0,-4.5,35.1,24.4,82.0,146.0,15900.0,32700.0,4370.204114,0.032719760997261996,0.2178913855523706,,,-24.8,,,802.8333333333333,,
Appanoose,2002,1.6004661453863225,1.4621163036974947,195287.08312080766,88.88993022071371,12,0.9205254548542698,0.9085260355776601,133564.67103673835,1.8005033206937668,True,195.28708312080767,700.5,3.0,-29.3,29.4,13.6,70.2,142.5,25500.0,38900.0,4370.204114,0.032719760997261996,4.300265527904455,0.2178913855523706,,-4.5,-24.8,,1104.6,802.8333333333333,
Appanoose,2003,3.639474815485467,0.9387506214921791,125383.9179451366,68.27271976666951,12,0.7111649412600455,0.11908165830720167,133564.67103673835,5.33078926388728,True,125.3839179451366,892.9333333333333,3.0,-33.7,31.3,13.3,37.2,115.5,30000.0,35800.0,4370.204114,0.032719760997261996,1.6004661453863225,4.300265527904455,0.2178913855523706,-29.3,-4.5,-24.8,700.5,1104.6,802.8333333333333
Appanoose,2004,2.6003649013967585,2.3624992149212893,315546.43046551466,209.680327868629,12,0.9085260355776601,0.9085260355776601,133564.67103673835,1.2401568272184145,True,315.5464304655147,990.7,3.0,-32.7,36.5,13.2,97.2,179.6,31000.0,35300.0,4370.204114,0.032719760997261996,3.639474815485467,1.6004661453863225,4.300265527904455,-33.7,-29.3,-4.5,892.9333333333333,700.5,1104.6
Appanoose,2005,1.3302786295973648,1.2178937263544907,162667.57491824497,91.69023329359575,12,0.9145257452159649,0.9085260355776601,133564.67103673835,1.4508400533105417,True,162.66757491824495,739.8,3.0,-28.2,36.3,13.3,77.4,155.2,30000.0,37700.0,4370.204114,0.032719760997261996,2.6003649013967585,3.639474815485467,1.6004661453863225,-32.7,-33.7,-29.3,990.7,892.9333333333333,700.5
Appanoose,2006,0.8896648245899917,0.8125311563836822,108525.45660948713,26.868479046304106,12,0.9145257452159649,0.9085260355776601,133564.67103673835,3.311184168842522,True,108.52545660948712,830.9000000000001,3.0,-28.9,35.7,13.7,77.7,156.0,26400.0,39700.0,4370.204114,0.032719760997261996,1.3302786295973648,2.6003649013967585,3.639474815485467,-28.2,-32.7,-33.7,739.8,990.7,892.9333333333333
Appanoose,2007,4.894416098769663,4.446704454682679,593922.617687291,349.77044387974234,12,0.9085260355776601,0.9085260355776601,133564.67103673835,1.3993223796955399,True,593.922617687291,1199.1,3.0,-45.3,27.6,10.4,68.7,152.0,36200.0,32300.0,4370.204114,0.032719760997261996,0.8896648245899917,1.3302786295973648,2.6003649013967585,-28.9,-28.2,-32.7,830.9000000000001,739.8,990.7
Appanoose,2010,9.322387914938918,8.469632134476544,1131243.629843548,823.3970068631205,12,0.9085260355776601,0.9085260355776601,133564.67103673835,1.1321862767578228,True,1131.243629843548,1570.5,3.0,-24.9,19.2,10.0,71.1,125.2,31500.0,37700.0,4370.204114,0.032719760997261996,5.466322059224223,7.481418364246432,4.894416098769663,-38.4,-25.0,-45.3,1098.9333333333334,1470.4666666666667,1199.1
Appanoose,2011,5.217984221634884,4.740674518588723,633186.6325675509,304.92244862555594,12,0.9085260355776601,0.9085260355776601,133564.67103673835,1.7112496128622385,True,633.1866325675509,1016.4666666666667,3.0,24.4,84.8,8.7,75.4,144.5,33100.0,44900.0,4370.204114,0.032719760997261996,9.322387914938918,5.466322059224223,7.481418364246432,-24.9,-38.4,-25.0,1570.5,1098.9333333333334,1470.4666666666667
Appanoose,2012,0.9306373792310499,0.8455082887131694,112930.03644081006,50.57339398880716,12,0.9085260355776601,0.9085260355776601,133564.67103673835,1.8401718884776004,True,112.93003644081006,652.1,3.0,48.7,99.5,7.7,20.0,78.5,29800.0,49600.0,4370.204114,0.032719760997261996,5.217984221634884,9.322387914938918,5.466322059224223,24.4,-24.9,-38.4,1016.4666666666667,1570.5,1098.9333333333334
Appanoose,2013,4.7002875639700035,4.093141904016934,546699.1519167104,307.02030884671126,12,0.84873871377676,0.11908165830720167,133564.67103673835,1.530937018995951,True,546.6991519167104,1013.0,3.0,30.5,96.0,7.7,35.0,108.2,31100.0,45200.0,4370.204114,0.032719760997261996,0.9306373792310499,5.217984221634884,9.322387914938918,48.7,24.4,-24.9,652.1,1016.4666666666667,1570.5
Appanoose,2014,4.43168649525653,4.02630256245847,537771.7772491423,345.0760337347806,12,0.9085260355776601,0.9085260355776601,133564.67103673835,1.28426377436071,True,537.7717772491422,1016.9,3.0,37.7,112.4,7.2,87.9,169.8,32600.0,45200.0,4370.204114,0.032719760997261996,4.7002875639700035,0.9306373792310499,5.217984221634884,30.5,48.7,24.4,1013.0,652.1,1016.4666666666667
Appanoose,2015,5.353711690692691,4.863986457970802,649656.7511860203,463.46516711651924,12,0.9085260355776601,0.9085260355776601,133564.67103673835,1.1551486650013378,True,649.6567511860203,1369.2666666666667,3.0,-38.4,33.8,8.3,81.5,162.0,33400.0,35100.0,4370.204114,0.032719760997261996,4.43168649525653,4.7002875639700035,0.9306373792310499,37.7,30.5,48.7,1016.9,1013.0,652.1
Appanoose,2016,4.2325833778276145,3.8454121965096233,513611.21502746927,159.3820031063328,12,0.9085260355776601,0.9085260355776601,133564.67103673835,2.6556218991700193,True,513.6112150274693,686.6999999999999,3.0,-35.4,34.9,7.9,121.1,199.3,30600.0,45400.0,4370.204114,0.032719760997261996,5.353711690692691,4.43168649525653,4.7002875639700035,-38.4,37.7,30.5,1369.2666666666667,1016.9,1013.0
Appanoose,2017,5.537404426820172,1.3459697896281697,179774.0121770744,136.8239665616962,12,0.7111649412600455,0.11908165830720167,133564.67103673835,4.047101225005974,True,179.77401217707438,812.7666666666667,3.0,-33.2,35.2,8.1,106.8,183.3,28000.0,46000.0,4370.204114,0.032719760997261996,4.2325833778276145,5.353711690692691,4.43168649525653,-35.4,-38.4,37.7,686.6999999999999,1369.2666666666667,1016.9
Appanoose,2018,6.830238248440268,2.320528156292923,309940.57982675324,286.7237562158911,12,0.5795908783816358,0.11908165830720167,133564.67103673835,2.3821668419052733,True,309.94057982675326,941.3,2.0,-37.5,33.3,7.9,88.9,167.6,28600.0,46700.0,4370.204114,0.032719760997261996,5.537404426820172,4.2325833778276145,5.353711690692691,-33.2,-35.4,-38.4,812.7666666666667,686.6999999999999,1369.2666666666667
Appanoose,2019,5.056299915909282,4.638847718231041,619586.1694750533,463.1703485324481,12,0.9145257452159649,0.9085260355776601,133564.67103673835,1.0916717643800238,True,619.5861694750533,1408.05,2.0,-38.8,33.6,7.8,78.5,158.7,29200.0,46650.0,4370.204114,0.032719760997261996,6.830238248440268,5.537404426820172,4.2325833778276145,-37.5,-33.2,-35.4,941.3,812.7666666666667,686.6999999999999
Audubon,2001,9.445984032222146,9.069760305344051,1041510.695805134,165.7070204510765,12,0.8715641263905028,0.22938475834302377,114833.32091934767,5.700412696160322,True,1041.510695805134,889.1,1.0,24.6,59.9,40.2,58.0,133.5,101300.0,100400.0,47162.106439999996,0.4107005358934447,1.3687811542822066,,,30.0,,,519.1,,
Audubon,2002,1.7746119707169852,1.7746119707169825,203784.58594065928,57.041048316797955,12,0.9999999999999988,0.9999999999999988,114833.32091934767,3.111113878659873,True,203.78458594065927,646.6,1.0,29.0,63.4,46.1,77.3,157.8,101000.0,96800.0,47162.106439999996,0.4107005358934447,9.445984032222146,1.3687811542822066,,24.6,30.0,,889.1,519.1,
Audubon,2003,6.186979820758441,6.109499495582984,701574.1162328734,96.19418396222541,12,0.9357820631952509,0.22938475834302377,114833.32091934767,6.431760804985894,True,701.5741162328734,764.9,1.0,33.0,68.7,47.9,33.5,117.1,101500.0,100500.0,47162.106439999996,0.4107005358934447,1.7746119707169852,9.445984032222146,1.3687811542822066,29.0,24.6,30.0,646.6,889.1,519.1
Audubon,2004,16.43587994928201,16.43587994928199,1887386.6768077703,201.56845837769686,12,0.9999999999999988,0.9999999999999988,114833.32091934767,8.153993973841201,True,1887.3866768077703,959.4,1.0,34.0,73.3,50.3,86.3,175.9,106500.0,98100.0,47162.106439999996,0.4107005358934447,6.186979820758441,1.7746119707169852,9.445984032222146,33.0,29.0,24.6,764.9,646.6,889.1
Audubon,2005,9.548821834070656,9.548821834070644,1096522.9220735084,143.04168117833322,12,0.9999999999999988,0.9999999999999988,114833.32091934767,6.675552017712886,True,1096.5229220735084,811.0,1.0,48.6,80.0,53.1,95.9,180.4,107000.0,99100.0,47162.106439999996,0.4107005358934447,16.43587994928201,6.186979820758441,1.7746119707169852,34.0,33.0,29.0,959.4,764.9,646.6
Audubon,2006,4.796614838311394,4.796614838311388,550811.2110543165,102.78520987924706,12,0.9999999999999988,0.9999999999999988,114833.32091934767,4.666639143848125,True,550.8112110543165,849.5,1.0,41.5,72.1,56.7,85.2,172.5,107300.0,99700.0,47162.106439999996,0.4107005358934447,9.548821834070656,16.43587994928201,6.186979820758441,48.6,34.0,33.0,811.0,959.4,764.9
Audubon,2007,37.09453353113944,37.09453353113939,4259688.473334834,462.114020004683,12,0.9999999999999988,0.9999999999999988,114833.32091934767,8.027138741811713,True,4259.688473334834,1055.6,1.0,74.6,95.9,63.5,82.2,167.0,115300.0,89900.0,47162.106439999996,0.4107005358934447,4.796614838311394,9.548821834070656,16.43587994928201,41.5,48.6,34.0,849.5,811.0,959.4
Audubon,2010,31.80541205022606,31.80541205022602,3652321.088935692,549.0604304555802,12,0.9999999999999988,0.9999999999999988,114833.32091934767,5.792697904643333,True,3652.321088935692,1242.6000000000001,1.0,44.5,68.2,57.8,92.8,174.3,111000.0,96900.0,47162.106439999996,0.4107005358934447,12.753997499424955,21.54857760435773,37.09453353113944,48.2,57.2,74.6,827.2,971.7,1055.6
Audubon,2011,12.532963648049199,12.532963648049185,1439201.83666695,226.62838464261424,12,0.9999999999999988,0.9999999999999988,114833.32091934767,5.530182667900706,True,1439.20183666695,783.7,1.0,67.3,100.4,56.1,89.4,178.6,116200.0,94900.0,47162.106439999996,0.4107005358934447,31.80541205022606,12.753997499424955,21.54857760435773,44.5,48.2,57.2,1242.6000000000001,827.2,971.7
Audubon,2012,5.298408629619982,4.683448909544843,537815.9916391319,116.86940231683401,12,0.8715641263905028,0.22938475834302377,114833.32091934767,4.533614893704982,True,537.8159916391319,713.7,1.0,87.4,105.0,55.1,48.1,120.8,118000.0,92200.0,47162.106439999996,0.4107005358934447,12.532963648049199,31.80541205022606,12.753997499424955,67.3,44.5,48.2,783.7,1242.6000000000001,827.2
Audubon,2013,19.255282836555363,19.255282836555338,2211148.073362966,193.39745225261237,12,0.9999999999999988,0.9999999999999988,114833.32091934767,9.956327041684318,True,2211.148073362966,788.4,1.0,66.7,98.4,55.2,63.8,150.7,116500.0,93300.0,47162.106439999996,0.4107005358934447,5.298408629619982,12.532963648049199,31.80541205022606,87.4,67.3,44.5,713.7,783.7,1242.6000000000001
Audubon,2014,20.974743315021417,20.974743315021392,2408599.4302947936,340.516016799109,12,0.9999999999999988,0.9999999999999988,114833.32091934767,6.159693606246924,True,2408.5994302947934,1178.4,1.0,45.8,81.4,56.4,91.7,183.7,112800.0,96800.0,47162.106439999996,0.4107005358934447,19.255282836555363,5.298408629619982,12.532963648049199,66.7,87.4,67.3,788.4,713.7,783.7
Audubon,2015,33.7224020319685,33.722402031968464,3872455.4147082963,449.6659911044276,12,0.9999999999999988,0.9999999999999988,114833.32091934767,7.4994335126707465,True,3872.4554147082963,1339.8,1.0,43.2,76.3,57.6,101.7,192.4,108100.0,99200.0,47162.106439999996,0.4107005358934447,20.974743315021417,19.255282836555363,5.298408629619982,45.8,66.7,87.4,1178.4,788.4,713.7
Audubon,2016,31.262483066732027,31.26248306673199,3589974.750737707,444.1122369056366,12,0.9999999999999988,0.9999999999999988,114833.32091934767,7.039320349413063,True,3589.974750737707,1020.1999999999999,1.0,42.6,81.2,59.9,105.3,203.8,112000.0,91000.0,47162.106439999996,0.4107005358934447,33.7224020319685,20.974743315021417,19.255282836555363,43.2,45.8,66.7,1339.8,1178.4,788.4
Audubon,2017,15.722064940264003,15.722064940263985,1805416.9288001587,282.16787564902876,12,0.9999999999999988,0.9999999999999988,114833.32091934767,5.571883370529291,True,1805.4169288001588,997.9,1.0,46.1,82.7,62.1,100.6,199.3,105100.0,96300.0,47162.106439999996,0.4107005358934447,31.262483066732027,33.7224020319685,20.974743315021417,42.6,43.2,45.8,1020.1999999999999,1339.8,1178.4
Audubon,2018,20.943888006737883,20.943888006737858,2405056.212776605,358.48253598455193,12,0.9999999999999988,0.9999999999999988,114833.32091934767,5.842373310938756,True,2405.056212776605,1051.1,1.0,44.5,74.6,61.7,83.1,174.9,109500.0,90800.0,47162.106439999996,0.4107005358934447,15.722064940264003,31.262483066732027,33.7224020319685,46.1,42.6,43.2,997.9,1020.1999999999999,1339.8
Audubon,2019,18.41290986111999,18.41290986111997,2114415.587141011,395.9045457930858,12,0.9999999999999988,0.9999999999999988,114833.32091934767,4.650845780069232,True,2114.4155871410107,1021.3,1.0,35.9,75.4,62.0,101.9,203.4,107500.0,93200.0,47162.106439999996,0.4107005358934447,20.943888006737883,15.722064940264003,31.262483066732027,44.5,46.1,42.6,1051.1,997.9,1020.1999999999999
Benton,2001,31.2607369331915,31.260736933191502,5813947.8276424585,293.0799414705925,12,1.0000000000000002,1.0000000000000002,185982.43029483486,10.666283327454597,True,5813.947827642459,901.1333333333333,3.0,-11.5,56.1,13.9,86.3,167.8,171200.0,168100.0,125504.864494,0.6748210801151443,12.044820018065286,,,-0.7,,,774.8666666666667,,
Benton,2002,9.119227734647568,9.119227734647572,1696016.1365018166,114.28904982323166,12,1.0000000000000002,1.0000000000000002,185982.43029483486,7.979091390428107,True,1696.0161365018166,803.6999999999999,3.0,-16.1,58.6,14.8,83.9,173.4,171000.0,163700.0,125504.864494,0.6748210801151443,31.2607369331915,12.044820018065286,,-11.5,-0.7,,901.1333333333333,774.8666666666667,
Benton,2003,14.452067561914417,14.45206756191442,2687830.647949993,155.6926072727256,12,1.0000000000000002,1.0000000000000002,185982.43029483486,9.282436600601617,True,2687.8306479499934,823.9333333333334,3.0,-12.2,69.5,14.7,29.5,125.9,173500.0,164400.0,125504.864494,0.6748210801151443,9.119227734647568,31.2607369331915,12.044820018065286,-16.1,-11.5,-0.7,803.6999999999999,901.1333333333333,774.8666666666667
Benton,2004,21.941187534667087,21.94118753466709,4080675.381252121,263.60342630847185,12,1.0000000000000002,1.0000000000000002,185982.43029483486,8.323559311020203,True,4080.675381252121,906.6333333333333,3.0,-8.6,66.4,13.3,80.7,169.0,179000.0,160300.0,125504.864494,0.6748210801151443,14.452067561914417,9.119227734647568,31.2607369331915,-12.2,-16.1,-11.5,823.9333333333334,803.6999999999999,901.1333333333333
Benton,2005,17.450499141672267,17.45049914167227,3245486.2402261384,195.6485986727397,12,1.0000000000000002,1.0000000000000002,185982.43029483486,8.9193069922579,True,3245.4862402261383,686.5,3.0,2.1,75.5,12.9,88.7,175.0,180500.0,159100.0,125504.864494,0.6748210801151443,21.941187534667087,14.452067561914417,9.119227734647568,-8.6,-12.2,-16.1,906.6333333333333,823.9333333333334,803.6999999999999
Benton,2006,18.17799611851144,18.177996118511448,3380787.896010834,178.9981274171052,12,1.0000000000000002,1.0000000000000002,185982.43029483486,10.155411333523448,True,3380.7878960108337,805.7666666666667,3.0,-4.2,69.6,13.0,87.0,173.8,179900.0,160100.0,125504.864494,0.6748210801151443,17.450499141672267,21.941187534667087,14.452067561914417,2.1,-8.6,-12.2,686.5,906.6333333333333,823.9333333333334
Benton,2007,42.94691335798994,42.94691335798994,7987371.319980676,470.3362120476058,12,1.0000000000000002,1.0000000000000002,185982.43029483486,9.131109248641694,True,7987.371319980676,1148.8666666666668,3.0,8.4,87.6,16.3,79.5,175.0,201800.0,140400.0,125504.864494,0.6748210801151443,18.17799611851144,17.450499141672267,21.941187534667087,-4.2,2.1,-8.6,805.7666666666667,686.5,906.6333333333333
Benton,2008,50.63494185910085,50.404492636397244,9374350.038295267,619.3660460835504,12,0.9742972904547899,0.845783742728738,185982.43029483486,8.175285387257144,True,9374.350038295268,1255.4666666666667,3.0,7.6,85.6,15.6,78.2,171.8,187500.0,153800.0,125504.864494,0.6748210801151443,42.94691335798994,18.17799611851144,17.450499141672267,8.4,-4.2,2.1,1148.8666666666668,805.7666666666667,686.5
Benton,2009,28.887914411346767,28.121071565144813,5230025.232180608,417.575970688512,12,0.9614459356821846,0.845783742728738,185982.43029483486,6.918002097610045,True,5230.025232180608,1169.6,3.0,-1.8,77.7,15.7,81.9,177.1,192500.0,151800.0,125504.864494,0.6748210801151443,50.63494185910085,42.94691335798994,18.17799611851144,7.6,8.4,-4.2,1255.4666666666667,1148.8666666666668,805.7666666666667
Benton,2010,36.68174186040462,36.68174186040462,6822159.498645829,508.6476331321424,12,1.0000000000000002,1.0000000000000002,185982.43029483486,7.211621458754535,True,6822.159498645829,1016.8000000000001,3.0,-4.8,72.1,16.1,80.9,173.9,193500.0,151100.0,125504.864494,0.6748210801151443,28.887914411346767,50.63494185910085,42.94691335798994,-1.8,7.6,8.4,1169.6,1255.4666666666667,1148.8666666666668
Benton,2011,20.411074591157718,20.411074591157725,3796101.2573926663,282.9742302101239,12,1.0000000000000002,1.0000000000000002,185982.43029483486,7.213050664013248,True,3796.1012573926664,796.9666666666667,3.0,25.9,93.5,16.3,85.8,169.7,205500.0,142300.0,125504.864494,0.6748210801151443,36.68174186040462,28.887914411346767,50.63494185910085,-4.8,-1.8,7.6,1016.8000000000001,1169.6,1255.4666666666667
Benton,2012,5.313929411102905,5.313929411102907,988297.5062921193,91.33745704494103,12,1.0000000000000002,1.0000000000000002,185982.43029483486,5.817908208773841,True,988.2975062921192,559.0666666666666,3.0,27.6,86.9,16.2,66.7,142.2,198100.0,147600.0,125504.864494,0.6748210801151443,20.411074591157718,36.68174186040462,28.887914411346767,25.9,-4.8,-1.8,796.9666666666667,1016.8000000000001,1169.6
Benton,2013,37.956333343867094,37.956333343867094,7059211.120373276,399.8732657845625,12,1.0000000000000002,1.0000000000000002,185982.43029483486,9.492090767657526,True,7059.211120373276,898.3666666666667,3.0,6.6,78.4,17.5,67.3,156.6,189700.0,152200.0,125504.864494,0.6748210801151443,5.313929411102905,20.411074591157718,36.68174186040462,27.6,25.9,-4.8,559.0666666666666,796.9666666666667,1016.8000000000001
Benton,2014,21.72826420386275,21.728264203862754,4041075.382722659,325.38686359390914,12,1.0000000000000002,1.0000000000000002,185982.43029483486,6.677670992575829,True,4041.075382722659,969.2333333333333,3.0,-5.8,69.2,18.6,84.4,178.0,192700.0,160300.0,125504.864494,0.6748210801151443,37.956333343867094,5.313929411102905,20.411074591157718,6.6,27.6,25.9,898.3666666666667,559.0666666666666,796.9666666666667
Benton,2015,33.06079061702855,33.06079061702855,6148726.186423643,338.2457958039405,12,1.0000000000000002,1.0000000000000002,185982.43029483486,9.77419114358831,True,6148.7261864236425,1075.1,3.0,-3.0,69.8,20.0,93.7,186.5,190100.0,159900.0,125504.864494,0.6748210801151443,21.72826420386275,37.956333343867094,5.313929411102905,-5.8,6.6,27.6,969.2333333333333,898.3666666666667,559.0666666666666
Benton,2016,45.4018496367974,45.401849636797415,8443946.335332248,486.8128281779973,12,1.0000000000000002,1.0000000000000002,185982.43029483486,9.32634618662858,True,8443.946335332248,950.5333333333333,3.0,-2.1,74.4,21.1,99.2,196.8,202000.0,149000.0,125504.864494,0.6748210801151443,33.06079061702855,21.72826420386275,37.956333343867094,-3.0,-5.8,6.6,1075.1,969.2333333333333,898.3666666666667
Benton,2017,27.6314268926112,27.6314268926112,5138959.926001888,316.49343571703565,12,1.0000000000000002,1.0000000000000002,185982.43029483486,8.730489727223086,True,5138.959926001888,644.9666666666667,3.0,-4.2,75.7,23.7,96.1,199.7,190400.0,158600.0,125504.864494,0.6748210801151443,45.4018496367974,33.06079061702855,21.72826420386275,-2.1,-3.0,-5.8,950.5333333333333,1075.1,969.2333333333333
Benton,2018,39.4286351332933,39.42863513329331,7333033.385298199,561.4605936024277,12,1.0000000000000002,1.0000000000000002,185982.43029483486,7.022511567608404,True,7333.033385298199,1168.35,2.0,-12.1,68.3,22.3,103.1,205.8,184900.0,152500.0,125504.864494,0.6748210801151443,27.6314268926112,45.4018496367974,33.06079061702855,-4.2,-2.1,-3.0,644.9666666666667,950.5333333333333,1075.1
Benton,2019,31.487194020962892,31.487194020962892,5856064.867183674,493.8976572030832,12,1.0000000000000002,1.0000000000000002,185982.43029483486,6.375246685573128,True,5856.064867183674,1042.85,2.0,-8.8,69.1,20.8,93.2,191.9,186400.0,147900.0,125504.864494,0.6748210801151443,39.4286351332933,27.6314268926112,45.4018496367974,-12.1,-4.2,-2.1,1168.35,644.9666666666667,950.5333333333333
Black Hawk,2001,31.781044767747794,31.7509185057006,4706316.265384172,295.57578671993014,12,0.9992662403153258,0.9990216537537673,148226.1454747898,10.752249066281468,True,4706.316265384172,801.38,5.0,-6.1,58.7,21.6,70.9,157.3,132600.0,118700.0,80945.29372,0.5460932243817075,13.756868129036949,,,0.9,,,839.7800000000001,,
Black Hawk,2002,8.500356853627814,8.500356853627826,1259975.1315734647,115.34591460680653,12,1.0000000000000013,1.0000000000000013,148226.1454747898,7.369447702247626,True,1259.9751315734648,737.94,5.0,-10.3,57.7,22.0,82.9,172.9,133000.0,115400.0,80945.29372,0.5460932243817075,31.781044767747794,13.756868129036949,,-6.1,0.9,,801.38,839.7800000000001,
Black Hawk,2003,13.434005603158594,13.434005603158614,1991270.86884293,152.0885786621313,12,1.0000000000000013,1.0000000000000013,148226.1454747898,8.8330141035788,True,1991.27086884293,686.1,5.0,-7.9,64.2,21.6,15.8,109.5,136500.0,113500.0,80945.29372,0.5460932243817075,8.500356853627814,31.781044767747794,13.756868129036949,-10.3,-6.1,0.9,737.94,801.38,839.7800000000001
Black Hawk,2004,22.82874178744227,22.828741787442304,3383816.401191836,274.8255511231412,12,1.0000000000000013,1.0000000000000013,148226.1454747898,8.306630040091644,True,3383.816401191836,793.5,5.0,-6.3,65.4,20.8,77.8,170.3,138000.0,111500.0,80945.29372,0.5460932243817075,13.434005603158594,8.500356853627814,31.781044767747794,-7.9,-10.3,-6.1,686.1,737.94,801.38
Black Hawk,2005,16.93510787722833,16.93510787722835,2510225.7638413087,199.87520674445176,12,1.0000000000000013,1.0000000000000013,148226.1454747898,8.472840705491064,True,2510.2257638413084,810.78,5.0,0.5,73.6,20.3,83.4,176.8,144000.0,107800.0,80945.29372,0.5460932243817075,22.82874178744227,13.434005603158594,8.500356853627814,-6.3,-7.9,-10.3,793.5,686.1,737.94
Black Hawk,2006,19.417410380211805,19.417410380211834,2878167.8957609725,190.6864283987733,12,1.0000000000000013,1.0000000000000013,148226.1454747898,10.182901081772382,True,2878.1678957609724,862.52,5.0,-6.3,67.7,20.4,83.7,178.1,139400.0,109700.0,80945.29372,0.5460932243817075,16.93510787722833,22.82874178744227,13.434005603158594,0.5,-6.3,-7.9,810.78,793.5,686.1
Black Hawk,2007,42.153821101300686,42.153821101300736,6248298.418879669,471.08117232402793,12,1.0000000000000013,1.0000000000000013,148226.1454747898,8.948313704268708,True,6248.298418879669,1046.42,5.0,-1.7,75.9,20.8,67.5,165.9,158500.0,90400.0,80945.29372,0.5460932243817075,19.417410380211805,16.93510787722833,22.82874178744227,-6.3,0.5,-6.3,862.52,810.78,793.5
Black Hawk,2008,49.378808840223016,49.29114675924744,7306236.690155426,599.080450553641,12,0.9873412729812161,0.953829982337278,148226.1454747898,8.242433682252447,True,7306.236690155426,1162.68,4.166666666666667,15.9,83.7,21.5,73.0,162.3,139000.0,105500.0,80945.29372,0.5460932243817075,42.153821101300686,19.417410380211805,16.93510787722833,-1.7,-6.3,0.5,1046.42,862.52,810.78
Black Hawk,2009,27.554606365060607,26.73728986402933,3963165.416987234,392.34023709239256,12,0.9589083042179499,0.8356332168717958,148226.1454747898,7.023140570354437,True,3963.1654169872336,1019.7,4.0,-6.9,66.8,22.6,62.2,158.5,148500.0,97400.0,80945.29372,0.5460932243817075,49.378808840223016,42.153821101300686,19.417410380211805,15.9,-1.7,-6.3,1162.68,1046.42,862.52
Black Hawk,2010,37.580914493465876,37.580914493465926,5570474.098784116,496.21890793411666,12,1.0000000000000013,1.0000000000000013,148226.1454747898,7.573454758087437,True,5570.474098784116,1106.075,4.0,2.8,70.3,24.0,75.5,167.0,144000.0,102000.0,80945.29372,0.5460932243817075,27.554606365060607,49.378808840223016,42.153821101300686,-6.9,15.9,-1.7,1019.7,1162.68,1046.42
Black Hawk,2011,22.01272271769672,22.012722717696757,3262861.03984953,298.03578784337765,12,1.0000000000000013,1.0000000000000013,148226.1454747898,7.385932701902478,True,3262.86103984953,800.4749999999999,4.0,16.3,91.1,25.6,75.4,175.8,155800.0,92400.0,80945.29372,0.5460932243817075,37.580914493465876,27.554606365060607,49.378808840223016,2.8,-6.9,15.9,1106.075,1019.7,1162.68
Black Hawk,2012,5.779880883064691,5.779457411576715,856666.6950537224,98.41704039381176,12,0.9988837773968969,0.986605328762748,148226.1454747898,5.872845657557608,True,856.6666950537224,607.02,5.0,34.7,84.7,27.3,53.5,130.8,152500.0,93500.0,80945.29372,0.5460932243817075,22.01272271769672,37.580914493465876,27.554606365060607,16.3,2.8,-6.9,800.4749999999999,1106.075,1019.7
Black Hawk,2013,41.4435861869166,41.44358618691666,6143023.035138898,408.8525209818445,12,1.0000000000000013,1.0000000000000013,148226.1454747898,10.136561243988744,True,6143.023035138897,1013.3399999999999,5.0,15.4,79.8,29.3,61.6,155.3,140800.0,94900.0,80945.29372,0.5460932243817075,5.779880883064691,22.01272271769672,37.580914493465876,34.7,16.3,2.8,607.02,800.4749999999999,1106.075
Black Hawk,2014,21.100819743221198,21.100819743221233,3127693.1768960273,329.0161096091307,12,1.0000000000000013,1.0000000000000013,148226.1454747898,6.413308992161161,True,3127.693176896027,888.9000000000001,5.0,7.4,68.4,30.9,66.0,157.9,145200.0,95700.0,80945.29372,0.5460932243817075,41.4435861869166,5.779880883064691,22.01272271769672,15.4,34.7,16.3,1013.3399999999999,607.02,800.4749999999999
Black Hawk,2015,29.684498776051484,29.684498776051527,4400018.833925233,315.6100880486931,12,1.0000000000000013,1.0000000000000013,148226.1454747898,9.405434078352934,True,4400.018833925234,1028.6599999999999,5.0,4.8,72.6,32.2,82.9,182.9,143400.0,98900.0,80945.29372,0.5460932243817075,21.100819743221198,41.4435861869166,5.779880883064691,7.4,15.4,34.7,888.9000000000001,1013.3399999999999,607.02
Black Hawk,2016,48.63727938056613,48.6372793805662,7209316.4489618,529.4226207711205,12,1.0000000000000013,1.0000000000000013,148226.1454747898,9.18685327606977,True,7209.3164489618,1109.88,5.0,3.8,77.5,34.0,87.0,194.7,152100.0,89300.0,80945.29372,0.5460932243817075,29.684498776051484,21.100819743221198,41.4435861869166,4.8,7.4,15.4,1028.6599999999999,888.9000000000001,1013.3399999999999
Black Hawk,2017,30.00111979688561,30.001119796885646,4446950.3474197695,348.06713105672384,12,1.0000000000000013,1.0000000000000013,148226.1454747898,8.61934871753127,True,4446.950347419769,765.62,5.0,9.3,79.0,36.9,88.5,195.1,142200.0,93600.0,80945.29372,0.5460932243817075,48.63727938056613,29.684498776051484,21.100819743221198,3.8,4.8,7.4,1109.88,1028.6599999999999,888.9000000000001
Black Hawk,2018,41.54860483134384,41.5486048313439,6158589.544005335,605.3027544946304,12,1.0000000000000013,1.0000000000000013,148226.1454747898,6.864103049726401,True,6158.5895440053355,1358.0,5.0,2.7,71.1,38.5,84.6,191.5,142500.0,92500.0,80945.29372,0.5460932243817075,30.00111979688561,48.63727938056613,29.684498776051484,9.3,3.8,4.8,765.62,1109.88,1028.6599999999999
Black Hawk,2019,32.106525107031814,32.106525107031864,4759026.461204895,513.2205703898936,12,1.0000000000000013,1.0000000000000013,148226.1454747898,6.255892097746684,True,4759.026461204895,1034.09,4.916666666666667,3.6,72.0,41.5,69.3,179.2,144000.0,88700.0,80945.29372,0.5460932243817075,41.54860483134384,30.00111979688561,48.63727938056613,2.7,9.3,3.8,1358.0,765.62,1109.88
Boone,2001,24.9947644454097,24.994764445409658,3710454.1392968465,249.66529936233715,12,0.9999999999999982,0.9999999999999982,148449.25413883143,10.011308944113619,True,3710.4541392968463,856.15,4.0,-20.2,54.9,9.7,58.1,142.9,137500.0,133200.0,91132.04971199999,0.6138936179953607,3.3988175144815123,,,-7.8,,,601.05,,
Boone,2002,10.256123200964424,10.256123200964405,1522513.8395391305,95.69942321168026,12,0.9999999999999982,0.9999999999999982,148449.25413883143,10.717016735073331,True,1522.5138395391305,776.325,4.0,-20.9,59.1,9.4,74.0,163.4,141500.0,123800.0,91132.04971199999,0.6138936179953607,24.9947644454097,3.3988175144815123,,-20.2,-7.8,,856.15,601.05,
Boone,2003,17.88582696875815,17.885826968758117,2655137.6731683393,145.92406667219473,12,0.9999999999999982,0.9999999999999982,148449.25413883143,12.25694114524443,True,2655.1376731683395,864.3,4.0,-20.1,66.2,9.2,41.7,137.2,142000.0,124300.0,91132.04971199999,0.6138936179953607,10.256123200964424,24.9947644454097,3.3988175144815123,-20.9,-20.2,-7.8,776.325,856.15,601.05
Boone,2004,21.22701203955815,21.22701203955811,3151134.104868396,205.83526079622055,12,0.9999999999999982,0.9999999999999982,148449.25413883143,10.312621830412795,True,3151.134104868396,921.825,4.0,-20.5,67.6,9.1,81.6,178.8,148000.0,119600.0,91132.04971199999,0.6138936179953607,17.88582696875815,10.256123200964424,24.9947644454097,-20.1,-20.9,-20.2,864.3,776.325,856.15
Boone,2005,19.190997224045447,19.19099722404541,2848889.2240899256,187.54656402847732,12,0.9999999999999982,0.9999999999999982,148449.25413883143,10.232657326172854,True,2848.889224089926,850.7,4.0,-11.3,73.7,9.5,93.4,187.9,144000.0,119900.0,91132.04971199999,0.6138936179953607,21.22701203955815,17.88582696875815,10.256123200964424,-20.5,-20.1,-20.9,921.825,864.3,776.325
Boone,2006,20.650977955737407,20.650977955737368,3065622.274766662,187.8795161859903,12,0.9999999999999982,0.9999999999999982,148449.25413883143,10.991606948409471,True,3065.622274766662,933.8,4.0,-13.0,68.2,9.8,74.9,165.9,149700.0,115600.0,91132.04971199999,0.6138936179953607,19.190997224045447,21.22701203955815,17.88582696875815,-11.3,-20.5,-20.1,850.7,921.825,864.3
Boone,2007,34.849769604872705,34.84976960487264,5173422.304753463,378.46294342090874,12,0.9999999999999982,0.9999999999999982,148449.25413883143,9.208238272911814,True,5173.422304753462,1088.575,4.0,-5.0,83.9,10.7,71.7,171.3,166900.0,97800.0,91132.04971199999,0.6138936179953607,20.650977955737407,19.190997224045447,21.22701203955815,-13.0,-11.3,-20.5,933.8,850.7,921.825
Boone,2008,28.998426490606686,25.412805837750103,3772512.0721889436,400.4386590857794,12,0.8096095669420875,0.23843826776835536,148449.25413883143,7.241665067206917,True,3772.5120721889434,1251.3,4.0,1.0,85.0,11.1,53.9,149.0,158500.0,102000.0,91132.04971199999,0.6138936179953607,34.849769604872705,20.650977955737407,19.190997224045447,-5.0,-13.0,-11.3,1088.575,933.8,850.7
Boone,2009,21.867917996546492,16.553310144245234,2457326.544441957,294.8904258780902,12,0.8096095669420875,0.23843826776835536,148449.25413883143,7.415607994539249,True,2457.326544441957,996.825,4.0,-15.5,71.5,11.9,71.2,170.1,164000.0,104700.0,91132.04971199999,0.6138936179953607,28.998426490606686,34.849769604872705,20.650977955737407,1.0,-5.0,-13.0,1251.3,1088.575,933.8
Boone,2010,34.04446980997777,34.04446980997771,5053876.150843155,560.6171646702886,12,0.9999999999999982,0.9999999999999982,148449.25413883143,6.072677034425101,True,5053.876150843154,1264.475,4.0,-1.7,77.8,13.0,58.5,151.0,166000.0,102600.0,91132.04971199999,0.6138936179953607,21.867917996546492,28.998426490606686,34.849769604872705,-15.5,1.0,-5.0,996.825,1251.3,1088.575
Boone,2011,21.26595286548281,21.26595286548277,3156914.841432462,258.43342659159777,12,0.9999999999999982,0.9999999999999982,148449.25413883143,8.228793444390375,True,3156.914841432462,809.525,4.0,7.3,93.5,14.2,66.6,167.0,167900.0,100300.0,91132.04971199999,0.6138936179953607,34.04446980997777,21.867917996546492,28.998426490606686,-1.7,-15.5,1.0,1264.475,996.825,1251.3
Boone,2012,4.084142720200014,4.084142720200006,606287.940610229,59.626678185341696,12,0.9999999999999982,0.9999999999999982,148449.25413883143,6.849522469631786,True,606.287940610229,613.9,4.0,21.4,94.4,15.6,50.4,139.0,175600.0,91300.0,91132.04971199999,0.6138936179953607,21.26595286548281,34.04446980997777,21.867917996546492,7.3,-1.7,-15.5,809.525,1264.475,996.825
Boone,2013,29.06396847614309,29.06396847614304,4314524.442597943,186.02533131766305,12,0.9999999999999982,0.9999999999999982,148449.25413883143,15.623661718689533,True,4314.524442597944,792.425,4.0,11.9,87.0,15.5,49.4,140.0,158500.0,100200.0,91132.04971199999,0.6138936179953607,4.084142720200014,21.26595286548281,34.04446980997777,21.4,7.3,-1.7,613.9,809.525,1264.475
Boone,2014,25.19682296599113,25.196822965991093,3740449.575969556,219.79193435522342,12,0.9999999999999982,0.9999999999999982,148449.25413883143,11.463943406252806,True,3740.449575969556,1045.925,4.0,-7.3,76.7,15.2,66.1,165.3,164000.0,101300.0,91132.04971199999,0.6138936179953607,29.06396847614309,4.084142720200014,21.26595286548281,11.9,21.4,7.3,792.425,613.9,809.525
Boone,2015,39.00373249322681,39.00373249322675,5790074.997250014,354.04835906226594,12,0.9999999999999982,0.9999999999999982,148449.25413883143,11.016498592602511,True,5790.074997250014,1250.75,4.0,-7.7,80.4,14.9,73.8,176.8,161100.0,102100.0,91132.04971199999,0.6138936179953607,25.19682296599113,29.06396847614309,4.084142720200014,-7.3,11.9,21.4,1045.925,792.425,613.9
Boone,2016,31.259425135265975,31.259425135265918,4640438.346138866,359.38616191516303,12,0.9999999999999982,0.9999999999999982,148449.25413883143,8.698004666814382,True,4640.438346138866,951.5,4.0,-9.0,85.9,15.1,82.8,192.8,165600.0,96200.0,91132.04971199999,0.6138936179953607,39.00373249322681,25.19682296599113,29.06396847614309,-7.7,-7.3,11.9,1250.75,1045.925,792.425
Boone,2017,19.69382974345992,19.693487750784715,2923483.567996204,244.19941511561376,12,0.9998463542284188,0.9981562507410456,148449.25413883143,8.064650660254888,True,2923.483567996204,793.025,4.0,3.1,87.6,15.0,84.1,183.6,157400.0,106900.0,91132.04971199999,0.6138936179953607,31.259425135265975,39.00373249322681,25.19682296599113,-9.0,-7.7,-7.3,951.5,1250.75,1045.925
Boone,2018,40.430366248657,40.430366248656945,6001857.714172905,549.1162275599169,12,0.9999999999999982,0.9999999999999982,148449.25413883143,7.362806673609994,True,6001.857714172906,1267.125,4.0,-5.6,78.8,15.2,82.2,181.8,152400.0,109900.0,91132.04971199999,0.6138936179953607,19.69382974345992,31.259425135265975,39.00373249322681,3.1,-9.0,-7.7,793.025,951.5,1250.75
Boone,2019,30.346032726351353,30.346032726351297,4504845.924299419,458.0020945262066,12,0.9999999999999982,0.9999999999999982,148449.25413883143,6.625741036783616,True,4504.845924299419,1036.5,4.0,-8.6,79.8,15.7,72.9,177.0,160500.0,100800.0,91132.04971199999,0.6138936179953607,40.430366248657,19.69382974345992,31.259425135265975,-5.6,3.1,-9.0,1267.125,793.025,951.5
Bremer,2001,32.96848273161225,31.075813597413006,3533594.5812865263,320.70031608281033,12,0.9557835144043528,0.9410446858724699,113708.83565798872,10.280152864925528,True,3533.594581286526,793.3000000000001,1.0,-3.1,57.3,26.7,66.8,153.9,103800.0,94500.0,79910.916304,0.702767870602022,19.31653287435636,,,11.1,,,953.8,,
Bremer,2002,8.37806956677612,8.378069566776134,952660.5354997441,125.23444578665718,12,1.0000000000000018,1.0000000000000018,113708.83565798872,6.6899082869329405,True,952.6605354997441,719.3000000000001,1.0,-9.1,59.5,26.7,80.5,175.8,113000.0,88800.0,79910.916304,0.702767870602022,32.96848273161225,19.31653287435636,,-3.1,11.1,,793.3000000000001,953.8,
Bremer,2003,11.108515881088406,11.108515881088426,1263136.4067268416,145.7265909427057,12,1.0000000000000018,1.0000000000000018,113708.83565798872,7.6228475594106655,True,1263.1364067268416,680.4,2.0,-2.8,66.0,26.5,12.9,108.2,112000.0,88600.0,79910.916304,0.702767870602022,8.37806956677612,32.96848273161225,19.31653287435636,-9.1,-3.1,11.1,719.3000000000001,793.3000000000001,953.8
Bremer,2004,27.477544608360553,27.477544608360603,3124439.6041571302,332.7520741845488,12,1.0000000000000018,1.0000000000000018,113708.83565798872,8.257662908848205,True,3124.4396041571304,943.4,2.0,-7.0,66.4,24.7,71.4,169.5,114500.0,84600.0,79910.916304,0.702767870602022,11.108515881088406,8.37806956677612,32.96848273161225,-2.8,-9.1,-3.1,680.4,719.3000000000001,793.3000000000001
Bremer,2005,16.415969729594906,16.415969729594938,1866640.8041490284,222.18546332787085,12,1.0000000000000018,1.0000000000000018,113708.83565798872,7.38840853209666,True,1866.6408041490283,933.4,2.0,0.6,74.6,24.1,91.1,189.2,116000.0,84100.0,79910.916304,0.702767870602022,27.477544608360553,11.108515881088406,8.37806956677612,-7.0,-2.8,-9.1,943.4,680.4,719.3000000000001
Bremer,2006,23.597756745764144,23.597756745764183,2683273.4437012943,227.82789851613816,12,1.0000000000000018,1.0000000000000018,113708.83565798872,10.357711632095224,True,2683.273443701294,900.45,2.0,-1.6,71.0,23.7,76.8,173.1,114900.0,84100.0,79910.916304,0.702767870602022,16.415969729594906,27.477544608360553,11.108515881088406,0.6,-7.0,-2.8,933.4,943.4,680.4
Bremer,2007,35.45365697039397,35.45365697039403,4031394.0539212413,418.5289768932083,12,1.0000000000000018,1.0000000000000018,113708.83565798872,8.471016089153682,True,4031.3940539212413,1053.1,2.0,1.8,82.2,23.1,63.5,167.0,133000.0,65900.0,79910.916304,0.702767870602022,23.597756745764144,16.415969729594906,27.477544608360553,-1.6,0.6,-7.0,900.45,933.4,943.4
Bremer,2008,42.773579053588456,42.52996836828291,4836033.183728538,485.15173143096894,12,0.8853885450235248,0.5423999716043771,113708.83565798872,8.81653641169672,True,4836.0331837285385,1208.75,2.0,14.5,83.8,24.0,54.8,148.1,120500.0,76100.0,79910.916304,0.702767870602022,35.45365697039397,23.597756745764144,16.415969729594906,1.8,-1.6,0.6,1053.1,900.45,933.4
Bremer,2010,40.94174729122482,40.94174729122491,4655438.414288798,436.5018296816472,12,1.0000000000000018,1.0000000000000018,113708.83565798872,9.379513327832958,True,4655.438414288798,1060.5,2.0,11.1,80.0,28.0,69.2,166.1,121000.0,73200.0,79910.916304,0.702767870602022,17.73947058543868,42.773579053588456,35.45365697039397,-7.4,14.5,1.8,951.6999999999999,1208.75,1053.1
Bremer,2011,27.142990654396648,27.142990654396698,3086397.8635871173,333.65204832316897,12,1.0000000000000018,1.0000000000000018,113708.83565798872,8.135118843360575,True,3086.397863587117,830.8000000000001,2.0,18.9,97.3,29.9,70.6,178.9,126900.0,68100.0,79910.916304,0.702767870602022,40.94174729122482,17.73947058543868,42.773579053588456,11.1,-7.4,14.5,1060.5,951.6999999999999,1208.75
Bremer,2012,6.17308039777856,6.173012423691189,701926.055200224,102.91203269194244,12,0.9997885521224309,0.9974626254691514,113708.83565798872,5.99840488648893,True,701.926055200224,645.0,2.0,51.4,99.5,34.0,51.3,133.4,128400.0,65900.0,79910.916304,0.702767870602022,27.142990654396648,40.94174729122482,17.73947058543868,18.9,11.1,-7.4,830.8000000000001,1060.5,951.6999999999999
Bremer,2013,51.649585938377214,51.64958593837731,5873014.27927011,427.36437369900636,12,1.0000000000000018,1.0000000000000018,113708.83565798872,12.085608702318767,True,5873.01427927011,922.1,2.0,21.0,87.3,33.5,60.4,160.2,123000.0,68600.0,79910.916304,0.702767870602022,6.17308039777856,27.142990654396648,40.94174729122482,51.4,18.9,11.1,645.0,830.8000000000001,1060.5
Bremer,2014,26.433724038833738,26.433724038833777,3005747.9825603766,329.0099191190288,12,1.0000000000000018,1.0000000000000018,113708.83565798872,8.03432434791444,True,3005.747982560377,812.85,2.0,19.5,78.4,32.1,60.8,151.8,121800.0,74400.0,79910.916304,0.702767870602022,51.649585938377214,6.17308039777856,27.142990654396648,21.0,51.4,18.9,922.1,645.0,830.8000000000001
Bremer,2015,26.870351644072976,26.87035164407302,3055396.399168266,282.8249178059554,12,1.0000000000000018,1.0000000000000018,113708.83565798872,9.500701654056018,True,3055.396399168266,906.2,2.0,3.0,78.1,31.3,84.6,191.0,119700.0,75100.0,79910.916304,0.702767870602022,26.433724038833738,51.649585938377214,6.17308039777856,19.5,21.0,51.4,812.85,922.1,645.0
Bremer,2016,55.02703162105712,55.027031621057226,6257059.6953457445,614.3966578861249,12,1.0000000000000018,1.0000000000000018,113708.83565798872,8.95627131345107,True,6257.059695345744,1015.3499999999999,2.0,2.1,83.4,30.8,82.4,194.5,127000.0,67100.0,79910.916304,0.702767870602022,26.870351644072976,26.433724038833738,51.649585938377214,3.0,19.5,21.0,906.2,812.85,922.1
Bremer,2017,35.72580853947772,35.725808539477775,4062340.091964249,429.18584711747206,12,1.0000000000000018,1.0000000000000018,113708.83565798872,8.32408821945595,True,4062.340091964249,995.05,2.0,4.3,85.0,30.3,80.4,191.4,117000.0,74700.0,79910.916304,0.702767870602022,55.02703162105712,26.870351644072976,26.433724038833738,2.1,3.0,19.5,1015.3499999999999,906.2,812.85
Bremer,2018,43.33047135830443,43.33047135830449,4927057.446664634,701.9740764606571,12,1.0000000000000018,1.0000000000000018,113708.83565798872,6.172659762134811,True,4927.057446664634,1628.75,2.0,-7.9,76.6,30.0,75.0,189.5,119900.0,67400.0,79910.916304,0.702767870602022,35.72580853947772,55.02703162105712,26.870351644072976,4.3,2.1,3.0,995.05,1015.3499999999999,906.2
Bremer,2019,33.42736593160605,33.427365931606104,3800986.85919645,595.1523445043201,12,1.0000000000000018,1.0000000000000018,113708.83565798872,5.616606611782137,True,3800.98685919645,1004.1,2.0,-11.1,77.5,30.2,61.5,180.3,124400.0,62600.0,79910.916304,0.702767870602022,43.33047135830443,35.72580853947772,55.02703162105712,-7.9,4.3,2.1,1628.75,995.05,1015.3499999999999
Buchanan,2001,32.82340788893909,32.82340788893908,4869784.068817364,298.96053264236434,12,0.9999999999999997,0.9999999999999998,148363.14636477447,10.979177618807812,True,4869.784068817364,1069.675,4.0,-0.2,61.2,27.3,67.7,156.4,145300.0,130300.0,101250.41377,0.6824498957514672,17.73097877185381,,,19.6,,,869.55,,
Buchanan,2002,11.360309249601453,11.360309249601451,1685451.223947721,147.01957971745196,12,0.9999999999999997,0.9999999999999998,148363.14636477447,7.727072320186294,True,1685.451223947721,846.975,4.0,-4.0,63.5,28.6,73.1,169.2,154000.0,120400.0,101250.41377,0.6824498957514672,32.82340788893909,17.73097877185381,,-0.2,19.6,,1069.675,869.55,
Buchanan,2003,10.319519425207694,10.319519425207694,1531036.3708962225,147.71312517591164,12,0.9999999999999997,0.9999999999999998,148363.14636477447,6.986189895392284,True,1531.0363708962225,793.325,4.0,3.5,71.1,30.2,17.5,115.3,156500.0,116500.0,101250.41377,0.6824498957514672,11.360309249601453,32.82340788893909,17.73097877185381,-4.0,-0.2,19.6,846.975,1069.675,869.55
Buchanan,2004,27.353173837791157,27.353173837791143,4058202.933637327,310.3862669971777,12,0.9999999999999997,0.9999999999999998,148363.14636477447,8.8126237357144,True,4058.202933637327,913.425,4.0,11.4,71.8,31.8,57.9,150.1,164500.0,108700.0,101250.41377,0.6824498957514672,10.319519425207694,11.360309249601453,32.82340788893909,3.5,-4.0,-0.2,793.325,846.975,1069.675
Buchanan,2005,13.93875264654692,13.938752646546916,2067997.1990420276,194.4213084048132,12,0.9999999999999997,0.9999999999999998,148363.14636477447,7.1693544092010875,True,2067.9971990420277,741.475,4.0,12.8,76.6,33.5,73.0,170.3,167000.0,104800.0,101250.41377,0.6824498957514672,27.353173837791157,10.319519425207694,11.360309249601453,11.4,3.5,-4.0,913.425,793.325,846.975
Buchanan,2006,20.342094008955268,20.342094008955264,3018017.070816631,202.09890618342308,12,0.9999999999999997,0.9999999999999998,148363.14636477447,10.065415193535474,True,3018.017070816631,858.1999999999999,5.0,14.4,76.3,35.9,72.1,169.9,166200.0,106000.0,101250.41377,0.6824498957514672,13.93875264654692,27.353173837791157,10.319519425207694,12.8,11.4,3.5,741.475,913.425,793.325
Buchanan,2007,41.14923359312245,41.149233593122446,6105029.766374719,460.4381916025248,12,0.9999999999999997,0.9999999999999998,148363.14636477447,8.936972289354465,True,6105.02976637472,1128.84,5.0,24.9,88.4,41.3,49.3,154.1,194900.0,76900.0,101250.41377,0.6824498957514672,20.342094008955268,13.93875264654692,27.353173837791157,14.4,12.8,11.4,858.1999999999999,741.475,913.425
Buchanan,2008,51.03262786468804,51.032627864688024,7571361.237267776,583.8982881042682,12,0.9999999999999997,0.9999999999999998,148363.14636477447,8.739985868150894,True,7571.361237267776,1108.745,4.083333333333333,34.9,91.9,40.6,53.5,151.1,171500.0,95900.0,101250.41377,0.6824498957514672,41.14923359312245,20.342094008955268,13.93875264654692,24.9,14.4,12.8,1128.84,858.1999999999999,741.475
Buchanan,2009,26.830216218137572,23.276439814068976,3453365.84698558,358.43337842637186,12,0.8330358263534446,0.3321433054137797,148363.14636477447,7.4854123061669435,True,3453.36584698558,1025.05,4.0,11.5,72.5,39.9,47.0,147.9,182500.0,94900.0,101250.41377,0.6824498957514672,51.03262786468804,41.14923359312245,20.342094008955268,34.9,24.9,14.4,1108.745,1128.84,858.1999999999999
Buchanan,2010,50.296428242172205,50.2964282421722,7462136.344918771,510.15215650551454,12,0.9999999999999997,0.9999999999999998,148363.14636477447,9.859103328445602,True,7462.136344918771,1199.3,3.0,37.8,94.9,40.7,56.6,154.4,187500.0,90500.0,101250.41377,0.6824498957514672,26.830216218137572,51.03262786468804,41.14923359312245,11.5,34.9,24.9,1025.05,1108.745,1128.84
Buchanan,2011,27.0372191106952,27.037219110695197,4011326.896216549,332.80593710923887,12,0.9999999999999997,0.9999999999999998,148363.14636477447,8.124019464779144,True,4011.326896216549,905.2666666666668,3.0,52.7,121.3,41.6,56.1,166.3,201000.0,79000.0,101250.41377,0.6824498957514672,50.296428242172205,26.830216218137572,51.03262786468804,37.8,11.5,34.9,1199.3,1025.05,1108.745
Buchanan,2012,8.10955976936892,8.10955976936892,1203159.8030167676,119.97978474842336,12,0.9999999999999997,0.9999999999999998,148363.14636477447,6.7591051162270785,True,1203.1598030167677,674.5333333333333,3.0,67.6,114.6,41.0,44.1,132.1,202000.0,80400.0,101250.41377,0.6824498957514672,27.0372191106952,50.296428242172205,26.830216218137572,52.7,37.8,11.5,905.2666666666668,1199.3,1025.05
Buchanan,2013,47.905768764162346,47.90576876416233,7107450.582874458,427.9464537148161,12,0.9999999999999997,0.9999999999999998,148363.14636477447,11.194337129870645,True,7107.450582874459,1048.1,3.0,51.6,106.9,46.8,47.9,150.0,195000.0,79000.0,101250.41377,0.6824498957514672,8.10955976936892,27.0372191106952,50.296428242172205,67.6,52.7,37.8,674.5333333333333,905.2666666666668,1199.3
Buchanan,2014,23.66343807698824,23.663438076988236,3510782.1269099833,337.7560182987173,12,0.9999999999999997,0.9999999999999998,148363.14636477447,7.006074442783099,True,3510.782126909983,842.5,3.0,46.1,94.7,51.4,52.9,152.9,190400.0,87000.0,101250.41377,0.6824498957514672,47.905768764162346,8.10955976936892,27.0372191106952,51.6,67.6,52.7,1048.1,674.5333333333333,905.2666666666668
Buchanan,2015,26.828531126097054,26.82853112609705,3980365.2902130447,276.09737159236795,12,0.9999999999999997,0.9999999999999998,148363.14636477447,9.717054157874013,True,3980.365290213045,915.9,3.0,47.0,99.8,56.5,66.0,175.3,187200.0,85400.0,101250.41377,0.6824498957514672,23.66343807698824,47.905768764162346,8.10955976936892,46.1,51.6,67.6,842.5,1048.1,674.5333333333333
Buchanan,2016,51.98113952508781,51.9811395250878,7712085.411568364,577.3766132802621,12,0.9999999999999997,0.9999999999999998,148363.14636477447,9.002986669267093,True,7712.085411568364,1008.6,3.0,50.2,106.9,62.1,64.1,182.9,192500.0,77500.0,101250.41377,0.6824498957514672,26.828531126097054,23.66343807698824,47.905768764162346,47.0,46.1,51.6,915.9,842.5,1048.1
Buchanan,2017,36.55675460893689,36.55675460893689,5423675.134666845,416.35025560024195,12,0.9999999999999997,0.9999999999999998,148363.14636477447,8.780288739401376,True,5423.675134666845,804.9333333333334,3.0,52.3,109.1,67.6,63.8,188.2,182600.0,84800.0,101250.41377,0.6824498957514672,51.98113952508781,26.828531126097054,23.66343807698824,50.2,47.0,46.1,1008.6,915.9,842.5
Buchanan,2018,40.93137933680219,40.93137933680217,6072708.223458087,699.4241354130864,12,0.9999999999999997,0.9999999999999998,148363.14636477447,5.852154260108243,True,6072.708223458087,1360.35,2.0,44.3,98.0,64.2,64.0,181.9,184900.0,82000.0,101250.41377,0.6824498957514672,36.55675460893689,51.98113952508781,26.828531126097054,52.3,50.2,47.0,804.9333333333334,1008.6,915.9
Buchanan,2019,31.891386515887497,31.89138651588749,4731506.44543221,573.6638029061501,12,0.9999999999999997,0.9999999999999998,148363.14636477447,5.559246784323404,True,4731.50644543221,1116.15,2.0,33.1,99.2,62.2,54.8,183.1,188700.0,72500.0,101250.41377,0.6824498957514672,40.93137933680219,36.55675460893689,51.98113952508781,44.3,52.3,50.2,1360.35,804.9333333333334,1008.6
Buena Vista,2001,15.641829104888213,15.641829104888203,2350901.1273790966,184.454296451988,12,0.9999999999999992,0.9999999999999992,150295.7941564788,8.480056797679234,True,2350.9011273790966,732.9,2.0,20.7,65.3,33.0,76.2,153.8,155800.0,157200.0,105081.576132,0.6991651145114246,2.679868118146321,,,28.9,,,668.75,,
Buena Vista,2002,11.153619433166705,11.153619433166696,1676342.0904269237,100.49297615878702,12,0.9999999999999992,0.9999999999999992,150295.7941564788,11.098904480192811,True,1676.3420904269237,691.0,2.0,20.3,66.4,35.4,86.8,168.3,157000.0,148100.0,105081.576132,0.6991651145114246,15.641829104888213,2.679868118146321,,20.7,28.9,,732.9,668.75,
Buena Vista,2003,18.477950124436447,18.477950124436436,2777158.1883359803,159.19772958213818,12,0.9999999999999992,0.9999999999999992,150295.7941564788,11.606918121845913,True,2777.1581883359804,734.8333333333333,3.0,19.7,75.3,36.3,35.3,127.2,160000.0,151400.0,105081.576132,0.6991651145114246,11.153619433166705,15.641829104888213,2.679868118146321,20.3,20.7,28.9,691.0,732.9,668.75
Buena Vista,2004,21.94221753205469,21.942217532054677,3297823.0095343706,189.21708059943484,12,0.9999999999999992,0.9999999999999992,150295.7941564788,11.596319667623193,True,3297.8230095343706,795.0666666666666,3.0,15.6,74.8,38.2,77.6,175.0,166000.0,143300.0,105081.576132,0.6991651145114246,18.477950124436447,11.153619433166705,15.641829104888213,19.7,20.3,20.7,734.8333333333333,691.0,732.9
Buena Vista,2005,16.433366181370243,16.43336618137023,2469865.820893261,147.93397047089024,12,0.9999999999999992,0.9999999999999992,150295.7941564788,11.108581841656122,True,2469.865820893261,779.1999999999999,3.0,28.6,83.4,39.6,81.5,175.9,171000.0,141900.0,105081.576132,0.6991651145114246,21.94221753205469,18.477950124436447,11.153619433166705,15.6,19.7,20.3,795.0666666666666,734.8333333333333,691.0
Buena Vista,2006,14.033966380830817,14.033966380830805,2109246.1223722906,117.61088018145858,12,0.9999999999999992,0.9999999999999992,150295.7941564788,11.93254090027912,True,2109.2461223722908,620.9666666666667,3.0,40.8,77.7,42.1,72.8,151.8,168500.0,142500.0,105081.576132,0.6991651145114246,16.433366181370243,21.94221753205469,18.477950124436447,28.6,15.6,19.7,779.1999999999999,795.0666666666666,734.8333333333333
Buena Vista,2007,34.72017919049946,34.72017919049944,5218296.904691363,340.71283211679105,12,0.9999999999999992,0.9999999999999992,150295.7941564788,10.190452462500128,True,5218.296904691363,850.9333333333333,3.0,59.9,101.9,46.3,75.8,164.1,183500.0,127800.0,105081.576132,0.6991651145114246,14.033966380830817,16.433366181370243,21.94221753205469,40.8,28.6,15.6,620.9666666666667,779.1999999999999,795.0666666666666
Buena Vista,2008,33.008448579793324,31.8809295221116,4791569.620972493,353.04199515767124,12,0.9336420797593971,0.6264966814238903,150295.7941564788,9.349722988351996,True,4791.569620972493,819.5333333333333,3.0,49.0,93.0,47.9,80.0,171.9,165000.0,142600.0,105081.576132,0.6991651145114246,34.72017919049946,14.033966380830817,16.433366181370243,59.9,40.8,28.6,850.9333333333333,620.9666666666667,779.1999999999999
Buena Vista,2009,20.02681066680768,18.794837271238364,2824784.993722557,227.7908285044221,12,0.9453647870168833,0.6264966814238903,150295.7941564788,8.791754610269088,True,2824.784993722557,691.5,3.0,42.4,90.3,48.0,85.3,181.2,171500.0,139600.0,105081.576132,0.6991651145114246,33.008448579793324,34.72017919049946,14.033966380830817,49.0,59.9,40.8,819.5333333333333,850.9333333333333,620.9666666666667
Buena Vista,2010,42.99379294616369,42.99379294616366,6461786.254642883,523.0015234184478,12,0.9999999999999992,0.9999999999999992,150295.7941564788,8.220586560656118,True,6461.786254642883,984.7666666666667,3.0,35.4,76.3,49.5,81.5,171.9,163500.0,145000.0,105081.576132,0.6991651145114246,20.02681066680768,33.008448579793324,34.72017919049946,42.4,49.0,59.9,691.5,819.5333333333333,850.9333333333333
Buena Vista,2011,21.36773910000988,21.367739100009867,3211481.3173644273,237.02610535597555,12,0.9999999999999992,0.9999999999999992,150295.7941564788,9.014930683655681,True,3211.4813173644275,581.4666666666667,3.0,51.5,94.9,51.2,73.4,168.0,171900.0,134000.0,105081.576132,0.6991651145114246,42.99379294616369,20.02681066680768,33.008448579793324,35.4,42.4,49.0,984.7666666666667,691.5,819.5333333333333
Buena Vista,2012,5.003814072757772,5.003814072757767,752052.2098764932,62.195610545262184,12,0.9999999999999992,0.9999999999999992,150295.7941564788,8.04528491462641,True,752.0522098764932,556.2333333333333,3.0,64.6,97.3,52.2,57.2,142.1,172500.0,132600.0,105081.576132,0.6991651145114246,21.36773910000988,42.99379294616369,20.02681066680768,51.5,35.4,42.4,581.4666666666667,984.7666666666667,691.5
Buena Vista,2013,35.90757993863448,35.90757993863445,5396758.243114312,163.85152290121948,12,0.9999999999999992,0.9999999999999992,150295.7941564788,21.914706255297936,True,5396.758243114312,664.1666666666666,3.0,44.2,84.6,49.1,61.6,151.1,172200.0,131500.0,105081.576132,0.6991651145114246,5.003814072757772,21.36773910000988,42.99379294616369,64.6,51.5,35.4,556.2333333333333,581.4666666666667,984.7666666666667
Buena Vista,2014,33.23000398107893,33.230003981078895,4994329.838159205,215.13111762113186,12,0.9999999999999992,0.9999999999999992,150295.7941564788,15.446395829914481,True,4994.329838159206,864.5666666666666,3.0,33.5,77.5,46.5,74.5,165.0,170300.0,137800.0,105081.576132,0.6991651145114246,35.90757993863448,5.003814072757772,21.36773910000988,44.2,64.6,51.5,664.1666666666666,556.2333333333333,581.4666666666667
Buena Vista,2015,71.96537600435968,71.96537600435963,10816093.338344833,394.0128054820726,12,0.9999999999999992,0.9999999999999992,150295.7941564788,18.264730232894443,True,10816.093338344834,928.2666666666667,3.0,20.5,72.9,43.5,105.1,201.0,159800.0,146400.0,105081.576132,0.6991651145114246,33.23000398107893,35.90757993863448,5.003814072757772,33.5,44.2,64.6,864.5666666666666,664.1666666666666,556.2333333333333
Buena Vista,2016,49.359253946306445,49.35925394630641,7418488.270831432,381.992221882494,12,0.9999999999999992,0.9999999999999992,150295.7941564788,12.92153376921115,True,7418.488270831433,1032.7666666666667,3.0,22.9,77.7,41.9,102.1,198.8,167600.0,138400.0,105081.576132,0.6991651145114246,71.96537600435968,33.23000398107893,35.90757993863448,20.5,33.5,44.2,928.2666666666667,864.5666666666666,664.1666666666666
Buena Vista,2017,25.841670488236034,25.841670488236012,3883894.388359473,238.0179688880163,12,0.9999999999999992,0.9999999999999992,150295.7941564788,10.857025042674039,True,3883.894388359473,648.6333333333333,3.0,27.1,79.1,39.8,95.8,187.6,163600.0,142700.0,105081.576132,0.6991651145114246,49.359253946306445,71.96537600435968,33.23000398107893,22.9,20.5,33.5,1032.7666666666667,928.2666666666667,864.5666666666666
Buena Vista,2018,40.75468791582938,40.754687915829344,6125258.185909022,416.07645864327077,12,0.9999999999999992,0.9999999999999992,150295.7941564788,9.794999709601694,True,6125.258185909021,1076.5,2.0,21.9,71.2,44.4,94.2,187.9,161400.0,142300.0,105081.576132,0.6991651145114246,25.841670488236034,49.359253946306445,71.96537600435968,27.1,22.9,20.5,648.6333333333333,1032.7666666666667,928.2666666666667
Buena Vista,2019,32.672807085049335,32.672807085049314,4910585.488168914,436.6043446559653,12,0.9999999999999992,0.9999999999999992,150295.7941564788,7.483390278856431,True,4910.585488168914,977.8,2.0,25.7,72.0,49.6,85.4,181.3,166400.0,135800.0,105081.576132,0.6991651145114246,40.75468791582938,25.841670488236034,49.359253946306445,21.9,27.1,22.9,1076.5,648.6333333333333,1032.7666666666667
Butler,2001,32.95082470109742,21.816116400735442,3285640.955005361,350.4988361610047,12,0.7408649126079401,0.6544865501439205,150606.13422903258,9.401122429394078,True,3285.640955005361,869.7,5.0,1.4,59.7,25.4,70.3,154.0,137200.0,133900.0,82003.952296,0.5444927772416853,12.73568918600861,,,16.2,,,820.0,,
Butler,2002,9.853707881480323,9.853707881480307,1484028.8518518992,136.82034605385994,12,0.9999999999999986,0.9999999999999984,150606.13422903258,7.201931705099889,True,1484.0288518518992,832.38,5.0,-3.9,59.5,26.6,78.6,168.6,140500.0,124300.0,82003.952296,0.5444927772416853,32.95082470109742,12.73568918600861,,1.4,16.2,,869.7,820.0,
Butler,2003,15.706462668486823,15.7064626684868,2365489.624913412,161.7903969331429,12,0.9999999999999986,0.9999999999999984,150606.13422903258,9.707907864876091,True,2365.489624913412,844.88,5.0,-1.8,66.8,28.3,15.4,112.3,145500.0,125400.0,82003.952296,0.5444927772416853,9.853707881480323,32.95082470109742,12.73568918600861,-3.9,1.4,16.2,832.38,869.7,820.0
Butler,2004,22.608925664701495,22.608925664701456,3405042.8934322465,276.3864610205167,12,0.9999999999999986,0.9999999999999984,150606.13422903258,8.180185665108679,True,3405.0428934322467,968.9599999999999,5.0,1.8,70.4,29.4,73.9,171.9,156000.0,120500.0,82003.952296,0.5444927772416853,15.706462668486823,9.853707881480323,32.95082470109742,-1.8,-3.9,1.4,844.88,832.38,869.7
Butler,2005,24.54883475742991,24.548834757429876,3697205.1026438237,246.39415223607637,12,0.9999999999999986,0.9999999999999984,150606.13422903258,9.963237574692544,True,3697.205102643824,966.7,5.0,14.5,78.5,31.6,82.4,178.0,157000.0,117900.0,82003.952296,0.5444927772416853,22.608925664701495,15.706462668486823,9.853707881480323,1.8,-1.8,-3.9,968.9599999999999,844.88,832.38
Butler,2006,23.32726623632534,23.3272662363253,3513229.389984389,209.45216321432648,12,0.9999999999999986,0.9999999999999984,150606.13422903258,11.137276349089413,True,3513.229389984389,919.52,5.0,13.9,71.2,34.7,79.4,171.4,154200.0,119600.0,82003.952296,0.5444927772416853,24.54883475742991,22.608925664701495,15.706462668486823,14.5,1.8,-1.8,966.7,968.9599999999999,844.88
Butler,2007,41.036140616463435,41.03614061646336,6180294.501924539,415.56612188362175,12,0.9999999999999986,0.9999999999999984,150606.13422903258,9.87475601486964,True,6180.294501924539,1266.7,5.0,23.3,86.9,38.2,59.2,161.0,184000.0,88300.0,82003.952296,0.5444927772416853,23.32726623632534,24.54883475742991,22.608925664701495,13.9,14.5,1.8,919.52,966.7,968.9599999999999
Butler,2008,44.04128305752593,42.370815389642715,6381304.70996609,497.1354344725514,12,0.7677680433644376,0.21469500952921222,150606.13422903258,8.859011046809139,True,6381.30470996609,1157.6,5.0,28.3,87.4,39.1,60.8,159.0,161500.0,104300.0,82003.952296,0.5444927772416853,41.036140616463435,23.32726623632534,24.54883475742991,23.3,13.9,14.5,1266.7,919.52,966.7
Butler,2009,26.20397071458429,22.299028883646425,3358370.5372275286,372.5389717495161,12,0.803673752382302,0.21469500952921222,150606.13422903258,7.033887110259982,True,3358.3705372275285,1074.46,5.0,10.6,73.9,37.7,60.9,161.9,174000.0,105900.0,82003.952296,0.5444927772416853,44.04128305752593,41.036140616463435,23.32726623632534,28.3,23.3,13.9,1157.6,1266.7,919.52
Butler,2010,29.207183345434498,29.20718334543445,4398780.975374467,437.50891881154973,12,0.9999999999999986,0.9999999999999984,150606.13422903258,6.675791530095651,True,4398.780975374467,1110.32,5.0,18.0,76.1,38.5,76.9,173.5,168500.0,109700.0,82003.952296,0.5444927772416853,26.20397071458429,44.04128305752593,41.036140616463435,10.6,28.3,23.3,1074.46,1157.6,1266.7
Butler,2011,20.721024817593616,20.721024817593584,3120713.445041615,293.0185742086491,12,0.9999999999999986,0.9999999999999984,150606.13422903258,7.071573832326015,True,3120.713445041615,838.7,4.666666666666667,38.1,101.0,39.4,71.9,174.2,177900.0,100300.0,82003.952296,0.5444927772416853,29.207183345434498,26.20397071458429,44.04128305752593,18.0,10.6,28.3,1110.32,1074.46,1157.6
Butler,2012,3.4625763424618885,3.4518261247952093,519866.18868618866,72.0641979991511,12,0.9640942909821342,0.5691314917856272,150606.13422903258,4.804849618256594,True,519.8661886861887,677.925,4.0,57.2,95.1,40.2,42.2,120.3,174300.0,100500.0,82003.952296,0.5444927772416853,20.721024817593616,29.207183345434498,26.20397071458429,38.1,18.0,10.6,838.7,1110.32,1074.46
Butler,2013,43.95824852399204,43.95824852399197,6620381.877677507,349.160978671797,12,0.9999999999999986,0.9999999999999984,150606.13422903258,12.589679606011114,True,6620.381877677507,1214.5,4.0,29.6,90.7,38.7,62.8,162.6,171100.0,102000.0,82003.952296,0.5444927772416853,3.4625763424618885,20.721024817593616,29.207183345434498,57.2,38.1,18.0,677.925,838.7,1110.32
Butler,2014,24.909008086911335,24.9090080869113,3751449.4154494214,319.7416599343834,12,0.9999999999999986,0.9999999999999984,150606.13422903258,7.790354279146203,True,3751.4494154494214,1002.0500000000001,4.0,17.6,76.7,36.2,57.7,153.0,170300.0,106100.0,82003.952296,0.5444927772416853,43.95824852399204,3.4625763424618885,20.721024817593616,29.6,57.2,38.1,1214.5,677.925,838.7
Butler,2015,26.242279379798788,26.242279379798745,3952248.2507497445,296.5128161109427,12,0.9999999999999986,0.9999999999999984,150606.13422903258,8.850301893858113,True,3952.2482507497443,1167.3,4.0,15.2,78.7,36.2,86.2,185.9,153600.0,105100.0,82003.952296,0.5444927772416853,24.909008086911335,43.95824852399204,3.4625763424618885,17.6,29.6,57.2,1002.0500000000001,1214.5,677.925
Butler,2016,51.43705994659109,51.43705994659102,7746736.754663084,571.5135533181822,12,0.9999999999999986,0.9999999999999984,150606.13422903258,9.00014700402988,True,7746.736754663084,1150.7833333333333,3.75,5.7,84.1,32.0,80.7,191.1,177800.0,100100.0,82003.952296,0.5444927772416853,26.242279379798788,24.909008086911335,43.95824852399204,15.2,17.6,29.6,1167.3,1002.0500000000001,1214.5
Butler,2017,27.082734026859523,27.082734026859484,4078825.8761383872,352.70125486256825,12,0.9999999999999986,0.9999999999999984,150606.13422903258,7.678661091640413,True,4078.8258761383872,868.2,3.0,8.3,85.8,31.5,81.3,190.3,159200.0,106900.0,82003.952296,0.5444927772416853,51.43705994659109,26.242279379798788,24.909008086911335,5.7,15.2,17.6,1150.7833333333333,1167.3,1002.0500000000001
Butler,2018,41.31520443715627,41.31520443715621,6222323.2251622705,657.7338220768196,12,0.9999999999999986,0.9999999999999984,150606.13422903258,6.2814474564652825,True,6222.32322516227,1393.1666666666665,3.0,-0.7,77.1,32.1,79.7,189.6,163000.0,104200.0,82003.952296,0.5444927772416853,27.082734026859523,51.43705994659109,26.242279379798788,8.3,5.7,15.2,868.2,1150.7833333333333,1167.3
Butler,2019,26.33933736361487,26.339337363614835,3966865.7784883487,484.84068947057625,12,0.9999999999999986,0.9999999999999984,150606.13422903258,5.432575676017666,True,3966.8657784883485,1050.2,3.0,-1.5,78.1,33.9,70.8,184.3,168400.0,93400.0,82003.952296,0.5444927772416853,41.31520443715627,27.082734026859523,51.43705994659109,-0.7,8.3,5.7,1393.1666666666665,868.2,1150.7833333333333
Calhoun,2001,19.13991041220401,19.13991041220401,2835273.3261344996,198.32373025287305,12,1.0,1.0,148134.0959844133,9.650842280850421,True,2835.2733261344997,991.1,2.0,4.7,64.1,19.2,69.3,147.9,162600.0,166000.0,103417.102614,0.6981316619023454,3.3508102624415947,,,11.6,,,545.0,,
Calhoun,2002,14.808161832423375,14.808161832423375,2193593.6662369305,113.75813427150096,12,1.0,1.0,148134.0959844133,13.017233384894887,True,2193.5936662369304,784.85,2.0,4.0,66.2,22.2,86.1,170.5,162500.0,153300.0,103417.102614,0.6981316619023454,19.13991041220401,3.3508102624415947,,4.7,11.6,,991.1,545.0,
Calhoun,2003,22.775165280331628,22.775165280331628,3373778.5196975223,180.32654100055782,12,1.0,1.0,148134.0959844133,12.629957383955572,True,3373.7785196975224,748.05,2.0,12.2,79.0,23.9,39.7,130.4,160000.0,158200.0,103417.102614,0.6981316619023454,14.808161832423375,19.13991041220401,3.3508102624415947,4.0,4.7,11.6,784.85,991.1,545.0
Calhoun,2004,27.129542962709483,27.129542962709483,4018810.3212512704,205.6851750353432,12,1.0,1.0,148134.0959844133,13.189838770853452,True,4018.8103212512706,905.0,2.0,5.0,73.7,26.4,70.2,165.3,167000.0,147600.0,103417.102614,0.6981316619023454,22.775165280331628,14.808161832423375,19.13991041220401,12.2,4.0,4.7,748.05,784.85,991.1
Calhoun,2005,19.348361166957467,19.348361166957467,2866151.990247172,159.82848461602876,12,1.0,1.0,148134.0959844133,12.105702693384027,True,2866.151990247172,816.65,2.0,27.3,88.8,29.2,86.5,177.2,161500.0,145800.0,103417.102614,0.6981316619023454,27.129542962709483,22.775165280331628,14.808161832423375,5.0,12.2,4.0,905.0,748.05,784.85
Calhoun,2006,16.40247806236277,16.40247806236277,2429766.2596722804,118.4872651689297,12,1.0,1.0,148134.0959844133,13.843241329755923,True,2429.7662596722803,710.5,2.0,21.7,77.1,31.6,77.0,164.0,165500.0,141200.0,103417.102614,0.6981316619023454,19.348361166957467,27.129542962709483,22.775165280331628,27.3,5.0,12.2,816.65,905.0,748.05
Calhoun,2007,41.754173957641555,41.754173957641555,6185216.812791163,382.97287343692864,12,1.0,1.0,148134.0959844133,10.902645292583104,True,6185.216812791163,1130.55,2.0,43.4,104.2,35.5,74.1,170.4,184900.0,125800.0,103417.102614,0.6981316619023454,16.40247806236277,19.348361166957467,27.129542962709483,21.7,27.3,5.0,710.5,816.65,905.0
Calhoun,2008,40.1359011628397,40.054257227601454,5933401.184737892,409.40122479356097,12,0.9956609907223001,0.9826439628892004,148134.0959844133,9.803561575341666,True,5933.4011847378915,990.1,2.0,37.3,100.1,34.2,67.4,164.4,181000.0,126500.0,103417.102614,0.6981316619023454,41.754173957641555,16.40247806236277,19.348361166957467,43.4,21.7,27.3,1130.55,710.5,816.65
Calhoun,2009,24.077562724972445,23.984203333474213,3552878.278710555,255.1274952727538,12,0.9956609907223001,0.9826439628892004,148134.0959844133,9.437462904275137,True,3552.8782787105547,783.4499999999999,2.0,27.9,86.2,33.0,64.5,155.8,174000.0,135100.0,103417.102614,0.6981316619023454,40.1359011628397,41.754173957641555,16.40247806236277,37.3,43.4,21.7,990.1,1130.55,710.5
Calhoun,2010,48.31410777443374,48.31410777443374,7156966.678459256,591.9924785314508,12,1.0,1.0,148134.0959844133,8.161270544228197,True,7156.966678459256,1076.6499999999999,2.0,29.1,90.9,32.2,66.3,160.3,181000.0,130000.0,103417.102614,0.6981316619023454,24.077562724972445,40.1359011628397,41.754173957641555,27.9,37.3,43.4,783.4499999999999,990.1,1130.55
Calhoun,2011,21.28749313120301,21.28749313120301,3153403.550765165,222.8144673319513,12,1.0,1.0,148134.0959844133,9.553909755549526,True,3153.403550765165,569.9,2.0,42.9,107.7,31.7,74.5,171.0,182500.0,128400.0,103417.102614,0.6981316619023454,48.31410777443374,24.077562724972445,40.1359011628397,29.1,27.9,37.3,1076.6499999999999,783.4499999999999,990.1
Calhoun,2012,5.363685446884656,5.363685446884656,794544.6948190122,55.091549358435486,12,1.0,1.0,148134.0959844133,9.735949540985965,True,794.5446948190122,482.65,2.0,56.8,109.9,30.7,45.1,128.9,183000.0,119100.0,103417.102614,0.6981316619023454,21.28749313120301,48.31410777443374,24.077562724972445,42.9,29.1,27.9,569.9,1076.6499999999999,783.4499999999999
Calhoun,2013,50.06637492133569,50.06637492133569,7416537.188188765,190.26975211194934,12,1.0,1.0,148134.0959844133,26.313365296170694,True,7416.537188188765,612.75,2.0,49.3,100.2,31.0,41.1,123.0,172100.0,126400.0,103417.102614,0.6981316619023454,5.363685446884656,21.28749313120301,48.31410777443374,56.8,42.9,29.1,482.65,569.9,1076.6499999999999
Calhoun,2014,45.174972006526524,45.174972006526524,6691953.639307982,241.25882657033225,12,1.0,1.0,148134.0959844133,18.72469192059053,True,6691.9536393079825,929.1999999999999,2.0,19.6,89.2,29.6,74.6,173.8,180700.0,131900.0,103417.102614,0.6981316619023454,50.06637492133569,5.363685446884656,21.28749313120301,49.3,56.8,42.9,612.75,482.65,569.9
Calhoun,2015,96.01780924224543,96.01780924224543,14223511.370503867,459.00076455415507,12,1.0,1.0,148134.0959844133,20.918877844465293,True,14223.511370503868,980.5,2.0,17.8,86.4,28.9,88.0,185.5,174100.0,138100.0,103417.102614,0.6981316619023454,45.174972006526524,50.06637492133569,5.363685446884656,19.6,49.3,56.8,929.1999999999999,612.75,482.65
Calhoun,2016,52.547507194828945,52.547507194828945,7784077.474540439,370.6438053656956,12,1.0,1.0,148134.0959844133,14.177360159299836,True,7784.07747454044,902.25,2.0,18.2,92.2,29.2,97.6,200.8,180900.0,126900.0,103417.102614,0.6981316619023454,96.01780924224543,45.174972006526524,50.06637492133569,17.8,19.6,49.3,980.5,929.1999999999999,612.75
Calhoun,2017,29.706051269479495,29.706051269479495,4400479.050070978,233.84046962525363,12,1.0,1.0,148134.0959844133,12.703554400607219,True,4400.479050070978,755.6,2.0,26.3,93.9,29.0,93.4,190.0,172700.0,136800.0,103417.102614,0.6981316619023454,52.547507194828945,96.01780924224543,45.174972006526524,18.2,17.8,19.6,902.25,980.5,929.1999999999999
Calhoun,2018,49.218423764912124,49.218423764912124,7290926.710193021,429.6039745694816,12,1.0,1.0,148134.0959844133,11.456696557389934,True,7290.926710193021,1092.15,2.0,18.5,84.6,30.5,84.8,181.4,170500.0,138500.0,103417.102614,0.6981316619023454,29.706051269479495,52.547507194828945,96.01780924224543,26.3,18.2,17.8,755.6,902.25,980.5
Calhoun,2019,36.07028612209963,36.07028612209963,5343239.226596358,446.92525839973024,12,1.0,1.0,148134.0959844133,8.070764729488246,True,5343.239226596358,970.6,2.0,17.2,85.6,32.5,84.8,185.7,176400.0,131600.0,103417.102614,0.6981316619023454,49.218423764912124,29.706051269479495,52.547507194828945,18.5,26.3,18.2,1092.15,755.6,902.25
Carroll,2001,11.911398229131619,11.894017829673116,1755759.9738348098,174.3426764766702,12,0.9933051951189692,0.9598311707138162,147617.0625416881,6.832175844636383,True,1755.75997383481,803.85,2.0,47.0,65.6,60.1,72.2,150.9,153900.0,143700.0,76893.577488,0.5208989812155672,1.873306191152538,,,48.8,,,539.4,,
Carroll,2002,8.528550470710655,8.528550470710652,1258959.5682248375,107.45302473167571,12,0.9999999999999997,0.9999999999999998,147617.0625416881,7.937003627406082,True,1258.9595682248375,759.45,2.0,55.9,66.4,72.5,85.2,168.2,154500.0,138800.0,76893.577488,0.5208989812155672,11.911398229131619,1.873306191152538,,47.0,48.8,,803.85,539.4,
Carroll,2003,13.60354946862816,13.599622019723519,2007536.2542288455,147.61516827080985,12,0.9966525975594845,0.9598311707138162,147617.0625416881,9.215549884190454,True,2007.5362542288456,749.05,2.0,53.1,72.6,71.8,45.0,136.3,152000.0,141400.0,76893.577488,0.5208989812155672,8.528550470710655,11.911398229131619,1.873306191152538,55.9,47.0,48.8,759.45,803.85,539.4
Carroll,2004,18.909259722542856,18.909259722542853,2791329.3750796327,204.5378244085254,12,0.9999999999999997,0.9999999999999998,147617.0625416881,9.244871835917843,True,2791.329375079633,816.15,2.0,48.9,75.7,70.8,81.6,179.2,159500.0,137500.0,76893.577488,0.5208989812155672,13.60354946862816,8.528550470710655,11.911398229131619,53.1,55.9,47.0,749.05,759.45,803.85
Carroll,2005,9.639419355073098,9.639419355073096,1422942.769803384,124.13186566670507,12,0.9999999999999997,0.9999999999999998,147617.0625416881,7.765467233816502,True,1422.9427698033842,728.6,2.0,63.0,82.4,72.6,81.3,173.3,163500.0,129900.0,76893.577488,0.5208989812155672,18.909259722542856,13.60354946862816,8.528550470710655,48.9,53.1,55.9,816.15,749.05,759.45
Carroll,2006,7.477879369923374,7.477879369923373,1103862.5866291777,104.28283091736154,12,0.9999999999999997,0.9999999999999998,147617.0625416881,7.1707675215004345,True,1103.8625866291777,808.0,2.0,65.3,76.9,74.5,74.9,161.0,161400.0,127000.0,76893.577488,0.5208989812155672,9.639419355073098,18.909259722542856,13.60354946862816,63.0,48.9,53.1,728.6,816.15,749.05
Carroll,2007,35.808411103989435,35.80841110398943,5285932.461456086,364.0503673996372,12,0.9999999999999997,0.9999999999999998,147617.0625416881,9.836114535404564,True,5285.932461456086,972.6,2.0,83.7,97.0,82.6,63.4,159.3,186500.0,108800.0,76893.577488,0.5208989812155672,7.477879369923374,9.639419355073098,18.909259722542856,65.3,63.0,48.9,808.0,728.6,816.15
Carroll,2008,30.39653243182283,26.573539559038753,3922707.8510406455,391.33633220787743,12,0.7957623692933619,0.18031656964943593,147617.0625416881,7.767367844515961,True,3922.7078510406454,1025.2,2.0,71.2,94.0,76.4,64.8,164.0,181500.0,116200.0,76893.577488,0.5208989812155672,35.808411103989435,7.477879369923374,9.639419355073098,83.7,65.3,63.0,972.6,808.0,728.6
Carroll,2009,19.50360124216722,15.538044594465932,2293680.500676816,257.55150686392267,12,0.8052630667782935,0.18031656964943593,147617.0625416881,7.572699332903515,True,2293.680500676816,857.8,2.0,47.3,80.8,72.7,76.2,182.4,183500.0,115300.0,76893.577488,0.5208989812155672,30.39653243182283,35.808411103989435,7.477879369923374,71.2,83.7,65.3,1025.2,972.6,808.0
Carroll,2010,32.663627535028034,32.66362753502803,4821708.748676638,516.4179242007343,12,0.9999999999999997,0.9999999999999998,147617.0625416881,6.3250375334244815,True,4821.708748676638,1097.0,2.0,63.3,92.3,70.3,70.4,169.7,185500.0,112500.0,76893.577488,0.5208989812155672,19.50360124216722,30.39653243182283,35.808411103989435,47.3,71.2,83.7,857.8,1025.2,972.6
Carroll,2011,12.876650546728422,12.876650546728422,1900813.3290838718,199.78628339018067,12,0.9999999999999997,0.9999999999999998,147617.0625416881,6.4452125182089945,True,1900.8133290838718,631.2,2.0,84.0,116.5,67.3,67.3,167.1,188700.0,110000.0,76893.577488,0.5208989812155672,32.663627535028034,19.50360124216722,30.39653243182283,63.3,47.3,71.2,1097.0,857.8,1025.2
Carroll,2012,2.9400544519083955,2.9164423027088553,430516.64579819795,62.98373921399319,12,0.9933051951189692,0.9598311707138162,147617.0625416881,4.667957934220583,True,430.51664579819794,628.5,2.0,116.6,122.4,65.0,39.1,109.9,193600.0,100700.0,76893.577488,0.5208989812155672,12.876650546728422,32.663627535028034,19.50360124216722,84.0,63.3,47.3,631.2,1097.0,857.8
Carroll,2013,26.270595275224544,26.27059527522454,3877988.105750197,200.64734821137674,12,0.9999999999999997,0.9999999999999998,147617.0625416881,13.092919248326751,True,3877.988105750197,781.25,2.0,97.0,114.6,67.5,43.3,128.4,190300.0,101100.0,76893.577488,0.5208989812155672,2.9400544519083955,12.876650546728422,32.663627535028034,116.6,84.0,63.3,628.5,631.2,1097.0
Carroll,2014,22.463920961819746,22.463920961819742,3316058.0255524833,278.6376502911076,12,0.9999999999999997,0.9999999999999998,147617.0625416881,8.062055123688593,True,3316.0580255524833,1055.55,2.0,61.7,93.5,70.0,75.6,177.4,189300.0,113000.0,76893.577488,0.5208989812155672,26.270595275224544,2.9400544519083955,12.876650546728422,97.0,116.6,84.0,781.25,628.5,631.2
Carroll,2015,59.185517894401876,59.185517894401855,8736792.296580119,497.31999630785265,12,0.9999999999999997,0.9999999999999998,147617.0625416881,11.900892450293647,True,8736.792296580119,1262.25,2.0,65.6,94.5,73.1,83.9,185.9,183900.0,119000.0,76893.577488,0.5208989812155672,22.463920961819746,26.270595275224544,2.9400544519083955,61.7,97.0,116.6,1055.55,781.25,628.5
Carroll,2016,37.12309083228193,37.123090832281925,5480001.621129729,393.0196971655344,12,0.9999999999999997,0.9999999999999998,147617.0625416881,9.445605678294084,True,5480.001621129729,922.25,2.0,70.1,101.0,78.4,77.7,187.0,192400.0,107000.0,76893.577488,0.5208989812155672,59.185517894401876,22.463920961819746,26.270595275224544,65.6,61.7,97.0,1262.25,1055.55,781.25
Carroll,2017,20.53317990239346,20.53317990239346,3031047.701831348,252.78218278970252,12,0.9999999999999997,0.9999999999999998,147617.0625416881,8.122874672490529,True,3031.0477018313477,804.4499999999999,2.0,79.3,103.0,83.3,91.5,198.5,177100.0,121100.0,76893.577488,0.5208989812155672,37.12309083228193,59.185517894401876,22.463920961819746,70.1,65.6,61.7,922.25,1262.25,1055.55
Carroll,2018,28.490286216471134,28.490286216471134,4205652.362247413,367.0499802951721,12,0.9999999999999997,0.9999999999999998,147617.0625416881,7.761963695941349,True,4205.652362247413,1167.5,2.0,67.5,92.6,83.0,84.6,192.7,179900.0,112700.0,76893.577488,0.5208989812155672,20.53317990239346,37.12309083228193,59.185517894401876,79.3,70.1,65.6,804.4499999999999,922.25,1262.25
Carroll,2019,27.813413707359143,27.81341370735914,4105734.4307370787,405.5483336423267,12,0.9999999999999997,0.9999999999999998,147617.0625416881,6.858224137567084,True,4105.734430737079,998.65,2.0,62.0,93.7,82.5,82.6,196.8,182000.0,110200.0,76893.577488,0.5208989812155672,28.490286216471134,20.53317990239346,37.12309083228193,67.5,79.3,70.1,1167.5,804.4499999999999,922.25
Cass,2002,1.1371923615793333,1.1047854073468661,161676.5562462758,50.74036149546939,12,0.9239555277351065,0.5766061157412136,146342.04540639333,2.2411987775863076,True,161.67655624627582,583.5,2.0,-0.7,59.4,18.0,59.5,137.6,120000.0,110300.0,45030.220592,0.30770528365208116,9.805523680040341,1.193607718652105,,7.4,10.6,,919.15,637.25,
Cass,2003,4.351959321192166,4.267683600269896,624541.5472108173,82.97631174315745,12,0.8759050180900054,0.4168192943926716,146342.04540639333,5.244821358971822,True,624.5415472108174,689.65,2.0,-1.1,64.8,16.9,30.0,112.8,116000.0,115500.0,45030.220592,0.30770528365208116,1.1371923615793333,9.805523680040341,1.193607718652105,-0.7,7.4,10.6,583.5,919.15,637.25
Cass,2004,13.483797634272566,13.395147194989534,1960273.2390344804,178.32039461905495,12,0.993425410133885,0.9934254101338851,146342.04540639333,7.561556636905129,True,1960.2732390344804,862.55,2.0,-8.9,69.7,16.1,87.6,182.3,124000.0,110200.0,45030.220592,0.30770528365208116,4.351959321192166,1.1371923615793333,9.805523680040341,-1.1,-0.7,7.4,689.65,583.5,919.15
Cass,2005,7.343967168673256,7.295683596549017,1067665.2601568552,125.73849390503852,12,0.993425410133885,0.9934254101338851,146342.04540639333,5.840667356982691,True,1067.6652601568553,694.25,2.0,6.2,76.2,16.1,85.0,171.1,124500.0,109900.0,45030.220592,0.30770528365208116,13.483797634272566,4.351959321192166,1.1371923615793333,-8.9,-1.1,-0.7,862.55,689.65,583.5
Cass,2006,3.489004756767431,3.466065981450761,507231.1852390225,81.27977441661442,12,0.993425410133885,0.9934254101338851,146342.04540639333,4.2925866635454675,True,507.23118523902247,961.1500000000001,2.0,1.6,72.6,16.1,84.6,171.7,126900.0,109200.0,45030.220592,0.30770528365208116,7.343967168673256,13.483797634272566,4.351959321192166,6.2,-8.9,-1.1,694.25,862.55,689.65
Cass,2007,33.82480206211183,33.45761220946718,4896255.405147346,464.8223884143016,12,0.9586904689344958,0.5766061157412136,146342.04540639333,7.276930480371654,True,4896.255405147345,1209.95,2.0,14.6,82.6,16.2,77.0,161.2,132000.0,104700.0,45030.220592,0.30770528365208116,3.489004756767431,7.343967168673256,13.483797634272566,1.6,6.2,-8.9,961.1500000000001,694.25,862.55
Cass,2010,27.708010459001994,27.525841654228028,4028187.9692122308,557.697544431227,12,0.993425410133885,0.9934254101338851,146342.04540639333,4.9682862576094475,True,4028.1879692122307,1133.9,2.0,-0.9,66.3,15.0,83.2,165.4,135000.0,107300.0,45030.220592,0.30770528365208116,10.57762712020116,19.198293008458513,33.82480206211183,-2.2,4.4,14.6,1095.05,1189.65,1209.95
Cass,2011,10.809794308104731,10.73872434399188,1571526.8855552012,226.36639872086826,12,0.993425410133885,0.9934254101338851,146342.04540639333,4.775352865614237,True,1571.5268855552013,1006.15,2.0,30.1,106.5,14.7,80.9,172.0,136500.0,107900.0,45030.220592,0.30770528365208116,27.708010459001994,10.57762712020116,19.198293008458513,-0.9,-2.2,4.4,1133.9,1095.05,1189.65
Cass,2012,5.859136453461681,5.48513089486684,802705.2744766142,132.06778494866813,12,0.8973243908436829,0.4168192943926716,146342.04540639333,4.436461515379394,True,802.7052744766142,772.9,2.0,44.8,105.7,14.6,45.0,120.5,136400.0,109100.0,45030.220592,0.30770528365208116,10.809794308104731,27.708010459001994,10.57762712020116,30.1,-0.9,-2.2,1006.15,1133.9,1095.05
Cass,2013,18.634510992481484,18.51199672535031,2709083.4653442195,186.51599807058358,12,0.993425410133885,0.9934254101338851,146342.04540639333,9.990837882672988,True,2709.0834653442193,842.4,2.0,27.1,101.9,13.0,64.1,151.9,134900.0,111400.0,45030.220592,0.30770528365208116,5.859136453461681,10.809794308104731,27.708010459001994,44.8,30.1,-0.9,772.9,1006.15,1133.9
Cass,2014,20.92745669816618,20.789867253434853,3042431.697595053,400.86308013418335,12,0.993425410133885,0.9934254101338851,146342.04540639333,5.220599684850249,True,3042.431697595053,1095.0,2.0,14.2,88.2,11.9,92.4,178.3,131800.0,122800.0,45030.220592,0.30770528365208116,18.634510992481484,5.859136453461681,10.809794308104731,27.1,44.8,30.1,842.4,772.9,1006.15
Cass,2015,29.026255172872503,28.835419449761673,4219834.26242942,483.44275891461683,12,0.993425410133885,0.9934254101338851,146342.04540639333,6.004072796134065,True,4219.83426242942,1167.6,2.0,-13.5,69.3,11.3,97.3,191.4,133900.0,117000.0,45030.220592,0.30770528365208116,20.92745669816618,18.634510992481484,5.859136453461681,14.2,27.1,44.8,1095.0,842.4,772.9
Cass,2016,23.637049134244187,23.48164523054133,3436351.9925446985,408.8877243691483,12,0.993425410133885,0.9934254101338851,146342.04540639333,5.780816523829999,True,3436.3519925446985,1025.1,2.0,-8.2,73.9,10.8,104.6,197.5,132500.0,117700.0,45030.220592,0.30770528365208116,29.026255172872503,20.92745669816618,18.634510992481484,-13.5,14.2,27.1,1167.6,1095.0,842.4
Cass,2017,12.766279489396494,12.606009847561007,1844789.265505214,283.2210603138689,12,0.9586904689344958,0.5766061157412136,146342.04540639333,4.507531846413099,True,1844.789265505214,955.65,2.0,-8.1,75.2,10.7,100.5,194.5,126700.0,121300.0,45030.220592,0.30770528365208116,23.637049134244187,29.026255172872503,20.92745669816618,-8.2,-13.5,14.2,1025.1,1167.6,1095.0
Cass,2018,16.288888468204107,15.794600176558275,2311414.09621372,345.324654804988,12,0.9586904689344958,0.5766061157412136,146342.04540639333,4.716978136821068,True,2311.41409621372,1082.2,2.0,-4.6,67.8,12.1,90.5,175.0,125000.0,120500.0,45030.220592,0.30770528365208116,12.766279489396494,23.637049134244187,29.026255172872503,-8.1,-8.2,-13.5,955.65,1025.1,1167.6
Cass,2019,14.468556391103657,14.373431566877397,2103437.375005659,431.7687361511901,12,0.993425410133885,0.9934254101338851,146342.04540639333,3.350996767407745,True,2103.4373750056593,1114.4,2.0,-15.0,68.6,14.1,94.5,192.2,134000.0,111300.0,45030.220592,0.30770528365208116,16.288888468204107,12.766279489396494,23.637049134244187,-4.6,-8.1,-8.2,1082.2,955.65,1025.1
Cedar,2001,31.606243760155053,31.60624376015504,4761960.159971071,344.76966094261235,12,0.9999999999999997,0.9999999999999997,150665.17223961675,9.167350651951937,True,4761.960159971071,983.3333333333333,3.0,-6.0,60.2,21.1,84.0,171.3,135300.0,127200.0,88540.845254,0.5876663062727284,12.01212214177813,,,12.8,,,870.5333333333333,,
Cedar,2002,11.844370444625985,11.844370444625978,1784534.1131093989,218.73776480005947,12,0.9999999999999997,0.9999999999999997,150665.17223961675,5.414872212602387,True,1784.534113109399,972.6,3.0,-13.9,60.4,19.8,81.6,175.7,138500.0,122400.0,88540.845254,0.5876663062727284,31.606243760155053,12.01212214177813,,-6.0,12.8,,983.3333333333333,870.5333333333333,
Cedar,2003,6.12884373219945,6.119316954729943,921967.942973194,139.66805922418567,12,0.9792965192317422,0.7515582307809094,150665.17223961675,4.388149850612478,True,921.967942973194,711.9666666666667,3.0,-9.1,70.9,20.0,43.5,143.5,143500.0,118500.0,88540.845254,0.5876663062727284,11.844370444625985,31.606243760155053,12.01212214177813,-13.9,-6.0,12.8,972.6,983.3333333333333,870.5333333333333
Cedar,2004,21.522079492376466,21.52207949237646,3242627.8136736224,281.50933283581924,12,0.9999999999999997,0.9999999999999997,150665.17223961675,7.645245461516719,True,3242.6278136736223,963.8333333333334,3.0,-8.2,69.3,20.1,75.3,172.9,147000.0,117500.0,88540.845254,0.5876663062727284,6.12884373219945,11.844370444625985,31.606243760155053,-9.1,-13.9,-6.0,711.9666666666667,972.6,983.3333333333333
Cedar,2005,10.50748170586371,10.507481705863707,1583111.541018577,150.06843026362793,12,0.9999999999999997,0.9999999999999997,150665.17223961675,7.001793573375178,True,1583.111541018577,580.1,3.0,19.7,80.6,20.6,67.4,148.9,150000.0,110900.0,88540.845254,0.5876663062727284,21.522079492376466,6.12884373219945,11.844370444625985,-8.2,-9.1,-13.9,963.8333333333334,711.9666666666667,972.6
Cedar,2006,11.723231354927494,11.72323135492749,1766282.6712950256,149.41814924396036,12,0.9999999999999997,0.9999999999999997,150665.17223961675,7.8459219407051775,True,1766.2826712950257,868.9,3.0,1.6,73.1,21.3,80.5,173.3,144600.0,118000.0,88540.845254,0.5876663062727284,10.50748170586371,21.522079492376466,6.12884373219945,19.7,-8.2,-9.1,580.1,963.8333333333334,711.9666666666667
Cedar,2007,28.838107152802625,28.838107152802614,4344898.381241529,362.4466344786171,12,0.9999999999999997,0.9999999999999997,150665.17223961675,7.95651122386238,True,4344.898381241529,1092.0333333333333,3.0,6.7,87.2,23.5,62.7,166.7,173900.0,90900.0,88540.845254,0.5876663062727284,11.723231354927494,10.50748170586371,21.522079492376466,1.6,19.7,-8.2,868.9,580.1,963.8333333333334
Cedar,2010,28.53559787799137,28.53559787799136,4299320.76924801,469.73788518294066,12,0.9999999999999997,0.9999999999999997,150665.17223961675,6.074791661072453,True,4299.32076924801,1102.55,2.0,11.3,81.2,23.3,76.3,169.5,160500.0,109600.0,88540.845254,0.5876663062727284,22.57780946861734,34.61210031488987,28.838107152802625,-0.3,9.5,6.7,1297.6333333333334,1145.6666666666665,1092.0333333333333
Cedar,2011,21.186325598350045,21.186325598350038,3192041.39540001,301.9634451840731,12,0.9999999999999997,0.9999999999999997,150665.17223961675,7.016188858699478,True,3192.04139540001,893.75,2.0,30.6,104.8,23.7,87.2,185.1,172000.0,99200.0,88540.845254,0.5876663062727284,28.53559787799137,22.57780946861734,34.61210031488987,11.3,-0.3,9.5,1102.55,1297.6333333333334,1145.6666666666665
Cedar,2012,5.386812097223305,5.386812097223303,811604.9724505998,103.47971007014525,12,0.9999999999999997,0.9999999999999997,150665.17223961675,5.205669878251277,True,811.6049724505998,708.25,2.0,30.7,92.5,23.8,82.8,168.4,160400.0,108200.0,88540.845254,0.5876663062727284,21.186325598350045,28.53559787799137,22.57780946861734,30.6,11.3,-0.3,893.75,1102.55,1297.6333333333334
Cedar,2013,29.80902670675447,29.80902670675446,4491182.143068496,394.16291162366787,12,0.9999999999999997,0.9999999999999997,150665.17223961675,7.56261581891678,True,4491.182143068496,1055.1499999999999,2.0,17.5,84.7,25.7,69.6,162.5,159800.0,109900.0,88540.845254,0.5876663062727284,5.386812097223305,21.186325598350045,28.53559787799137,30.7,30.6,11.3,708.25,893.75,1102.55
Cedar,2014,22.057589654123255,22.057589654123245,3323310.5444292673,363.1983011541287,12,0.9999999999999997,0.9999999999999997,150665.17223961675,6.073153311574213,True,3323.3105444292673,1014.75,2.0,4.5,69.5,28.5,87.8,181.3,152900.0,116900.0,88540.845254,0.5876663062727284,29.80902670675447,5.386812097223305,21.186325598350045,17.5,30.7,30.6,1055.1499999999999,708.25,893.75
Cedar,2015,27.25519938750045,27.10953726872372,4084463.101928569,319.0403643950376,12,0.9792965192317422,0.7515582307809094,150665.17223961675,8.542868686594435,True,4084.463101928569,1120.65,2.0,13.9,79.1,30.7,88.9,184.8,154400.0,115500.0,88540.845254,0.5876663062727284,22.057589654123255,29.80902670675447,5.386812097223305,4.5,17.5,30.7,1014.75,1055.1499999999999,708.25
Cedar,2016,33.13972541166074,33.13972541166073,4993002.437121469,447.65911534047467,12,0.9999999999999997,0.9999999999999997,150665.17223961675,7.402893021949473,True,4993.002437121469,1068.15,2.0,10.9,84.5,32.8,94.7,201.1,160800.0,113000.0,88540.845254,0.5876663062727284,27.25519938750045,22.057589654123255,29.80902670675447,13.9,4.5,17.5,1120.65,1014.75,1055.1499999999999
Cedar,2017,24.04713637544266,24.04713637544265,3623065.9438756197,335.5882584701221,12,0.9999999999999997,0.9999999999999997,150665.17223961675,7.165666786158911,True,3623.0659438756197,854.15,2.0,14.9,86.2,36.2,96.9,204.4,153800.0,117300.0,88540.845254,0.5876663062727284,33.13972541166074,27.25519938750045,22.057589654123255,10.9,13.9,4.5,1068.15,1120.65,1014.75
Cedar,2018,30.46793044367096,30.467930443670948,4590455.988080346,585.3730127661692,12,0.9999999999999997,0.9999999999999997,150665.17223961675,5.204874461105633,True,4590.455988080346,1227.65,2.0,6.9,77.6,35.1,106.1,211.9,151300.0,118100.0,88540.845254,0.5876663062727284,24.04713637544266,33.13972541166074,27.25519938750045,14.9,10.9,13.9,854.15,1068.15,1120.65
Cedar,2019,27.406223576403548,27.406223576403537,4129163.3955762843,525.7995542946884,12,0.9999999999999997,0.9999999999999997,150665.17223961675,5.2122949425406935,True,4129.1633955762845,1172.8,2.0,16.6,78.5,34.2,96.6,192.7,154700.0,116350.0,88540.845254,0.5876663062727284,30.46793044367096,24.04713637544266,33.13972541166074,6.9,14.9,10.9,1227.65,854.15,1068.15
Cerro Gordo,2001,26.81704126356911,21.980724247530286,3270442.078342367,354.75182214442526,12,0.8620516714436278,0.8160688952581706,148786.82073953174,7.559380837415812,True,3270.442078342367,734.1,5.0,-3.3,62.1,15.0,67.5,147.9,150200.0,143000.0,82880.097486,0.5570392395915968,11.812323916463802,,,6.1,,,801.6,,
Cerro Gordo,2002,11.135964239744878,11.135964239744874,1656884.7151007564,153.8317352039354,12,0.9999999999999996,0.9999999999999996,148786.82073953174,7.23905520859001,True,1656.8847151007565,792.7199999999999,5.0,-11.4,63.1,15.9,65.8,156.2,155500.0,130500.0,82880.097486,0.5570392395915968,26.81704126356911,11.812323916463802,,-3.3,6.1,,734.1,801.6,
Cerro Gordo,2003,14.496844121948843,14.496844121948838,2156939.3476613364,160.156287130263,12,0.9999999999999996,0.9999999999999996,148786.82073953174,9.051685938596869,True,2156.9393476613363,661.16,5.0,-11.7,68.9,15.2,26.3,122.1,158500.0,129400.0,82880.097486,0.5570392395915968,11.135964239744878,26.81704126356911,11.812323916463802,-11.4,-3.3,6.1,792.7199999999999,734.1,801.6
Cerro Gordo,2004,21.839969084575117,21.83996908457511,3249499.5651435917,307.3514642761547,12,0.9999999999999996,0.9999999999999996,148786.82073953174,7.105861407236358,True,3249.4995651435916,1061.22,5.0,-8.0,71.4,14.8,57.1,151.3,170500.0,117300.0,82880.097486,0.5570392395915968,14.496844121948843,11.135964239744878,26.81704126356911,-11.7,-11.4,-3.3,661.16,792.7199999999999,734.1
Cerro Gordo,2005,23.47182889431029,23.47182889431028,3492298.7981267055,265.4940820457779,12,0.9999999999999996,0.9999999999999996,148786.82073953174,8.840810579824206,True,3492.2987981267056,1024.58,5.0,-6.1,78.0,14.5,72.8,171.4,173000.0,114900.0,82880.097486,0.5570392395915968,21.839969084575117,14.496844121948843,11.135964239744878,-8.0,-11.7,-11.4,1061.22,661.16,792.7199999999999
Cerro Gordo,2006,22.352193896078163,22.352193896078155,3325711.866351036,211.28767431313267,12,0.9999999999999996,0.9999999999999996,148786.82073953174,10.57903352324838,True,3325.711866351036,830.3,5.0,-9.6,69.9,14.5,64.9,158.9,175300.0,112300.0,82880.097486,0.5570392395915968,23.47182889431029,21.839969084575117,14.496844121948843,-6.1,-8.0,-11.7,1024.58,1061.22,661.16
Cerro Gordo,2007,32.26842221635075,32.268422216350736,4801115.9518516995,378.9037980860021,12,0.9999999999999996,0.9999999999999996,148786.82073953174,8.516257260906789,True,4801.1159518517,1089.0,5.0,1.3,90.4,14.7,51.0,154.8,201500.0,82400.0,82880.097486,0.5570392395915968,22.352193896078163,23.47182889431029,21.839969084575117,-9.6,-6.1,-8.0,830.3,1024.58,1061.22
Cerro Gordo,2008,34.241858457538086,31.404129012518506,4672520.513866719,423.89362202151386,12,0.7256936727014621,0.023371277684363406,148786.82073953174,8.077936698891925,True,4672.520513866719,1068.84,5.0,4.9,88.1,14.4,50.7,148.3,179500.0,100100.0,82880.097486,0.5570392395915968,32.26842221635075,22.352193896078163,23.47182889431029,1.3,-9.6,-6.1,1089.0,830.3,1024.58
Cerro Gordo,2009,22.614083849186486,18.855972711621703,2805520.23171356,341.1843096414249,12,0.7558428194210904,0.023371277684363406,148786.82073953174,6.628113664709041,True,2805.52023171356,882.0,5.0,-4.7,77.9,14.3,56.8,153.7,178500.0,102600.0,82880.097486,0.5570392395915968,34.241858457538086,32.26842221635075,22.352193896078163,4.9,1.3,-9.6,1068.84,1089.0,830.3
Cerro Gordo,2010,25.625576147827076,25.625576147827065,3812748.004653966,413.8750125807155,12,0.9999999999999996,0.9999999999999996,148786.82073953174,6.191621955633158,True,3812.748004653966,855.36,5.0,0.0,83.2,13.9,65.7,162.8,176000.0,103700.0,82880.097486,0.5570392395915968,22.614083849186486,34.241858457538086,32.26842221635075,-4.7,4.9,1.3,882.0,1068.84,1089.0
Cerro Gordo,2011,19.625274267587987,19.62527426758798,2919982.1644157576,291.46453057236033,12,0.9999999999999996,0.9999999999999996,148786.82073953174,6.733331918312347,True,2919.982164415758,644.86,5.0,17.7,101.9,14.0,54.6,152.8,183900.0,96000.0,82880.097486,0.5570392395915968,25.625576147827076,22.614083849186486,34.241858457538086,0.0,-4.7,4.9,855.36,882.0,1068.84
Cerro Gordo,2012,2.4024498189738845,2.3906582685641005,355698.44325432606,59.72524925734847,12,0.9679032468066743,0.6382102393644588,148786.82073953174,4.022502792113993,True,355.69844325432604,583.82,5.0,31.2,95.6,14.2,46.2,124.8,177300.0,98500.0,82880.097486,0.5570392395915968,19.625274267587987,25.625576147827076,22.614083849186486,17.7,0.0,-4.7,644.86,855.36,882.0
Cerro Gordo,2013,40.39872677538181,40.39872677538179,6010798.118834052,361.83741050412743,12,0.9999999999999996,0.9999999999999996,148786.82073953174,11.16488389608376,True,6010.798118834052,1047.46,5.0,-3.1,76.0,16.9,46.0,142.0,130300.0,88100.0,82880.097486,0.5570392395915968,2.4024498189738845,19.625274267587987,25.625576147827076,31.2,17.7,0.0,583.82,644.86,855.36
Cerro Gordo,2014,28.68534191127124,27.64544255864907,4113277.5062387404,301.0607756091541,12,0.892273035765433,0.5690921430617331,148786.82073953174,9.528090085209701,True,4113.27750623874,948.26,5.0,0.3,83.2,13.7,59.9,156.5,181800.0,97000.0,82880.097486,0.5570392395915968,40.39872677538181,2.4024498189738845,19.625274267587987,-3.1,31.2,17.7,1047.46,583.82,644.86
Cerro Gordo,2015,26.654945858976244,15.72405996190529,2339532.890849651,294.0414819888208,12,0.6050011311399219,0.5690921430617331,148786.82073953174,9.0650290832059,True,2339.532890849651,1004.68,5.0,-8.3,77.9,13.7,90.6,190.5,160400.0,113900.0,82880.097486,0.5570392395915968,28.68534191127124,40.39872677538181,2.4024498189738845,0.3,-3.1,31.2,948.26,1047.46,583.82
Cerro Gordo,2016,54.6953138213187,32.71942978989323,4868219.934848538,584.3847241010674,12,0.6050011311399219,0.5690921430617331,148786.82073953174,9.359470151355175,True,4868.219934848537,1173.82,5.0,-7.6,83.3,13.8,77.7,182.4,174200.0,97400.0,82880.097486,0.5570392395915968,26.654945858976244,28.68534191127124,40.39872677538181,-8.3,0.3,-3.1,1004.68,948.26,1047.46
Cerro Gordo,2017,27.92847081966424,16.045175656857396,2387310.67419114,355.6993673323902,12,0.6409101192181108,0.5690921430617331,148786.82073953174,7.851706633362082,True,2387.31067419114,827.06,5.0,-8.2,84.9,13.6,82.1,188.8,162500.0,113400.0,82880.097486,0.5570392395915968,54.6953138213187,26.654945858976244,28.68534191127124,-7.6,-8.3,0.3,1173.82,1004.68,948.26
Cerro Gordo,2018,42.51880498054413,24.913405235074748,3706786.358722378,675.2637599934468,12,0.6050011311399219,0.5690921430617331,148786.82073953174,6.296621779459446,True,3706.786358722378,1326.62,5.0,-7.2,76.3,13.6,75.2,172.3,160300.0,114200.0,82880.097486,0.5570392395915968,27.92847081966424,54.6953138213187,26.654945858976244,-8.2,-7.6,-8.3,827.06,1173.82,1004.68
Cerro Gordo,2019,25.72810097978073,15.257484375091106,2270112.592652887,478.6727159789266,12,0.6050011311399219,0.5690921430617331,148786.82073953174,5.37488353125884,True,2270.112592652887,1022.29,4.083333333333333,-13.3,77.2,13.8,69.8,174.1,168000.0,102200.0,82880.097486,0.5570392395915968,42.51880498054413,27.92847081966424,54.6953138213187,-7.2,-8.2,-7.6,1326.62,827.06,1173.82
Cherokee,2001,10.8900713371094,9.083868494627083,1357911.521349674,178.030489153482,12,0.8341422396079782,0.8341422396079781,149486.03914211775,6.116969845384715,True,1357.911521349674,814.9,3.0,13.0,63.2,28.8,80.8,159.8,133500.0,140300.0,59542.260552,0.39831318625943807,1.4288088177517624,,,30.0,,,578.1333333333333,,
Cherokee,2002,4.011322598991708,3.3460136165130385,500182.32244812703,69.45164703023516,12,0.8341422396079782,0.8341422396079781,149486.03914211775,5.7757055023409505,True,500.182322448127,787.6,3.0,20.8,65.1,35.5,102.7,182.5,134000.0,134600.0,59542.260552,0.39831318625943807,10.8900713371094,1.4288088177517624,,13.0,30.0,,814.9,578.1333333333333,
Cherokee,2003,9.140597570469508,8.152922102202929,1218748.0324925438,105.44161274460023,12,0.8479637196406467,0.8341422396079781,149486.03914211775,8.668871171962993,True,1218.7480324925439,779.0666666666667,3.0,17.5,72.5,34.3,58.3,147.6,135000.0,136000.0,59542.260552,0.39831318625943807,4.011322598991708,10.8900713371094,1.4288088177517624,20.8,13.0,30.0,787.6,814.9,578.1333333333333
Cherokee,2004,11.786469166489885,10.20164881157428,1525004.0735611317,163.9455029097431,12,0.8479637196406467,0.8341422396079781,149486.03914211775,7.189260429411527,True,1525.0040735611317,889.5,3.0,16.5,75.4,33.1,92.3,184.3,141000.0,133000.0,59542.260552,0.39831318625943807,9.140597570469508,4.011322598991708,10.8900713371094,17.5,20.8,13.0,779.0666666666667,787.6,814.9
Cherokee,2005,12.111732288818205,10.143890984834183,1516370.084812298,137.84034464973047,12,0.8479637196406467,0.8341422396079781,149486.03914211775,8.786783230697536,True,1516.370084812298,802.8666666666667,3.0,21.9,78.3,33.3,102.1,191.8,142000.0,132400.0,59542.260552,0.39831318625943807,11.786469166489885,9.140597570469508,4.011322598991708,16.5,17.5,20.8,889.5,779.0666666666667,787.6
Cherokee,2006,11.586086156279963,9.715492641793263,1452330.513336065,136.8197862794251,12,0.8479637196406467,0.8341422396079781,149486.03914211775,8.46813642335171,True,1452.330513336065,701.5333333333333,3.0,37.6,78.8,34.1,92.0,167.3,142700.0,133000.0,59542.260552,0.39831318625943807,12.111732288818205,11.786469166489885,9.140597570469508,21.9,16.5,17.5,802.8666666666667,889.5,779.0666666666667
Cherokee,2007,18.957357985151415,15.81313304678439,2363842.625591127,259.1134688628348,12,0.8341422396079782,0.8341422396079781,149486.03914211775,7.316237966458913,True,2363.842625591127,1050.2333333333333,3.0,49.0,96.6,38.3,89.5,175.4,149000.0,126400.0,59542.260552,0.39831318625943807,11.586086156279963,12.111732288818205,11.786469166489885,37.6,21.9,16.5,701.5333333333333,802.8666666666667,889.5
Cherokee,2010,32.40281290350382,27.028554924926972,4040391.619462512,401.4465812079649,12,0.8341422396079782,0.8341422396079781,149486.03914211775,8.071512978389995,True,4040.391619462512,1002.5999999999999,2.0,14.8,69.2,34.9,98.9,188.2,147500.0,142500.0,59542.260552,0.39831318625943807,8.733287908696902,15.948406766468098,18.957357985151415,25.3,38.2,49.0,777.15,880.3333333333333,1050.2333333333333
Cherokee,2011,22.53653126357721,18.79867266119551,2810139.117251331,282.03415058617384,12,0.8341422396079782,0.8341422396079781,149486.03914211775,7.990710067109871,True,2810.139117251331,569.55,2.0,27.9,82.2,35.5,86.1,175.9,150800.0,132400.0,59542.260552,0.39831318625943807,32.40281290350382,8.733287908696902,15.948406766468098,14.8,25.3,38.2,1002.5999999999999,777.15,880.3333333333333
Cherokee,2012,4.743512566242924,3.9630466758069485,592420.1505017172,81.07969652065606,12,0.8479637196406467,0.8341422396079781,149486.03914211775,5.850432068445712,True,592.4201505017172,662.85,2.0,35.5,83.9,35.0,82.2,165.6,153400.0,133600.0,59542.260552,0.39831318625943807,22.53653126357721,32.40281290350382,8.733287908696902,27.9,14.8,25.3,569.55,1002.5999999999999,777.15
Cherokee,2013,10.468561978247823,8.732269734010565,1305352.4152578334,114.38383281359765,12,0.8341422396079782,0.8341422396079781,149486.03914211775,9.152134283966177,True,1305.3524152578334,782.15,2.0,14.3,73.6,34.9,87.6,181.8,144900.0,131400.0,59542.260552,0.39831318625943807,4.743512566242924,22.53653126357721,32.40281290350382,35.5,27.9,14.8,662.85,569.55,1002.5999999999999
Cherokee,2014,9.407896986013585,8.038987178758592,1201716.3520668896,148.80445742438602,12,0.8479637196406467,0.8341422396079781,149486.03914211775,6.3223220250604015,True,1201.7163520668896,912.65,2.0,13.9,68.3,35.3,95.1,184.8,150600.0,132600.0,59542.260552,0.39831318625943807,10.468561978247823,4.743512566242924,22.53653126357721,14.3,35.5,27.9,782.15,662.85,569.55
Cherokee,2015,21.881138262755815,18.251981675666958,2728416.4471899667,218.72567230855626,12,0.8341422396079782,0.8341422396079781,149486.03914211775,10.003918621810476,True,2728.4164471899667,1241.1,2.0,7.3,67.8,35.7,113.9,210.1,147000.0,134700.0,59542.260552,0.39831318625943807,9.407896986013585,10.468561978247823,4.743512566242924,13.9,14.3,35.5,912.65,782.15,662.85
Cherokee,2016,42.27741300594106,35.265375969607135,5271681.372554191,389.0706893598556,12,0.8341422396079782,0.8341422396079781,149486.03914211775,10.866254940843984,True,5271.6813725541915,841.95,2.0,10.9,72.2,36.6,128.6,226.5,149400.0,130500.0,59542.260552,0.39831318625943807,21.881138262755815,9.407896986013585,10.468561978247823,7.3,13.9,14.3,1241.1,912.65,782.15
Cherokee,2017,17.300235994866163,14.43085759850422,2157211.743824329,236.17944950160708,12,0.8341422396079782,0.8341422396079781,149486.03914211775,7.325038665037808,True,2157.211743824329,681.25,2.0,18.0,73.5,38.5,114.8,208.8,139100.0,134700.0,59542.260552,0.39831318625943807,42.27741300594106,21.881138262755815,9.407896986013585,10.9,7.3,13.9,841.95,1241.1,912.65
Cherokee,2018,26.826263702956265,22.376919685498148,3345037.091986401,435.49587580054606,12,0.8341422396079782,0.8341422396079781,149486.03914211775,6.1599351896600965,True,3345.037091986401,1021.8,2.0,6.2,66.2,36.6,118.6,215.2,142800.0,132900.0,59542.260552,0.39831318625943807,17.300235994866163,42.27741300594106,21.881138262755815,18.0,10.9,7.3,681.25,841.95,1241.1
Cherokee,2019,25.288448827646416,21.094163341304725,3153282.926908503,430.8769510264313,12,0.8341422396079782,0.8341422396079781,149486.03914211775,5.869065116480353,True,3153.2829269085028,1008.9,1.3333333333333333,3.7,67.0,36.2,100.7,200.2,149200.0,128100.0,59542.260552,0.39831318625943807,26.826263702956265,17.300235994866163,42.27741300594106,6.2,18.0,10.9,1021.8,681.25,841.95
Chickasaw,2001,30.405779061553243,30.405779061553236,3981110.329975547,299.2626283215175,12,0.9999999999999996,0.9999999999999996,130932.68624744713,10.160232579687937,True,3981.110329975547,762.8,1.0,4.5,57.8,29.7,43.5,126.5,115300.0,112300.0,83926.210796,0.6409874661655494,17.686943553397835,,,19.4,,,1041.0,,
Chickasaw,2002,8.741405757750735,8.741405757750728,1144535.737441204,132.29287243451208,12,0.9999999999999996,0.9999999999999996,130932.68624744713,6.607616568366468,True,1144.535737441204,742.45,2.0,-1.0,60.3,30.0,76.0,167.3,120500.0,101800.0,83926.210796,0.6409874661655494,30.405779061553243,17.686943553397835,,4.5,19.4,,762.8,1041.0,
Chickasaw,2003,8.861505732760438,8.861505732760435,1160260.7497874761,135.69755284391053,12,0.9999999999999996,0.9999999999999996,130932.68624744713,6.530335696586662,True,1160.2607497874762,696.75,2.0,7.5,68.4,31.3,12.1,104.3,119000.0,105600.0,83926.210796,0.6409874661655494,8.741405757750735,30.405779061553243,17.686943553397835,-1.0,4.5,19.4,742.45,762.8,1041.0
Chickasaw,2004,27.57207965743145,27.57207965743144,3610086.4549760898,339.50658299779195,12,0.9999999999999996,0.9999999999999996,130932.68624744713,8.121220924193617,True,3610.08645497609,1116.45,2.0,9.5,70.4,34.6,61.9,157.4,127000.0,99700.0,83926.210796,0.6409874661655494,8.861505732760438,8.741405757750735,30.405779061553243,7.5,-1.0,4.5,696.75,742.45,762.8
Chickasaw,2005,13.417799808050225,13.417799808050216,1756828.5723984952,205.00101326116317,12,0.9999999999999996,0.9999999999999996,130932.68624744713,6.545235847666996,True,1756.8285723984952,1035.75,2.0,17.5,76.9,35.7,90.8,185.9,127000.0,98900.0,83926.210796,0.6409874661655494,27.57207965743145,8.861505732760438,8.741405757750735,9.5,7.5,-1.0,1116.45,696.75,742.45
Chickasaw,2006,20.967013234439847,20.967013234439836,2745267.365370983,214.53589974514472,12,0.9999999999999996,0.9999999999999996,130932.68624744713,9.77319565599387,True,2745.2673653709826,785.85,2.0,16.4,72.2,36.9,74.2,166.9,127800.0,99500.0,83926.210796,0.6409874661655494,13.417799808050225,27.57207965743145,8.861505732760438,17.5,9.5,7.5,1035.75,1116.45,696.75
Chickasaw,2007,37.44297406234032,37.442974062340305,4902509.175075704,439.3863901629478,12,0.9999999999999996,0.9999999999999996,130932.68624744713,8.52165085232942,True,4902.509175075705,1215.0,2.0,29.6,86.0,40.7,60.6,157.7,147000.0,81100.0,83926.210796,0.6409874661655494,20.967013234439847,13.417799808050225,27.57207965743145,16.4,17.5,9.5,785.85,1035.75,1116.45
Chickasaw,2008,43.912830796968144,43.75835587251469,5729399.080160101,523.6407051642168,12,0.9397607586146625,0.5975917526147101,130932.68624744713,8.386061351589698,True,5729.399080160101,1036.75,2.0,36.0,87.0,40.0,57.9,148.9,135500.0,94200.0,83926.210796,0.6409874661655494,37.44297406234032,20.967013234439847,13.417799808050225,29.6,16.4,17.5,1215.0,785.85,1035.75
Chickasaw,2010,42.672394256681635,42.672394256681606,5587211.208637458,453.7031351735409,12,0.9999999999999996,0.9999999999999996,130932.68624744713,9.405355825976274,True,5587.211208637458,974.55,2.0,18.0,78.0,38.8,74.1,172.9,142000.0,90900.0,83926.210796,0.6409874661655494,19.250811610254235,43.912830796968144,37.44297406234032,17.9,36.0,29.6,955.6,1036.75,1215.0
Chickasaw,2011,25.883919442899163,25.883919442899153,3389051.103271312,333.59038343614264,12,0.9999999999999996,0.9999999999999996,130932.68624744713,7.7591923293118485,True,3389.051103271312,776.15,2.0,33.1,98.7,38.3,66.1,170.0,149900.0,88300.0,83926.210796,0.6409874661655494,42.672394256681635,19.250811610254235,43.912830796968144,18.0,17.9,36.0,974.55,955.6,1036.75
Chickasaw,2012,7.599288723311214,7.599288723311211,994995.2861130696,118.11785154764044,12,0.9999999999999996,0.9999999999999996,130932.68624744713,6.433649633600214,True,994.9952861130696,677.3,2.0,55.9,97.7,37.9,46.3,126.0,152400.0,81700.0,83926.210796,0.6409874661655494,25.883919442899163,42.672394256681635,19.250811610254235,33.1,18.0,17.9,776.15,974.55,955.6
Chickasaw,2013,48.749165649856025,48.749165649856,6382859.210857423,436.647905739058,12,0.9999999999999996,0.9999999999999996,130932.68624744713,11.164410732107957,True,6382.859210857423,927.0,2.0,29.0,86.7,40.7,57.9,156.3,132600.0,82400.0,83926.210796,0.6409874661655494,7.599288723311214,25.883919442899163,42.672394256681635,55.9,33.1,18.0,677.3,776.15,974.55
Chickasaw,2014,25.775312826103203,25.77531282610319,3374830.9471899685,342.87334533187925,12,0.9999999999999996,0.9999999999999996,130932.68624744713,7.517444320775173,True,3374.8309471899684,990.8,2.0,29.3,83.3,38.2,55.4,147.6,148400.0,86600.0,83926.210796,0.6409874661655494,48.749165649856025,7.599288723311214,25.883919442899163,29.0,55.9,33.1,927.0,677.3,776.15
Chickasaw,2015,25.265428610157834,25.26542861015782,3308070.4371210677,266.73771839783035,12,0.9999999999999996,0.9999999999999996,130932.68624744713,9.472011968129417,True,3308.0704371210677,886.1500000000001,2.0,11.8,81.6,37.9,77.8,185.5,141300.0,92600.0,83926.210796,0.6409874661655494,25.775312826103203,48.749165649856025,7.599288723311214,29.3,29.0,55.9,990.8,927.0,677.3
Chickasaw,2016,52.92026101378599,52.92026101378597,6928991.931451047,611.5025873956201,12,0.9999999999999996,0.9999999999999996,130932.68624744713,8.654135257084118,True,6928.991931451047,1446.35,2.0,12.0,87.2,38.7,69.5,183.4,154000.0,81000.0,83926.210796,0.6409874661655494,25.265428610157834,25.775312826103203,48.749165649856025,11.8,29.3,29.0,886.1500000000001,990.8,927.0
Chickasaw,2017,37.83735576949833,37.837355769498316,4954146.631400757,459.0946464800706,12,0.9999999999999996,0.9999999999999996,130932.68624744713,8.24173317192904,True,4954.146631400757,1157.55,2.0,20.7,89.0,39.1,64.8,172.2,140800.0,88800.0,83926.210796,0.6409874661655494,52.92026101378599,25.265428610157834,25.775312826103203,12.0,11.8,29.3,1446.35,886.1500000000001,990.8
Chickasaw,2018,41.09095173946643,41.09095173946642,5380148.691712549,722.0532785857979,12,0.9999999999999996,0.9999999999999996,130932.68624744713,5.690847608911426,True,5380.148691712549,1617.35,2.0,16.7,80.1,41.3,70.9,175.6,143200.0,87900.0,83926.210796,0.6409874661655494,37.83735576949833,52.92026101378599,25.265428610157834,20.7,12.0,11.8,1157.55,1446.35,886.1500000000001
Chickasaw,2019,32.54262481326497,32.54262481326496,4260893.284343609,605.6633494950255,12,0.9999999999999996,0.9999999999999996,130932.68624744713,5.37305498845151,True,4260.893284343609,1182.0,2.0,9.9,81.0,44.9,69.1,185.1,142500.0,80800.0,83926.210796,0.6409874661655494,41.09095173946643,37.83735576949833,52.92026101378599,16.7,20.7,12.0,1617.35,1157.55,1446.35
Clarke,2001,10.323695116083762,10.222287423550995,1142090.3987675207,226.9078586646589,12,0.9169490810385788,0.750847243115734,111725.52203299168,4.549730087286609,True,1142.0903987675206,1034.9,1.0,41.4,38.4,75.3,60.8,133.1,20800.0,29500.0,3644.602116,0.03262103456472351,1.0962679029618365,,,20.4,,,737.3,,
Clarke,2002,2.5943642237438493,2.1987581333989543,245657.4002782845,76.59911783799846,12,0.8754236215578676,0.750847243115734,111725.52203299168,3.386937469998989,True,245.6574002782845,633.8000000000001,1.0,25.2,31.5,70.5,56.9,133.7,27000.0,32900.0,3644.602116,0.03262103456472351,10.323695116083762,1.0962679029618365,,41.4,20.4,,1034.9,737.3,
Clarke,2003,6.093967639552569,5.9005543859096985,659242.5190498198,108.84032059478088,12,0.882119811725074,0.6945810848231373,111725.52203299168,5.598998244631032,True,659.2425190498197,805.1,1.0,19.4,32.8,63.8,22.5,99.7,27500.0,32800.0,3644.602116,0.03262103456472351,2.5943642237438493,10.323695116083762,1.0962679029618365,25.2,41.4,20.4,633.8000000000001,1034.9,737.3
Clarke,2004,7.923215915123014,7.869664337164631,879242.3562941358,217.58618805307316,12,0.9377118107789344,0.750847243115734,111725.52203299168,3.641414919769815,True,879.2423562941358,897.3,1.0,18.2,38.8,63.5,71.8,155.9,31000.0,31700.0,3644.602116,0.03262103456472351,6.093967639552569,2.5943642237438493,10.323695116083762,19.4,25.2,41.4,805.1,633.8000000000001,1034.9
Clarke,2005,6.679781301478124,6.344928950087821,708890.4992108037,164.15728332631906,12,0.8754236215578676,0.750847243115734,111725.52203299168,4.06913489680489,True,708.8904992108037,720.1,1.0,23.3,38.1,63.8,78.4,157.0,32000.0,34300.0,3644.602116,0.03262103456472351,7.923215915123014,6.093967639552569,2.5943642237438493,18.2,19.4,25.2,897.3,805.1,633.8000000000001
Clarke,2006,3.0401271944387283,2.7517230251668328,307437.6914769675,83.80640879025502,12,0.8338981620771563,0.750847243115734,111725.52203299168,3.62755932192173,True,307.4376914769675,972.1,1.0,26.8,38.4,69.0,67.5,148.1,31800.0,33800.0,3644.602116,0.03262103456472351,6.679781301478124,7.923215915123014,6.093967639552569,23.3,18.2,19.4,720.1,897.3,805.1
Clarke,2007,14.100864410533049,13.995689067355642,1563675.6672617432,361.44419381951695,12,0.9792372702596456,0.750847243115734,111725.52203299168,3.9012563077923326,True,1563.6756672617432,1182.5,1.0,29.6,30.2,85.9,61.3,147.8,39600.0,28000.0,3644.602116,0.03262103456472351,3.0401271944387283,6.679781301478124,7.923215915123014,26.8,23.3,18.2,972.1,720.1,897.3
Clarke,2010,18.265495396279274,18.2654953962793,2040722.0083405105,635.2915976043026,12,1.000000000000001,1.000000000000001,111725.52203299168,2.8751356802386216,True,2040.7220083405105,1254.3,1.0,36.8,21.7,74.0,64.4,123.3,33500.0,37000.0,3644.602116,0.03262103456472351,7.831895362681309,12.868776997359035,14.100864410533049,27.8,41.5,29.6,1145.0,1272.5,1182.5
Clarke,2011,10.682153474716129,10.677096379236895,1192904.1667668072,311.00343439083326,12,0.9792372702596456,0.750847243115734,111725.52203299168,3.434738106876347,True,1192.9041667668073,1125.4,1.0,105.2,102.4,70.1,60.9,128.2,39400.0,39200.0,3644.602116,0.03262103456472351,18.265495396279274,7.831895362681309,12.868776997359035,36.8,27.8,41.5,1254.3,1145.0,1272.5
Clarke,2012,2.203174796990209,2.1814226913253205,243720.5889629351,88.28525501493945,12,0.9169490810385788,0.750847243115734,111725.52203299168,2.4955184154108094,True,243.7205889629351,811.0,1.0,132.5,115.8,75.7,58.2,117.2,36300.0,42600.0,3644.602116,0.03262103456472351,10.682153474716129,18.265495396279274,7.831895362681309,105.2,36.8,27.8,1125.4,1254.3,1145.0
Clarke,2013,8.507559235518405,8.465405919710605,945801.8956008455,205.61059394545777,12,0.8914975047738402,0.750847243115734,111725.52203299168,4.137704712713004,True,945.8018956008455,807.9,1.0,123.2,115.4,85.5,48.7,126.4,33600.0,35700.0,3644.602116,0.03262103456472351,2.203174796990209,10.682153474716129,18.265495396279274,132.5,105.2,36.8,811.0,1125.4,1254.3
Clarke,2014,8.230025879058553,8.18579529325933,914562.2523946047,339.41531815964953,12,0.9792372702596456,0.750847243115734,111725.52203299168,2.424765600940682,True,914.5622523946047,1184.6000000000001,1.0,124.4,126.1,82.9,73.7,158.3,32200.0,42600.0,3644.602116,0.03262103456472351,8.507559235518405,2.203174796990209,10.682153474716129,123.2,132.5,105.2,807.9,811.0,1125.4
Clarke,2015,9.167924428690647,9.16792442869066,1024291.1427544809,419.47208646196987,12,1.000000000000001,1.000000000000001,111725.52203299168,2.1855862939575665,True,1024.291142754481,1119.9,1.0,61.7,49.9,98.4,55.8,142.4,37600.0,31300.0,3644.602116,0.03262103456472351,8.230025879058553,8.507559235518405,2.203174796990209,124.4,123.2,132.5,1184.6000000000001,807.9,811.0
Clarke,2016,5.205411611645806,5.205411611645813,581577.329707725,249.29832052911198,12,1.000000000000001,1.000000000000001,111725.52203299168,2.0880251421661464,True,581.577329707725,856.7,1.0,68.7,51.6,97.1,92.8,172.8,33500.0,41000.0,3644.602116,0.03262103456472351,9.167924428690647,8.230025879058553,8.507559235518405,61.7,124.4,123.2,1119.9,1184.6000000000001,807.9
Clarke,2017,4.660117191650433,4.5255202294084,505616.11010151776,181.95580113898546,12,0.8450007843968348,0.05626615829259669,111725.52203299168,2.5611259231525354,True,505.61611010151773,741.4,1.0,76.9,52.1,105.6,90.1,170.9,31650.0,39750.0,3644.602116,0.03262103456472351,5.205411611645806,9.167924428690647,8.230025879058553,68.7,61.7,124.4,856.7,1119.9,1184.6000000000001
Clarke,2018,7.516388314458111,7.302593442490554,815886.0645569591,349.77091505281,12,0.914267578157019,0.6945810848231373,111725.52203299168,2.148946064690157,True,815.8860645569591,1098.9,1.0,92.8,49.4,125.1,86.8,168.5,29800.0,38500.0,3644.602116,0.03262103456472351,4.660117191650433,5.205411611645806,9.167924428690647,76.9,68.7,61.7,741.4,856.7,1119.9
Clarke,2019,6.61937757398024,6.5638002348871956,733344.0077630454,412.30995403404773,12,0.9584745405192899,0.750847243115734,111725.52203299168,1.6054372467160045,True,733.3440077630454,1026.5,1.0,111.9,49.7,143.3,83.9,165.0,29550.0,38000.0,3644.602116,0.03262103456472351,7.516388314458111,4.660117191650433,5.205411611645806,92.8,76.9,68.7,1098.9,741.4,856.7
Clay,2001,12.292773512955103,12.292773512955094,1822949.436490007,198.2394911552604,12,0.9999999999999992,0.9999999999999992,148294.39707555334,6.200971078627038,True,1822.949436490007,735.0166666666667,6.0,13.7,64.2,25.1,69.8,145.4,138600.0,151200.0,84162.142734,0.5675342048905657,1.4236060311109273,,,19.4,,,693.4666666666667,,
Clay,2002,3.3387718404776368,3.3387718404776345,495121.1570564664,62.70414453012223,12,0.9999999999999992,0.9999999999999992,148294.39707555334,5.324642996881546,True,495.12115705646636,650.3285714285714,7.0,14.6,64.8,30.1,62.0,142.3,145500.0,131800.0,84162.142734,0.5675342048905657,12.292773512955103,1.4236060311109273,,13.7,19.4,,735.0166666666667,693.4666666666667,
Clay,2003,6.914282298784604,6.9142822987846,1025349.3247084331,92.19690929931348,12,0.9999999999999992,0.9999999999999992,148294.39707555334,7.499472977274836,True,1025.3493247084332,626.6,7.0,11.2,72.4,29.1,42.5,132.8,143000.0,141300.0,84162.142734,0.5675342048905657,3.3387718404776368,12.292773512955103,1.4236060311109273,14.6,13.7,19.4,650.3285714285714,735.0166666666667,693.4666666666667
Clay,2004,9.586272137742725,9.586272137742716,1421590.4468687319,163.01274238252614,12,0.9999999999999992,0.9999999999999992,148294.39707555334,5.880688833053034,True,1421.5904468687318,995.9142857142857,7.0,7.4,73.8,28.6,72.4,167.4,152000.0,132300.0,84162.142734,0.5675342048905657,6.914282298784604,3.3387718404776368,12.292773512955103,11.2,14.6,13.7,626.6,650.3285714285714,735.0166666666667
Clay,2005,12.46305075686508,12.463050756865067,1848200.597711324,147.05264650916914,12,0.9999999999999992,0.9999999999999992,148294.39707555334,8.475230506026952,True,1848.200597711324,788.5571428571429,7.0,17.0,82.2,28.3,79.3,172.8,153000.0,133900.0,84162.142734,0.5675342048905657,9.586272137742725,6.914282298784604,3.3387718404776368,7.4,11.2,14.6,995.9142857142857,626.6,650.3285714285714
Clay,2006,12.71536429128831,12.714136963880783,1885435.2753947072,153.7529367342298,12,0.9996241884325537,0.9954902611906532,148294.39707555334,8.269997673779397,True,1885.4352753947073,669.3857142857142,7.0,24.4,81.0,28.1,77.3,162.0,153200.0,132600.0,84162.142734,0.5675342048905657,12.46305075686508,9.586272137742725,6.914282298784604,17.0,7.4,11.2,788.5571428571429,995.9142857142857,626.6
Clay,2007,16.002494305330796,16.002494305330778,2373080.244714004,258.4954671173016,12,0.9999999999999992,0.9999999999999992,148294.39707555334,6.190628595459699,True,2373.080244714004,881.8428571428572,7.0,33.5,92.9,30.0,71.9,161.3,164500.0,118700.0,84162.142734,0.5675342048905657,12.71536429128831,12.46305075686508,9.586272137742725,24.4,17.0,7.4,669.3857142857142,788.5571428571429,995.9142857142857
Clay,2008,16.657589092008873,14.561054945168168,2159322.8638777183,216.87025273523594,12,0.9095993391257394,0.002981313913975488,148294.39707555334,7.680900852891585,True,2159.322863877718,711.0,7.0,35.8,99.1,27.8,74.8,165.9,151000.0,134300.0,84162.142734,0.5675342048905657,16.002494305330796,12.71536429128831,12.46305075686508,33.5,24.4,17.0,881.8428571428572,669.3857142857142,788.5571428571429
Clay,2009,10.059962263300822,7.664572939845462,1136613.2229559843,159.06826306623827,12,0.9095993391257394,0.002981313913975488,148294.39707555334,6.324305093538182,True,1136.6132229559844,728.3,7.0,16.8,85.9,25.5,78.0,172.6,160000.0,129600.0,84162.142734,0.5675342048905657,16.657589092008873,16.002494305330796,12.71536429128831,35.8,33.5,24.4,711.0,881.8428571428572,669.3857142857142
Clay,2010,29.417567029485564,29.41756702948554,4362460.3660672335,401.13784543513776,12,0.9999999999999992,0.9999999999999992,148294.39707555334,7.333530696305806,True,4362.460366067234,1046.6285714285714,7.0,6.9,73.9,23.9,84.0,174.9,156000.0,130000.0,84162.142734,0.5675342048905657,10.059962263300822,16.657589092008873,16.002494305330796,16.8,35.8,33.5,728.3,711.0,881.8428571428572
Clay,2011,22.671997254452837,22.67199725445282,3362130.163347682,300.1156875487451,12,0.9999999999999992,0.9999999999999992,148294.39707555334,7.554419244002507,True,3362.130163347682,701.8142857142857,7.0,13.8,89.1,22.1,78.7,176.1,152500.0,125200.0,84162.142734,0.5675342048905657,29.417567029485564,10.059962263300822,16.657589092008873,6.9,16.8,35.8,1046.6285714285714,728.3,711.0
Clay,2012,4.959491894035748,4.958975518798995,735388.2846727261,85.72377134900277,12,0.9992483768651083,0.9954902611906532,148294.39707555334,5.785433627090932,True,735.3882846727261,690.2428571428571,7.0,15.4,85.9,20.5,74.5,165.5,158900.0,125100.0,84162.142734,0.5675342048905657,22.671997254452837,29.417567029485564,10.059962263300822,13.8,6.9,16.8,701.8142857142857,1046.6285714285714,728.3
Clay,2013,10.042109924338444,10.042109924338439,1489188.6365961994,109.3389749772492,12,0.9999999999999992,0.9999999999999992,148294.39707555334,9.184382720276977,True,1489.1886365961993,751.2761904761904,6.333333333333333,11.1,83.9,21.3,59.4,153.5,150400.0,118600.0,84162.142734,0.5675342048905657,4.959491894035748,22.671997254452837,29.417567029485564,15.4,13.8,6.9,690.2428571428571,701.8142857142857,1046.6285714285714
Clay,2014,7.744173417315258,7.7441734173152525,1148417.527769293,136.11273565979644,12,0.9999999999999992,0.9999999999999992,148294.39707555334,5.689528889251949,True,1148.417527769293,850.4833333333332,6.0,4.3,71.6,22.1,70.8,160.2,155700.0,126500.0,84162.142734,0.5675342048905657,10.042109924338444,4.959491894035748,22.671997254452837,11.1,15.4,13.8,751.2761904761904,690.2428571428571,701.8142857142857
Clay,2015,16.037773072830475,16.034317650089466,2377799.468437921,179.24285078248403,12,0.9996241884325537,0.9954902611906532,148294.39707555334,8.947510599623714,True,2377.799468437921,845.0333333333333,6.0,-1.6,72.8,23.0,104.8,202.2,147400.0,130000.0,84162.142734,0.5675342048905657,7.744173417315258,10.042109924338444,4.959491894035748,4.3,11.1,15.4,850.4833333333332,751.2761904761904,690.2428571428571
Clay,2016,40.03765842823769,40.03765842823766,5937360.416932451,378.9106488099837,12,0.9999999999999992,0.9999999999999992,148294.39707555334,10.56651708100075,True,5937.360416932451,1036.8866666666665,5.666666666666667,3.6,77.6,24.4,105.2,203.6,146100.0,125500.0,84162.142734,0.5675342048905657,16.037773072830475,7.744173417315258,10.042109924338444,-1.6,4.3,11.1,845.0333333333333,850.4833333333332,751.2761904761904
Clay,2017,15.803596407262695,15.803596407262683,2343584.8008404006,234.89737271404408,12,0.9999999999999992,0.9999999999999992,148294.39707555334,6.727872783192619,True,2343.5848008404005,778.66,4.916666666666667,9.9,79.0,26.3,97.7,193.1,148400.0,127300.0,84162.142734,0.5675342048905657,40.03765842823769,16.037773072830475,7.744173417315258,3.6,-1.6,4.3,1036.8866666666665,845.0333333333333,850.4833333333332
Clay,2018,27.12020816228315,27.12020816228313,4021774.9179892763,477.0641187637109,12,0.9999999999999992,0.9999999999999992,148294.39707555334,5.684814073329155,True,4021.774917989276,1017.4,4.0,16.6,71.2,27.1,87.2,168.9,141900.0,127200.0,84162.142734,0.5675342048905657,15.803596407262695,40.03765842823769,16.037773072830475,9.9,3.6,-1.6,778.66,1036.8866666666665,845.0333333333333
Clay,2019,23.060910571927657,23.059442046731842,3419586.0552187627,441.7183992956106,12,0.9996241884325537,0.9954902611906532,148294.39707555334,5.220726736468733,True,3419.586055218763,917.95,4.0,3.0,72.0,28.9,76.7,174.6,135600.0,113500.0,84162.142734,0.5675342048905657,27.12020816228315,15.803596407262695,40.03765842823769,16.6,9.9,3.6,1017.4,778.66,1036.8866666666665
Clayton,2001,19.008155088606557,18.678535832260575,3844187.6611161097,253.4859598246278,12,0.9563415139428054,0.8261444389703858,205807.7622163849,7.498701348886224,True,3844.1876611161097,1044.6,5.0,27.2,50.7,71.1,44.8,139.4,120900.0,52600.0,42116.076706,0.20463794102051136,12.502541550321109,,,25.7,,,944.4000000000001,,
Clayton,2002,9.035685073043329,7.464780975382472,1536309.8679789095,160.42627931683128,12,0.8261444389703859,0.8261444389703858,205807.7622163849,5.632297346495489,True,1536.3098679789096,895.52,5.0,0.1,42.4,63.6,51.5,157.4,127500.0,47800.0,42116.076706,0.20463794102051136,19.008155088606557,12.502541550321109,,27.2,25.7,,1044.6,944.4000000000001,
Clayton,2003,6.544244172955655,5.406490930751667,1112697.7999011804,124.1381236155257,12,0.8261444389703859,0.8261444389703858,205807.7622163849,5.271744072130618,True,1112.6977999011804,945.26,5.0,5.1,46.1,61.6,28.5,131.1,125500.0,51800.0,42116.076706,0.20463794102051136,9.035685073043329,19.008155088606557,12.502541550321109,0.1,27.2,25.7,895.52,1044.6,944.4000000000001
Clayton,2004,23.077730569594465,19.06553877412734,3923835.8705528663,354.26303761196175,12,0.8261444389703859,0.8261444389703858,205807.7622163849,6.514292522629022,True,3923.8358705528663,1022.3799999999999,5.0,5.0,52.5,60.7,45.3,153.5,129000.0,50700.0,42116.076706,0.20463794102051136,6.544244172955655,9.035685073043329,19.008155088606557,5.1,0.1,27.2,945.26,895.52,1044.6
Clayton,2005,9.122399933850076,7.5364199754140575,1551053.7302628295,180.29483223899544,12,0.8261444389703859,0.8261444389703858,205807.7622163849,5.059712372541879,True,1551.0537302628295,727.1,5.0,5.2,54.4,61.2,54.0,164.4,129000.0,45400.0,42116.076706,0.20463794102051136,23.077730569594465,6.544244172955655,9.035685073043329,5.0,5.1,0.1,1022.3799999999999,945.26,895.52
Clayton,2006,16.061907935906543,13.2694559205035,2730957.0288277855,195.10910631854793,12,0.8261444389703859,0.8261444389703858,205807.7622163849,8.232269748436456,True,2730.9570288277855,808.06,5.0,6.0,50.1,59.9,55.6,159.6,122100.0,52800.0,42116.076706,0.20463794102051136,9.122399933850076,23.077730569594465,6.544244172955655,5.2,5.0,5.1,727.1,1022.3799999999999,945.26
Clayton,2007,33.97309475560129,28.066683306953983,5776341.284240164,421.4699992696659,12,0.8261444389703859,0.8261444389703858,205807.7622163849,8.060619928932248,True,5776.341284240164,1154.86,5.0,-8.9,41.7,59.9,40.1,150.6,141900.0,42000.0,42116.076706,0.20463794102051136,16.061907935906543,9.122399933850076,23.077730569594465,6.0,5.2,5.0,808.06,727.1,1022.3799999999999
Clayton,2008,35.398626019168965,28.516421670140943,5868900.930350534,529.8878989894916,12,0.7465166867060787,0.036390217202243516,205807.7622163849,6.680399021505295,True,5868.900930350534,1171.08,5.0,9.3,53.7,61.8,46.4,152.6,129000.0,51700.0,42116.076706,0.20463794102051136,33.97309475560129,16.061907935906543,9.122399933850076,-8.9,6.0,5.2,1154.86,808.06,727.1
Clayton,2009,15.984756209064338,11.430118260442557,2352407.0610503205,279.61458651053465,12,0.7465166867060787,0.036390217202243516,205807.7622163849,5.716710422209001,True,2352.4070610503204,996.98,5.0,-1.9,42.1,64.5,39.1,147.6,141500.0,46700.0,42116.076706,0.20463794102051136,35.398626019168965,33.97309475560129,16.061907935906543,9.3,-8.9,6.0,1171.08,1154.86,808.06
Clayton,2010,23.506143746463948,19.419469937779702,3996677.6513227997,394.10583939976624,12,0.8261444389703859,0.8261444389703858,205807.7622163849,5.964424120755083,True,3996.6776513227996,1131.74,5.0,10.6,51.2,67.3,52.1,160.0,147500.0,50500.0,42116.076706,0.20463794102051136,15.984756209064338,35.398626019168965,33.97309475560129,-1.9,9.3,-8.9,996.98,1171.08,1154.86
Clayton,2011,21.97066053895742,18.15093902476577,3735604.1428130944,327.9787324623532,12,0.8261444389703859,0.8261444389703858,205807.7622163849,6.698806466507492,True,3735.6041428130943,991.8399999999999,5.0,27.0,73.5,70.1,46.8,163.4,159000.0,43800.0,42116.076706,0.20463794102051136,23.506143746463948,15.984756209064338,35.398626019168965,10.6,-1.9,9.3,1131.74,996.98,1171.08
Clayton,2012,8.930609377560613,7.377973273888478,1518444.1691912827,142.06319209853243,12,0.8261444389703859,0.8261444389703858,205807.7622163849,6.2863640086071735,True,1518.4441691912828,681.22,5.0,38.9,66.4,70.3,44.4,142.2,152600.0,47300.0,42116.076706,0.20463794102051136,21.97066053895742,23.506143746463948,15.984756209064338,27.0,10.6,-1.9,991.8399999999999,1131.74,996.98
Clayton,2013,34.64531328338127,28.62203290545228,5890636.542354866,416.9225274756785,12,0.8261444389703859,0.8261444389703858,205807.7622163849,8.309772439773557,True,5890.636542354866,974.46,5.0,25.0,65.3,71.7,48.4,160.4,146800.0,50000.0,42116.076706,0.20463794102051136,8.930609377560613,21.97066053895742,23.506143746463948,38.9,27.0,10.6,681.22,991.8399999999999,1131.74
Clayton,2014,26.138459624013397,21.594143061630625,4444242.260494675,350.53654449809153,12,0.8261444389703859,0.8261444389703858,205807.7622163849,7.456700316778443,True,4444.242260494674,812.94,5.0,20.7,58.2,70.2,47.8,155.5,148600.0,55400.0,42116.076706,0.20463794102051136,34.64531328338127,8.930609377560613,21.97066053895742,25.0,38.9,27.0,974.46,681.22,991.8399999999999
Clayton,2015,18.86912463028047,15.588622381545349,3208259.4883821,246.093912570672,12,0.8261444389703859,0.8261444389703858,205807.7622163849,7.667448752866544,True,3208.2594883821002,806.76,5.0,20.7,64.6,71.6,55.2,170.7,146700.0,54800.0,42116.076706,0.20463794102051136,26.138459624013397,34.64531328338127,8.930609377560613,20.7,25.0,38.9,812.94,974.46,681.22
Clayton,2016,41.659210532890896,34.41652511364435,7083188.016903155,562.8809863346127,12,0.8261444389703859,0.8261444389703858,205807.7622163849,7.401069061537989,True,7083.188016903155,953.3199999999999,5.0,16.8,68.2,71.6,65.5,188.5,143700.0,56300.0,42116.076706,0.20463794102051136,18.86912463028047,26.138459624013397,34.64531328338127,20.7,20.7,25.0,806.76,812.94,974.46
Clayton,2017,34.09091974755233,28.164023768826066,5796374.70687117,482.03807385137316,12,0.8261444389703859,0.8261444389703858,205807.7622163849,7.072246280293531,True,5796.37470687117,872.04,5.0,17.9,69.3,73.2,61.0,185.6,142600.0,57300.0,42116.076706,0.20463794102051136,41.659210532890896,18.86912463028047,26.138459624013397,16.8,20.7,20.7,953.3199999999999,806.76,812.94
Clayton,2018,37.03208288047556,30.59384933519531,6296451.669261782,667.7171261622642,12,0.8261444389703859,0.8261444389703858,205807.7622163849,5.5460735436455275,True,6296.451669261783,1369.3333333333333,3.0,20.0,63.8,73.8,62.4,180.0,139800.0,58800.0,42116.076706,0.20463794102051136,34.09091974755233,41.659210532890896,18.86912463028047,17.9,16.8,20.7,872.04,953.3199999999999,806.76
Clayton,2019,32.70490571062684,27.018975979885173,5560714.983798424,625.9209464190686,12,0.8261444389703859,0.8261444389703858,205807.7622163849,5.225085675392966,True,5560.714983798423,1265.0,3.0,21.3,64.3,77.0,51.3,171.3,142000.0,49700.0,42116.076706,0.20463794102051136,37.03208288047556,34.09091974755233,41.659210532890896,20.0,17.9,16.8,1369.3333333333333,872.04,953.3199999999999
Clinton,2001,25.808913662112406,22.848388257973877,4202995.228940654,327.3123134236037,12,0.8703672493198186,0.768137160081412,183951.497212231,7.885103188498385,True,4202.995228940654,940.25,2.0,-18.4,57.5,14.9,71.8,162.6,169400.0,128200.0,75816.303356,0.41215377153754934,16.26238086319906,,,-1.3,,,906.95,,
Clinton,2002,17.1189633436863,15.07911894391083,2773826.5063737133,257.06477079140024,12,0.8703672493198186,0.768137160081412,183951.497212231,6.659396887011712,True,2773.826506373713,786.55,2.0,-19.4,59.9,15.5,72.8,167.6,169000.0,125100.0,75816.303356,0.41215377153754934,25.808913662112406,16.26238086319906,,-18.4,-1.3,,940.25,906.95,
Clinton,2003,8.680838931663281,7.293325388209471,1341618.1248171083,167.10082507783764,12,0.7938974585295964,0.21852799185700975,183951.497212231,5.1949707176009685,True,1341.6181248171083,674.45,2.0,-22.3,64.4,15.7,30.0,132.4,178000.0,119500.0,75816.303356,0.41215377153754934,17.1189633436863,25.808913662112406,16.26238086319906,-19.4,-18.4,-1.3,786.55,940.25,906.95
Clinton,2004,23.396442751436485,20.720162821275334,3811504.9734548023,315.32736337585885,12,0.8703672493198186,0.768137160081412,183951.497212231,7.4197311964800114,True,3811.5049734548024,905.3,2.0,-13.2,69.3,13.9,64.7,161.1,187000.0,118400.0,75816.303356,0.41215377153754934,8.680838931663281,17.1189633436863,25.808913662112406,-22.3,-19.4,-18.4,674.45,786.55,940.25
Clinton,2005,7.547892846532579,6.618420609328753,1217468.3802663106,150.06880956175027,12,0.8601442403959779,0.768137160081412,183951.497212231,5.0296213240945145,True,1217.4683802663108,563.25,2.0,14.1,73.4,14.5,49.8,123.6,184500.0,115300.0,75816.303356,0.41215377153754934,23.396442751436485,8.680838931663281,17.1189633436863,-13.2,-22.3,-19.4,905.3,674.45,786.55
Clinton,2006,16.663127635995473,14.344682980150141,2638725.911233426,195.63435323579046,12,0.8601442403959779,0.768137160081412,183951.497212231,8.517485482681078,True,2638.725911233426,885.1,2.0,-5.7,71.1,16.0,77.6,170.4,170400.0,125800.0,75816.303356,0.41215377153754934,7.547892846532579,23.396442751436485,8.680838931663281,14.1,-13.2,-22.3,563.25,905.3,674.45
Clinton,2007,29.818757677064216,25.34695012334472,4662609.424953005,415.46223390224907,12,0.8396982225482965,0.768137160081412,183951.497212231,7.177248674804951,True,4662.609424953005,1053.45,2.0,-9.4,79.9,17.6,54.5,161.4,205800.0,95400.0,75816.303356,0.41215377153754934,16.663127635995473,7.547892846532579,23.396442751436485,-5.7,14.1,-13.2,885.1,563.25,905.3
Clinton,2008,38.45039277685675,33.58643695821774,6178275.364488362,606.3479462845759,12,0.8143434763772777,0.3412040989430976,183951.497212231,6.341308321808172,True,6178.275364488362,976.85,2.0,-1.1,82.8,17.0,60.6,161.5,183000.0,116700.0,75816.303356,0.41215377153754934,29.818757677064216,16.663127635995473,7.547892846532579,-9.4,-5.7,14.1,1053.45,885.1,563.25
Clinton,2009,21.615735554609067,17.552339130501096,3228779.0626325062,416.8818155682845,12,0.8143434763772777,0.21852799185700975,183951.497212231,5.185099168967818,True,3228.7790626325063,1159.25,2.0,-21.7,66.3,16.5,67.2,171.7,192000.0,112900.0,75816.303356,0.41215377153754934,38.45039277685675,29.818757677064216,16.663127635995473,-1.1,-9.4,-5.7,976.85,1053.45,885.1
Clinton,2010,32.4591419104656,28.398612543802898,5223967.296182586,516.5884802967523,12,0.8601442403959779,0.768137160081412,183951.497212231,6.283365415314636,True,5223.967296182586,1015.3,2.0,2.7,82.7,16.5,64.8,161.3,193000.0,111000.0,75816.303356,0.41215377153754934,21.615735554609067,38.45039277685675,29.818757677064216,-21.7,-1.1,-9.4,1159.25,976.85,1053.45
Clinton,2011,24.39966756618476,21.073741751123567,3876546.3469830826,340.2501053971326,12,0.8499212314721373,0.768137160081412,183951.497212231,7.171097724629944,True,3876.5463469830825,981.65,2.0,17.1,100.4,16.3,78.5,178.1,202000.0,103500.0,75816.303356,0.41215377153754934,32.4591419104656,21.615735554609067,38.45039277685675,2.7,-21.7,-1.1,1015.3,1159.25,976.85
Clinton,2012,9.62374094466273,8.264648719978487,1520294.5059731915,154.9216123956513,12,0.8499212314721373,0.768137160081412,183951.497212231,6.212006701869876,True,1520.2945059731915,617.55,2.0,27.8,92.0,17.1,65.9,147.2,195100.0,111600.0,75816.303356,0.41215377153754934,24.39966756618476,32.4591419104656,21.615735554609067,17.1,2.7,-21.7,981.65,1015.3,1159.25
Clinton,2013,28.47268288000064,25.267940697612374,4648075.522795661,406.2198205637597,12,0.8601442403959779,0.768137160081412,183951.497212231,7.0091810981762785,True,4648.0755227956615,852.1,2.0,-2.9,84.4,16.3,64.5,168.1,197000.0,109200.0,75816.303356,0.41215377153754934,9.62374094466273,24.39966756618476,32.4591419104656,27.8,17.1,2.7,617.55,981.65,1015.3
Clinton,2014,20.967374193663556,18.57413278093927,3416739.534472559,326.9009815864945,12,0.8601442403959779,0.768137160081412,183951.497212231,6.4139832471306955,True,3416.739534472559,919.1999999999999,2.0,-12.6,75.6,16.4,80.1,184.7,187300.0,115900.0,75816.303356,0.41215377153754934,28.47268288000064,9.62374094466273,24.39966756618476,-2.9,27.8,17.1,852.1,617.55,981.65
Clinton,2015,21.42227797433111,17.745973576418745,3264398.4088709177,289.2427003088783,12,0.8143434763772777,0.21852799185700975,183951.497212231,7.406333142186321,True,3264.3984088709176,1224.4,2.0,-4.6,79.1,16.7,82.8,183.2,187800.0,115000.0,75816.303356,0.41215377153754934,20.967374193663556,28.47268288000064,9.62374094466273,-12.6,-2.9,27.8,919.1999999999999,852.1,617.55
Clinton,2016,31.387618491303684,27.014930533095164,4969436.91864727,459.20756315970107,12,0.8601442403959779,0.768137160081412,183951.497212231,6.835170195223427,True,4969.4369186472695,1084.1,2.0,-10.0,84.5,16.7,85.1,196.3,188400.0,117000.0,75816.303356,0.41215377153754934,21.42227797433111,20.967374193663556,28.47268288000064,-4.6,-12.6,-2.9,1224.4,919.1999999999999,852.1
Clinton,2017,26.301506873161916,22.865726154961212,4206184.561049986,369.74489881585725,12,0.8601442403959779,0.768137160081412,183951.497212231,7.113419808466584,True,4206.184561049986,977.8,2.0,-7.1,86.1,18.5,83.1,194.8,193800.0,114800.0,75816.303356,0.41215377153754934,31.387618491303684,21.42227797433111,20.967374193663556,-10.0,-4.6,-12.6,1084.1,1224.4,919.1999999999999
Clinton,2018,31.04649529762181,27.276614245028636,5017574.029253487,584.5785064100385,12,0.8703672493198186,0.768137160081412,183951.497212231,5.310919740837169,True,5017.5740292534865,1177.6,2.0,-13.5,77.6,18.5,83.5,193.1,186000.0,118600.0,75816.303356,0.41215377153754934,26.301506873161916,31.387618491303684,21.42227797433111,-7.1,-10.0,-4.6,977.8,1084.1,1224.4
Clinton,2019,26.8147117925806,23.353364587522876,4295886.380817929,525.6854857797081,12,0.8601442403959779,0.768137160081412,183951.497212231,5.100903965953795,True,4295.886380817929,1241.95,2.0,-6.3,78.5,20.0,82.2,187.0,179400.0,108600.0,75816.303356,0.41215377153754934,31.04649529762181,26.301506873161916,31.387618491303684,-13.5,-7.1,-10.0,1177.6,977.8,1084.1
Crawford,2001,8.536650087419604,8.51076100451098,1576540.411145004,145.10626098744103,12,0.9969673018521895,0.9969673018521895,185240.82750172238,5.88303359850093,True,1576.5404111450039,816.25,2.0,8.8,63.8,20.4,76.6,152.0,170600.0,158000.0,30442.50435,0.16434014445177828,2.1090045889331197,,,16.8,,,551.5,,
Crawford,2002,4.4933076383359145,4.47968079258359,829819.7769617557,78.35895419941627,12,0.9969673018521895,0.9969673018521895,185240.82750172238,5.734261877590739,True,829.8197769617557,737.45,2.0,1.0,63.1,21.4,82.8,166.3,170500.0,156200.0,30442.50435,0.16434014445177828,8.536650087419604,2.1090045889331197,,8.8,16.8,,816.25,551.5,
Crawford,2003,7.586641830037672,7.563633835411614,1401093.7905916735,108.77361529140127,12,0.9969673018521895,0.9969673018521895,185240.82750172238,6.974707799969032,True,1401.0937905916735,711.4,2.0,7.0,73.3,22.5,37.4,126.2,171000.0,159300.0,30442.50435,0.16434014445177828,4.4933076383359145,8.536650087419604,2.1090045889331197,1.0,8.8,16.8,737.45,816.25,551.5
Crawford,2004,10.137950263574702,10.107204920587764,1872267.0032191575,125.22979284566901,12,0.9969673018521895,0.9969673018521895,185240.82750172238,8.095477947542829,True,1872.2670032191575,772.95,2.0,4.0,72.0,23.1,76.5,167.6,182000.0,155900.0,30442.50435,0.16434014445177828,7.586641830037672,4.4933076383359145,8.536650087419604,7.0,1.0,8.8,711.4,737.45,816.25
Crawford,2005,6.701488743535631,6.681165151035538,1237624.5612534927,95.82422580727754,12,0.9969673018521895,0.9969673018521895,185240.82750172238,6.993522449128594,True,1237.6245612534926,688.6999999999999,2.0,16.4,82.2,24.8,89.4,180.0,186000.0,151300.0,30442.50435,0.16434014445177828,10.137950263574702,7.586641830037672,4.4933076383359145,4.0,7.0,1.0,772.95,711.4,737.45
Crawford,2006,3.8300206830642214,3.8184053864326164,707324.573519812,61.29836666443405,12,0.9969673018521895,0.9969673018521895,185240.82750172238,6.248161070964455,True,707.324573519812,862.6,2.0,28.8,78.5,26.5,78.1,154.3,185500.0,152900.0,30442.50435,0.16434014445177828,6.701488743535631,10.137950263574702,7.586641830037672,16.4,4.0,7.0,688.6999999999999,772.95,711.4
Crawford,2007,25.625265944674517,25.547552248106957,4732449.719082821,281.429014787304,12,0.9969673018521895,0.9969673018521895,185240.82750172238,9.1054101028074,True,4732.4497190828215,995.8000000000001,2.0,31.2,92.4,30.9,67.0,159.1,209900.0,133800.0,30442.50435,0.16434014445177828,3.8300206830642214,6.701488743535631,10.137950263574702,28.8,16.4,4.0,862.6,688.6999999999999,772.95
Crawford,2010,25.233455376571627,25.156929923188247,4660090.516374231,367.7279700865109,12,0.9969673018521895,0.9969673018521895,185240.82750172238,6.861989685102077,True,4660.090516374231,970.5999999999999,2.0,8.2,74.0,29.1,89.6,184.5,195000.0,150500.0,30442.50435,0.16434014445177828,11.530394109422119,21.943848887876804,25.625265944674517,12.0,22.6,31.2,827.35,1039.95,995.8000000000001
Crawford,2011,15.2384968550834,15.192283093895574,2814231.0919536436,212.38825716531423,12,0.9969673018521895,0.9969673018521895,185240.82750172238,7.174830218236775,True,2814.2310919536435,630.4499999999999,2.0,29.3,97.5,29.1,74.9,172.2,211000.0,141900.0,30442.50435,0.16434014445177828,25.233455376571627,11.530394109422119,21.943848887876804,8.2,12.0,22.6,970.5999999999999,827.35,1039.95
Crawford,2012,3.506318617212175,3.495685011236123,647543.584166747,66.03331174250584,12,0.9969673018521895,0.9969673018521895,185240.82750172238,5.309923922769342,True,647.543584166747,618.6,2.0,49.4,98.9,29.1,57.6,136.2,215500.0,139500.0,30442.50435,0.16434014445177828,15.2384968550834,25.233455376571627,11.530394109422119,29.3,8.2,12.0,630.4499999999999,970.5999999999999,827.35
Crawford,2013,10.248253052176995,10.217173194127367,1892637.617208569,106.42710147159966,12,0.9969673018521895,0.9969673018521895,185240.82750172238,9.629364053395523,True,1892.637617208569,725.05,2.0,32.0,93.6,28.9,59.1,149.6,213000.0,139400.0,30442.50435,0.16434014445177828,3.506318617212175,15.2384968550834,25.233455376571627,49.4,29.3,8.2,618.6,630.4499999999999,970.5999999999999
Crawford,2014,20.87461020264622,20.811303810948385,3855103.1393298274,236.70614778819882,12,0.9969673018521895,0.9969673018521895,185240.82750172238,8.81878666764689,True,3855.103139329827,1176.0,2.0,14.3,80.6,28.9,83.9,179.1,209500.0,151400.0,30442.50435,0.16434014445177828,10.248253052176995,3.506318617212175,15.2384968550834,32.0,49.4,29.3,725.05,618.6,630.4499999999999
Crawford,2015,38.92496435598606,38.806916688680076,7188625.360201497,395.7046487578673,12,0.9969673018521895,0.9969673018521895,185240.82750172238,9.836873152279884,True,7188.625360201497,1282.85,2.0,11.2,84.0,28.9,88.5,190.2,214500.0,148900.0,30442.50435,0.16434014445177828,20.87461020264622,10.248253052176995,3.506318617212175,14.3,32.0,49.4,1176.0,725.05,618.6
Crawford,2016,37.0416882747858,36.92935201536309,6840823.726428256,385.07029485703754,12,0.9969673018521895,0.9969673018521895,185240.82750172238,9.619461373549475,True,6840.823726428256,901.25,2.0,10.4,89.6,30.0,94.2,203.4,220500.0,136000.0,30442.50435,0.16434014445177828,38.92496435598606,20.87461020264622,10.248253052176995,11.2,14.3,32.0,1282.85,1176.0,725.05
Crawford,2017,21.019205967484776,20.955461060478736,3881806.947523202,270.7026636254113,12,0.9969673018521895,0.9969673018521895,185240.82750172238,7.764683836495383,True,3881.806947523202,1020.15,2.0,14.5,91.3,31.3,98.3,206.4,204000.0,149200.0,30442.50435,0.16434014445177828,37.0416882747858,38.92496435598606,20.87461020264622,10.4,11.2,14.3,901.25,1282.85,1176.0
Crawford,2018,23.692298297516672,23.62044670835242,4375471.094215537,313.97244079268626,12,0.9969673018521895,0.9969673018521895,185240.82750172238,7.545980226067207,True,4375.471094215537,1065.65,2.0,11.1,82.3,33.6,99.0,203.8,197800.0,145200.0,30442.50435,0.16434014445177828,21.019205967484776,37.0416882747858,38.92496435598606,14.5,10.4,11.2,1020.15,901.25,1282.85
Crawford,2019,24.58606945861629,24.511507331307204,4540531.901365882,364.8270273367267,12,0.9969673018521895,0.9969673018521895,185240.82750172238,6.739103086220618,True,4540.531901365882,959.4,2.0,3.6,83.2,36.1,95.8,211.5,203000.0,139500.0,30442.50435,0.16434014445177828,23.692298297516672,21.019205967484776,37.0416882747858,11.1,14.5,10.4,1065.65,1020.15,901.25
Dallas,2001,17.648259841812255,17.64825984181229,2702464.992978219,204.9108471267761,12,1.000000000000002,1.000000000000002,153129.26130969208,8.612652814271696,True,2702.464992978219,788.2333333333333,3.0,-6.7,62.4,9.0,55.9,134.0,124500.0,125300.0,76886.29314,0.5021005945069076,2.7228426370226146,,,-3.0,,,575.1333333333333,,
Dallas,2002,11.231815876080413,11.231815876080436,1719919.6682706692,110.24349769360076,12,1.000000000000002,1.000000000000002,153129.26130969208,10.188188973554656,True,1719.9196682706693,681.5333333333333,3.0,-18.1,56.5,8.8,66.7,150.1,124500.0,119100.0,76886.29314,0.5021005945069076,17.648259841812255,2.7228426370226146,,-6.7,-3.0,,788.2333333333333,575.1333333333333,
Dallas,2003,18.14112850372445,18.141128503724488,2777937.6070995303,162.41380863511066,12,1.000000000000002,1.000000000000002,153129.26130969208,11.169695887423883,True,2777.9376070995304,882.1999999999999,3.0,-15.9,62.7,8.7,36.0,123.3,126000.0,118500.0,76886.29314,0.5021005945069076,11.231815876080413,17.648259841812255,2.7228426370226146,-18.1,-6.7,-3.0,681.5333333333333,788.2333333333333,575.1333333333333
Dallas,2004,21.888724900020332,21.888724900020375,3351804.2749511837,206.08498712263446,12,1.000000000000002,1.000000000000002,153129.26130969208,10.621212736372236,True,3351.8042749511837,865.025,4.0,-17.7,65.9,8.5,91.1,183.2,126000.0,117500.0,76886.29314,0.5021005945069076,18.14112850372445,11.231815876080413,17.648259841812255,-15.9,-18.1,-6.7,882.1999999999999,681.5333333333333,788.2333333333333
Dallas,2005,14.888025946779095,14.888025946779127,2279792.4155898164,151.072952603944,12,1.000000000000002,1.000000000000002,153129.26130969208,9.854858656142012,True,2279.7924155898163,749.875,4.0,-7.8,72.2,8.5,99.5,188.0,132000.0,113000.0,76886.29314,0.5021005945069076,21.888724900020332,18.14112850372445,11.231815876080413,-17.7,-15.9,-18.1,865.025,882.1999999999999,681.5333333333333
Dallas,2006,13.483279883392331,13.483279883392356,2064684.6885757023,130.14344552391935,12,1.000000000000002,1.000000000000002,153129.26130969208,10.360321896437119,True,2064.6846885757022,825.9,4.0,-11.5,64.7,8.8,79.7,164.7,127000.0,115100.0,76886.29314,0.5021005945069076,14.888025946779095,21.888724900020332,18.14112850372445,-7.8,-17.7,-15.9,749.875,865.025,882.1999999999999
Dallas,2007,36.85844910532213,36.8584491053222,5644107.084518869,367.79953441005966,12,1.000000000000002,1.000000000000002,153129.26130969208,10.021341969462268,True,5644.10708451887,1184.55,4.0,-8.5,71.8,9.8,77.3,167.4,142500.0,96900.0,76886.29314,0.5021005945069076,13.483279883392331,14.888025946779095,21.888724900020332,-11.5,-7.8,-17.7,825.9,749.875,865.025
Dallas,2008,32.917588294813235,30.2109131101139,4626174.808043034,390.0413906002033,12,0.8561523436632587,0.42460937465302895,153129.26130969208,8.439511571876771,True,4626.174808043033,1144.0,4.0,-5.2,76.9,9.4,69.3,160.8,131000.0,107900.0,76886.29314,0.5021005945069076,36.85844910532213,13.483279883392331,14.888025946779095,-8.5,-11.5,-7.8,1184.55,825.9,749.875
Dallas,2009,21.058700292667282,17.963632085953588,2750757.711761156,250.25297547226228,12,0.8561523436632587,0.42460937465302895,153129.26130969208,8.414964998089063,True,2750.7577117611563,985.7,5.0,-16.1,68.1,9.1,86.0,179.3,136500.0,106700.0,76886.29314,0.5021005945069076,32.917588294813235,36.85844910532213,13.483279883392331,-5.2,-8.5,-11.5,1144.0,1184.55,825.9
Dallas,2010,38.18986463912051,38.18986463912058,5847985.761705665,547.7258356593161,12,1.000000000000002,1.000000000000002,153129.26130969208,6.972441713133739,True,5847.985761705665,1224.1399999999999,5.0,-9.1,60.3,8.9,74.8,153.1,137500.0,107600.0,76886.29314,0.5021005945069076,21.058700292667282,32.917588294813235,36.85844910532213,-16.1,-5.2,-8.5,985.7,1144.0,1184.55
Dallas,2011,17.568957637135547,17.568957637135583,2690321.5049558436,219.83420791185407,12,1.000000000000002,1.000000000000002,153129.26130969208,7.991912543556503,True,2690.3215049558435,769.88,5.0,-4.0,77.5,9.0,78.5,169.0,138600.0,103300.0,76886.29314,0.5021005945069076,38.18986463912051,21.058700292667282,32.917588294813235,-9.1,-16.1,-5.2,1224.1399999999999,985.7,1144.0
Dallas,2012,3.778953954164525,3.7789539541645323,578668.4275245549,56.556140741525255,12,1.000000000000002,1.000000000000002,153129.26130969208,6.681774789823842,True,578.6684275245549,564.12,5.0,15.6,86.9,8.8,44.9,125.0,148600.0,92100.0,76886.29314,0.5021005945069076,17.568957637135547,38.18986463912051,21.058700292667282,-4.0,-9.1,-16.1,769.88,1224.1399999999999,985.7
Dallas,2013,35.837908791639975,35.83790879164004,5487832.500147959,195.92713349801537,12,1.000000000000002,1.000000000000002,153129.26130969208,18.291447515105403,True,5487.832500147959,826.52,5.0,3.6,79.1,10.5,50.3,136.3,141600.0,94000.0,76886.29314,0.5021005945069076,3.778953954164525,17.568957637135547,38.18986463912051,15.6,-4.0,-9.1,564.12,769.88,1224.1399999999999
Dallas,2014,29.76731967307484,29.767319673074894,4558247.672707424,243.44138917106343,12,1.000000000000002,1.000000000000002,153129.26130969208,12.227715169731344,True,4558.247672707424,1087.465,4.583333333333333,-19.0,70.6,11.9,77.1,178.6,139900.0,99700.0,76886.29314,0.5021005945069076,35.837908791639975,3.778953954164525,17.568957637135547,3.6,15.6,-4.0,826.52,564.12,769.88
Dallas,2015,68.41554242810884,68.41554242810898,10476421.474118225,452.2131769755606,12,1.000000000000002,1.000000000000002,153129.26130969208,15.129046633642497,True,10476.421474118226,1290.2749999999999,4.0,-13.0,67.1,13.4,86.1,179.6,133500.0,103200.0,76886.29314,0.5021005945069076,29.76731967307484,35.837908791639975,3.778953954164525,-19.0,3.6,15.6,1087.465,826.52,564.12
Dallas,2016,40.97552080679503,40.97552080679512,6274551.232924455,373.5422188975598,12,1.000000000000002,1.000000000000002,153129.26130969208,10.969448360543192,True,6274.551232924455,841.2916666666666,2.8333333333333335,-17.8,71.5,15.0,87.8,192.1,143400.0,97100.0,76886.29314,0.5021005945069076,68.41554242810884,29.76731967307484,35.837908791639975,-13.0,-19.0,3.6,1290.2749999999999,1087.465,826.52
Dallas,2017,23.30737862295628,23.30649771989088,3568906.7795629133,240.3174087574299,12,0.9996497432185301,0.9957969186223388,153129.26130969208,9.69858103225561,True,3568.9067795629135,838.9000000000001,2.0,-5.1,72.9,17.4,85.4,180.8,133000.0,103400.0,76886.29314,0.5021005945069076,40.97552080679503,68.41554242810884,29.76731967307484,-17.8,-13.0,-19.0,841.2916666666666,1290.2749999999999,1087.465
Dallas,2018,38.957398866951735,38.95739886695181,5965517.711043366,432.48809209595163,12,1.000000000000002,1.000000000000002,153129.26130969208,9.007739075116238,True,5965.517711043366,1044.8999999999999,2.0,-8.5,65.7,15.9,81.9,172.0,129800.0,101200.0,76886.29314,0.5021005945069076,23.30737862295628,40.97552080679503,68.41554242810884,-5.1,-17.8,-13.0,838.9000000000001,841.2916666666666,1290.2749999999999
Dallas,2019,31.953133705870147,31.953133705870204,4892959.760909729,432.8462399971507,12,1.000000000000002,1.000000000000002,153129.26130969208,7.382098018474293,True,4892.959760909729,1032.0,2.0,-16.4,66.5,14.7,86.5,184.1,128200.0,101800.0,76886.29314,0.5021005945069076,38.957398866951735,23.30737862295628,40.97552080679503,-8.5,-5.1,-17.8,1044.8999999999999,838.9000000000001,841.2916666666666
Davis,2001,12.95211568010108,5.284635056617855,690360.9987707074,262.90822706143706,12,0.4080132688080356,0.4080132688080356,130635.51056495009,4.926477891113844,True,690.3609987707074,1181.2,1.0,12.0,38.4,49.1,63.0,138.5,27300.0,36500.0,10026.09565,0.0767486237596566,1.1644742076450665,,,4.3,,,781.4,,
Davis,2002,4.036680036299061,1.8132486977213131,236874.66940805464,103.77054072231691,12,0.4761224914287075,0.4080132688080356,130635.51056495009,3.8900057841087574,True,236.87466940805464,780.6999999999999,1.0,-12.2,32.2,39.7,60.8,144.9,32500.0,39900.0,10026.09565,0.0767486237596566,12.95211568010108,1.1644742076450665,,12.0,4.3,,1181.2,781.4,
Davis,2003,7.023678836947856,2.857594071447886,373303.2605109691,120.52086235798188,12,0.4073331102206968,0.4052926344586803,130635.51056495009,5.827770146620338,True,373.3032605109691,865.8,1.0,-4.2,34.2,40.0,39.4,117.8,35800.0,37800.0,10026.09565,0.0767486237596566,4.036680036299061,12.95211568010108,1.1644742076450665,-12.2,12.0,4.3,780.6999999999999,1181.2,781.4
Davis,2004,9.858216136498834,4.022282990469014,525452.9920966339,191.72490618806998,12,0.4080132688080356,0.4080132688080356,130635.51056495009,5.141854719088269,True,525.4529920966339,1122.0,1.0,-5.5,40.3,39.1,99.1,184.0,35500.0,41800.0,10026.09565,0.0767486237596566,7.023678836947856,4.036680036299061,12.95211568010108,-4.2,-12.2,12.0,865.8,780.6999999999999,1181.2
Davis,2005,7.8385412073362914,3.4006818692657887,444249.81226050516,136.8055806283917,12,0.44206788011837156,0.4080132688080356,130635.51056495009,5.729694045616683,True,444.24981226050517,760.0999999999999,1.0,10.2,40.6,39.9,59.9,130.2,38500.0,39300.0,10026.09565,0.0767486237596566,9.858216136498834,7.023678836947856,4.036680036299061,-5.5,-4.2,-12.2,1122.0,865.8,780.6999999999999
Davis,2006,5.040670460573762,2.154354437061887,281435.1918234452,87.11245743665421,12,0.44206788011837156,0.4080132688080356,130635.51056495009,5.786394516810869,True,281.4351918234452,810.3,1.0,0.1,39.8,43.6,75.4,158.7,35200.0,39800.0,10026.09565,0.0767486237596566,7.8385412073362914,9.858216136498834,7.023678836947856,10.2,-5.5,-4.2,760.0999999999999,1122.0,865.8
Davis,2007,19.677204587049566,8.028560564566567,1048815.1084537772,363.8250376686861,12,0.4080132688080356,0.4080132688080356,130635.51056495009,5.408425080675297,True,1048.8151084537772,1188.9,1.0,-8.6,32.8,44.4,71.2,157.0,42900.0,34300.0,10026.09565,0.0767486237596566,5.040670460573762,7.8385412073362914,9.858216136498834,0.1,10.2,-5.5,810.3,760.0999999999999,1122.0
Davis,2010,21.324995718462972,8.700881210407442,1136644.0592865571,667.4989633070157,12,0.4080132688080356,0.4080132688080356,130635.51056495009,3.1947608746554046,True,1136.6440592865572,1391.3999999999999,1.0,14.8,23.3,48.8,77.2,134.5,40500.0,44300.0,10026.09565,0.0767486237596566,6.712158522216491,19.766171833920254,19.677204587049566,-0.1,12.8,-8.6,1364.0,1317.6,1188.9
Davis,2011,17.967608307077246,7.331022598033002,957691.8800572281,292.4985415007994,12,0.4080132688080356,0.4080132688080356,130635.51056495009,6.142802700788216,True,957.6918800572281,1110.7,1.0,72.3,91.5,49.2,40.3,108.7,42700.0,47600.0,10026.09565,0.0767486237596566,21.324995718462972,6.712158522216491,19.766171833920254,14.8,-0.1,12.8,1391.3999999999999,1364.0,1317.6
Davis,2012,1.7205720440208523,0.7020162239006714,91708.24783414254,67.5227666578621,12,0.4080132688080356,0.4080132688080356,130635.51056495009,2.5481361756679664,True,91.70824783414254,621.9,1.0,101.8,104.8,52.0,29.7,84.7,43700.0,48400.0,10026.09565,0.0767486237596566,17.967608307077246,21.324995718462972,6.712158522216491,72.3,14.8,-0.1,1110.7,1391.3999999999999,1364.0
Davis,2013,9.38592237151038,4.375958773470851,571655.6085835375,201.85230649344763,12,0.44184116058925865,0.4052926344586803,130635.51056495009,4.649896022771015,True,571.6556085835375,914.1999999999999,1.0,69.3,96.6,55.7,52.0,135.0,43600.0,49100.0,10026.09565,0.0767486237596566,1.7205720440208523,17.967608307077246,21.324995718462972,101.8,72.3,14.8,621.9,1110.7,1391.3999999999999
Davis,2014,9.037275749554178,3.6873284196951905,481696.0307275318,262.7539925214397,12,0.4080132688080356,0.4080132688080356,130635.51056495009,3.4394437408279424,True,481.6960307275318,935.8000000000001,1.0,76.5,112.2,57.4,74.4,167.5,46900.0,50000.0,10026.09565,0.0767486237596566,9.38592237151038,1.7205720440208523,17.967608307077246,69.3,101.8,72.3,914.1999999999999,621.9,1110.7
Davis,2015,23.502368055425286,9.589278015023629,1252700.2294418628,395.41486788760386,12,0.4080132688080356,0.4080132688080356,130635.51056495009,5.943723912300081,True,1252.7002294418628,1272.7,1.0,29.4,43.0,62.8,81.4,157.8,48100.0,47800.0,10026.09565,0.0767486237596566,9.037275749554178,9.38592237151038,1.7205720440208523,76.5,69.3,101.8,935.8000000000001,914.1999999999999,621.9
Davis,2016,17.8109886553954,7.267119701990715,949343.8926061651,292.7954963480775,12,0.4080132688080356,0.4080132688080356,130635.51056495009,6.08308149460795,True,949.3438926061651,715.7,1.0,23.8,44.5,65.4,110.4,196.5,46800.0,52500.0,10026.09565,0.0767486237596566,23.502368055425286,9.037275749554178,9.38592237151038,29.4,76.5,69.3,1272.7,935.8000000000001,914.1999999999999
Davis,2017,9.916731155900475,4.0334587320221695,526912.9408003723,198.08340828023998,12,0.4073331102206968,0.4052926344586803,130635.51056495009,5.006341137805295,True,526.9129408003723,746.7,1.0,44.1,45.0,69.9,54.1,124.9,42700.0,52500.0,10026.09565,0.0767486237596566,17.8109886553954,23.502368055425286,9.037275749554178,23.8,29.4,76.5,715.7,1272.7,935.8000000000001
Davis,2018,14.965534621330162,6.092748233492957,795929.2762260502,378.37927657993356,12,0.4068796711624709,0.4052926344586803,130635.51056495009,3.9551676182161777,True,795.9292762260502,840.9,1.0,40.1,42.4,70.4,89.6,162.3,44700.0,52500.0,10026.09565,0.0767486237596566,9.916731155900475,17.8109886553954,23.502368055425286,44.1,23.8,29.4,746.7,715.7,1272.7
Davis,2019,12.755737069200379,5.494366225576939,717759.3371090612,443.93891861380644,12,0.44206788011837156,0.4080132688080356,130635.51056495009,2.8733090374301953,True,717.7593371090612,1270.4,1.0,38.1,42.7,75.4,96.3,176.3,46700.0,46000.0,10026.09565,0.0767486237596566,14.965534621330162,9.916731155900475,17.8109886553954,40.1,44.1,23.8,840.9,746.7,715.7
Decatur,2001,4.743535201297651,4.323704125179678,597258.5926442519,232.44474918627162,12,0.6262769564140755,0.02120245631335164,138135.8611395343,2.040715145385529,True,597.2585926442518,1071.3,3.0,-3.2,32.6,35.6,56.9,128.3,24100.0,31300.0,7342.218097999999,0.05315215062498109,0.19671340444462054,,,-15.3,,,695.1333333333333,,
Decatur,2002,0.43038637695172,0.22979292303692345,31742.64330747615,54.9992153182269,12,0.4750083313888946,0.02120245631335164,138135.8611395343,0.7825318497027515,True,31.74264330747615,629.0,3.0,-11.6,26.6,36.4,67.5,142.1,26500.0,35900.0,7342.218097999999,0.05315215062498109,4.743535201297651,0.19671340444462054,,-3.2,-15.3,,1071.3,695.1333333333333,
Decatur,2004,3.2632822082824626,3.0127202252297933,416164.7026846091,161.66572824783148,12,0.7019112689266661,0.02120245631335164,138135.8611395343,2.0185367941929493,True,416.1647026846091,951.9666666666666,3.0,-24.5,32.7,30.0,86.7,173.9,31000.0,33700.0,7342.218097999999,0.05315215062498109,0.6904111577043723,0.43038637695172,4.743535201297651,-20.6,-11.6,-3.2,779.0,629.0,1071.3
Decatur,2005,1.9756623767897576,1.8079944748642576,249748.8737208943,108.89826038146028,12,0.4750083313888946,0.02120245631335164,138135.8611395343,1.814227674408388,True,249.7488737208943,748.2666666666667,3.0,-19.9,33.3,30.3,89.3,172.8,33000.0,33300.0,7342.218097999999,0.05315215062498109,3.2632822082824626,0.6904111577043723,0.43038637695172,-24.5,-20.6,-11.6,951.9666666666666,779.0,629.0
Decatur,2006,0.49753774440620024,0.4537584403974403,62680.312913632464,27.896201180290845,12,0.3237397063637136,0.02120245631335164,138135.8611395343,1.783532249393582,True,62.68031291363246,906.0333333333333,3.0,-16.4,29.6,32.9,81.8,160.7,28800.0,35300.0,7342.218097999999,0.05315215062498109,1.9756623767897576,3.2632822082824626,0.6904111577043723,-19.9,-24.5,-20.6,748.2666666666667,951.9666666666666,779.0
Decatur,2007,8.264348118219036,7.222972309089162,997751.499903042,326.85472902523605,12,0.853179893951847,0.02120245631335164,138135.8611395343,2.5284468555389803,True,997.751499903042,1073.4333333333334,3.0,-26.4,23.4,34.2,73.2,157.2,36000.0,29400.0,7342.218097999999,0.05315215062498109,0.49753774440620024,1.9756623767897576,3.2632822082824626,-16.4,-19.9,-24.5,906.0333333333333,748.2666666666667,951.9666666666666
Decatur,2010,14.220410224755671,13.208119038505213,1824514.8974173954,512.7036269057489,12,0.9288142064644375,0.9288142064644375,138135.8611395343,2.773612176410414,True,1824.5148974173953,1357.1333333333334,3.0,-11.8,16.3,32.6,76.2,136.9,28000.0,39300.0,7342.218097999999,0.05315215062498109,4.675637554858207,6.630098067326371,8.264348118219036,-18.9,-7.7,-26.4,1137.8666666666666,1318.3666666666666,1073.4333333333334
Decatur,2011,13.610505728130427,12.638159137203182,1745782.9956360352,333.37057069103287,12,0.853179893951847,0.02120245631335164,138135.8611395343,4.082695632046241,True,1745.7829956360351,963.4000000000001,3.0,64.7,106.7,29.2,73.2,144.4,36000.0,42000.0,7342.218097999999,0.05315215062498109,14.220410224755671,4.675637554858207,6.630098067326371,-11.8,-18.9,-7.7,1357.1333333333334,1137.8666666666666,1318.3666666666666
Decatur,2012,2.663494252480463,2.468986979998324,341055.6426243666,100.18638719504347,12,0.6262769564140755,0.02120245631335164,138135.8611395343,2.658539076067446,True,341.0556426243666,789.2,2.8333333333333335,101.7,126.9,31.5,47.6,104.3,31400.0,44900.0,7342.218097999999,0.05315215062498109,13.610505728130427,14.220410224755671,4.675637554858207,64.7,-11.8,-18.9,963.4000000000001,1357.1333333333334,1137.8666666666666
Decatur,2013,2.142644614044825,1.9622576603346047,271058.15168796835,191.1302605405742,12,0.5488757725420391,0.02120245631335164,138135.8611395343,1.1210389228711235,True,271.05815168796835,939.05,2.0,74.7,124.2,31.8,35.8,117.1,36200.0,38100.0,7342.218097999999,0.05315215062498109,2.663494252480463,13.610505728130427,14.220410224755671,101.7,64.7,-11.8,789.2,963.4000000000001,1357.1333333333334
Decatur,2014,9.87927008621588,8.864455824765125,1224499.2388872914,363.5180830440862,12,0.853179893951847,0.02120245631335164,138135.8611395343,2.717683258969474,True,1224.4992388872913,1268.35,2.0,96.8,146.6,32.1,71.2,153.1,29400.0,46600.0,7342.218097999999,0.05315215062498109,2.142644614044825,2.663494252480463,13.610505728130427,74.7,101.7,64.7,939.05,789.2,963.4000000000001
Decatur,2015,7.399266916820483,6.8725442297651815,949344.8153981508,418.7591651866559,12,0.9288142064644375,0.9288142064644375,138135.8611395343,1.7669504411974761,True,949.3448153981508,1120.95,2.0,-14.5,34.9,37.1,72.6,159.1,35300.0,33500.0,7342.218097999999,0.05315215062498109,9.87927008621588,2.142644614044825,2.663494252480463,96.8,74.7,101.7,1268.35,939.05,789.2
Decatur,2016,3.6355398622512336,3.37674107222671,466449.035857271,224.8838846483543,12,0.9288142064644375,0.9288142064644375,138135.8611395343,1.6166297856051548,True,466.449035857271,761.2,2.0,-11.9,36.1,35.1,111.5,194.6,35400.0,41500.0,7342.218097999999,0.05315215062498109,7.399266916820483,9.87927008621588,2.142644614044825,-14.5,96.8,74.7,1120.95,1268.35,939.05
Decatur,2019,4.911223231813623,4.379469046597953,604961.7280857435,400.6759661180209,12,0.7775455814392566,0.02120245631335164,138135.8611395343,1.2257344206083478,True,604.9617280857435,1259.1499999999999,2.0,-8.3,34.7,35.9,92.6,171.5,31900.0,44200.0,7342.218097999999,0.05315215062498109,4.286081553913933,2.640953994199206,3.6355398622512336,-11.1,-6.9,-11.9,1138.15,856.95,761.2
Delaware,2001,28.32784350595861,28.32784350595866,4246490.517081345,301.52053821248217,12,1.000000000000002,1.000000000000002,149905.1813170357,9.39499633222196,True,4246.490517081345,889.8,1.0,20.2,62.8,53.8,60.2,156.6,154500.0,92400.0,84187.233266,0.5616032249609286,19.30111925966842,,,38.9,,,835.4,,
Delaware,2002,25.521984285836606,25.521984285836655,3825877.6819388787,299.7923181915612,12,1.000000000000002,1.000000000000002,149905.1813170357,8.513221566113838,True,3825.8776819388786,978.4,1.0,13.1,58.8,58.2,65.3,169.2,153000.0,83800.0,84187.233266,0.5616032249609286,28.32784350595861,19.30111925966842,,20.2,38.9,,889.8,835.4,
Delaware,2003,12.100702021731575,12.100702021731598,1813957.9306310955,185.108289150173,12,1.000000000000002,1.000000000000002,149905.1813170357,6.537093545235365,True,1813.9579306310955,923.9000000000001,1.0,23.6,67.2,57.8,19.6,121.0,159500.0,78700.0,84187.233266,0.5616032249609286,25.521984285836606,28.32784350595861,19.30111925966842,13.1,20.2,38.9,978.4,889.8,835.4
Delaware,2004,25.008751734495686,25.008751734495732,3748941.4632723136,325.82389716272274,12,1.000000000000002,1.000000000000002,149905.1813170357,7.675542510009888,True,3748.9414632723137,805.0,1.0,23.5,73.2,57.1,47.6,154.4,169500.0,70400.0,84187.233266,0.5616032249609286,12.100702021731575,25.521984285836606,28.32784350595861,23.6,13.1,20.2,923.9000000000001,978.4,889.8
Delaware,2005,8.078163522296203,8.078163522296219,1210958.5675184783,146.7942737074965,12,1.000000000000002,1.000000000000002,149905.1813170357,5.503050846787675,True,1210.9585675184783,745.2,1.0,23.9,76.1,55.5,52.2,159.9,175000.0,64100.0,84187.233266,0.5616032249609286,25.008751734495686,12.100702021731575,25.521984285836606,23.5,23.6,13.1,805.0,923.9000000000001,978.4
Delaware,2006,17.540756089985315,17.54075608998535,2629450.222107152,192.30441849070468,12,1.000000000000002,1.000000000000002,149905.1813170357,9.121348447244948,True,2629.450222107152,912.6,1.0,20.3,73.8,54.3,56.3,164.1,168900.0,67900.0,84187.233266,0.5616032249609286,8.078163522296203,25.008751734495686,12.100702021731575,23.9,23.5,23.6,745.2,805.0,923.9000000000001
Delaware,2007,32.948663080746,32.94866308074607,4939175.313273159,390.42254339512857,12,1.000000000000002,1.000000000000002,149905.1813170357,8.439231708861694,True,4939.175313273159,1100.6,1.0,36.1,81.6,70.9,36.2,152.6,191300.0,46100.0,84187.233266,0.5616032249609286,17.540756089985315,8.078163522296203,25.008751734495686,20.3,23.9,23.5,912.6,745.2,805.0
Delaware,2008,51.857265694518844,51.792978219600585,7764035.790958506,697.8503825668467,12,0.9929994692244803,0.915993630693742,149905.1813170357,7.431000539653851,True,7764.035790958506,1338.2,1.0,54.2,88.2,68.4,36.6,139.0,173000.0,60200.0,84187.233266,0.5616032249609286,32.948663080746,17.540756089985315,8.078163522296203,36.1,20.3,23.9,1100.6,912.6,745.2
Delaware,2009,27.062906927374193,26.373186028691986,3953477.2335389853,407.2264257341642,12,0.9711021952586066,0.8284045348302469,149905.1813170357,6.645665707618089,True,3953.4772335389853,1139.9,1.0,22.5,64.5,68.3,41.6,151.9,174500.0,61000.0,84187.233266,0.5616032249609286,51.857265694518844,32.948663080746,17.540756089985315,54.2,36.1,20.3,1338.2,1100.6,912.6
Delaware,2010,46.63963289314848,46.63963289314857,6991522.625407418,557.5831520511375,12,1.000000000000002,1.000000000000002,149905.1813170357,8.364605838892174,True,6991.522625407419,1193.1,1.0,57.7,101.7,67.5,43.3,154.8,186500.0,52500.0,84187.233266,0.5616032249609286,27.062906927374193,51.857265694518844,32.948663080746,22.5,54.2,36.1,1139.9,1338.2,1100.6
Delaware,2011,36.62754091266184,36.6275409126619,5490658.161709727,389.19277942750955,12,1.000000000000002,1.000000000000002,149905.1813170357,9.41115633402547,True,5490.658161709727,975.4,1.0,73.6,126.1,67.3,38.5,158.3,201000.0,45500.0,84187.233266,0.5616032249609286,46.63963289314848,27.062906927374193,51.857265694518844,57.7,22.5,54.2,1193.1,1139.9,1338.2
Delaware,2012,13.238785055970189,13.238785055970213,1984562.4742324776,175.94919611362084,12,1.000000000000002,1.000000000000002,149905.1813170357,7.524208890060014,True,1984.5624742324776,697.5,1.0,97.8,122.1,63.5,27.0,114.8,196400.0,47800.0,84187.233266,0.5616032249609286,36.62754091266184,46.63963289314848,27.062906927374193,73.6,57.7,22.5,975.4,1193.1,1139.9
Delaware,2013,36.53367070870674,36.53367070870681,5476586.531765569,379.62646758182126,12,1.000000000000002,1.000000000000002,149905.1813170357,9.623583661440202,True,5476.586531765569,1090.8,1.0,57.0,110.4,66.0,38.1,157.5,187700.0,47900.0,84187.233266,0.5616032249609286,13.238785055970189,36.62754091266184,46.63963289314848,97.8,73.6,57.7,697.5,975.4,1193.1
Delaware,2014,28.731709939546253,28.73170993954631,4307032.188036166,319.44870914645185,12,1.000000000000002,1.000000000000002,149905.1813170357,8.99415434055617,True,4307.032188036166,876.0,1.0,58.0,99.3,68.9,39.5,149.7,187500.0,58800.0,84187.233266,0.5616032249609286,36.53367070870674,13.238785055970189,36.62754091266184,57.0,97.8,73.6,1090.8,697.5,975.4
Delaware,2015,20.570234960333416,20.57023496033346,3083584.8014628137,264.3245177329495,12,1.000000000000002,1.000000000000002,149905.1813170357,7.7821895360897955,True,3083.5848014628136,976.5999999999999,1.0,56.7,104.5,72.4,48.6,168.8,188200.0,59000.0,84187.233266,0.5616032249609286,28.731709939546253,36.53367070870674,13.238785055970189,58.0,57.0,97.8,876.0,1090.8,697.5
Delaware,2016,36.31765047923374,36.3176504792338,5444203.980098272,433.3158768582742,12,1.000000000000002,1.000000000000002,149905.1813170357,8.381333899545124,True,5444.203980098272,1033.5,1.0,65.5,111.7,78.0,55.2,179.4,179700.0,55900.0,84187.233266,0.5616032249609286,20.570234960333416,28.731709939546253,36.53367070870674,56.7,58.0,57.0,976.5999999999999,876.0,1090.8
Delaware,2017,28.636409945953883,28.636409945953933,4292746.225217189,354.561161519866,12,1.000000000000002,1.000000000000002,149905.1813170357,8.076578332268744,True,4292.746225217189,851.2,1.0,64.8,114.0,82.5,56.1,187.8,184000.0,58100.0,84187.233266,0.5616032249609286,36.31765047923374,20.570234960333416,28.731709939546253,65.5,56.7,58.0,1033.5,976.5999999999999,876.0
Delaware,2018,40.265932094128125,40.2659320941282,6036071.851469735,602.4741928768236,12,1.000000000000002,1.000000000000002,149905.1813170357,6.683428530250843,True,6036.071851469735,1340.7,1.0,53.1,102.8,83.1,61.8,194.6,179800.0,62800.0,84187.233266,0.5616032249609286,28.636409945953883,36.31765047923374,20.570234960333416,64.8,65.5,56.7,851.2,1033.5,976.5999999999999
Delaware,2019,34.60645333178776,34.60645333178783,5187686.661441188,597.9472946152192,12,1.000000000000002,1.000000000000002,149905.1813170357,5.787542421118756,True,5187.686661441188,1234.7,1.0,62.4,104.0,82.8,54.3,178.7,191600.0,59050.0,84187.233266,0.5616032249609286,40.265932094128125,28.636409945953883,36.31765047923374,53.1,64.8,65.5,1340.7,851.2,1033.5
Des Moines,2001,20.9870328592959,6.1914286779276715,688821.7733039397,348.502010753046,12,0.2634673371782753,0.05512889645587597,111254.09160563805,6.022069374563133,True,688.8217733039397,1093.5,2.0,-1.3,50.7,24.9,73.2,150.1,64600.0,72400.0,28357.562078,0.2548900599406172,8.804612350566115,,,-0.3,,,860.55,,
Des Moines,2002,8.050762712447584,3.6875775867742293,410258.0946418779,186.65898763011563,12,0.31340677756390295,0.05512889645587597,111254.09160563805,4.313086026375014,True,410.2580946418779,983.5,2.0,-29.8,46.0,9.7,73.3,158.8,73000.0,64300.0,28357.562078,0.2548900599406172,20.9870328592959,8.804612350566115,,-1.3,-0.3,,1093.5,860.55,
Des Moines,2003,3.557856847362939,1.0876611126354025,121006.7490610293,101.60671649954217,12,0.2846069593208535,0.05512889645587597,111254.09160563805,3.50159612468037,True,121.0067490610293,895.4,2.0,-23.8,53.6,10.0,47.2,134.6,72200.0,68700.0,28357.562078,0.2548900599406172,8.050762712447584,20.9870328592959,8.804612350566115,-29.8,-1.3,-0.3,983.5,1093.5,860.55
Des Moines,2004,13.319805151996304,3.0359539634988075,337762.3003655962,209.8133465732294,12,0.2279278059141724,0.2279278059141724,111254.09160563805,6.34840698627692,True,337.7623003655962,914.9,2.0,-28.0,53.6,10.6,94.9,187.1,73500.0,65500.0,28357.562078,0.2548900599406172,3.557856847362939,8.050762712447584,20.9870328592959,-23.8,-29.8,-1.3,895.4,983.5,1093.5
Des Moines,2005,7.534115194815382,1.705446404804417,189737.89054861668,127.80617733031643,12,0.2135278967926477,0.05512889645587597,111254.09160563805,5.894953868578184,True,189.7378905486167,701.5500000000001,2.0,-9.4,60.3,10.6,84.9,165.2,73000.0,66100.0,28357.562078,0.2548900599406172,13.319805151996304,3.557856847362939,8.050762712447584,-28.0,-23.8,-29.8,914.9,895.4,983.5
Des Moines,2006,6.833833057883125,1.4901062643904612,165780.41884063144,98.90265828129449,12,0.19912798767112297,0.05512889645587597,111254.09160563805,6.909655591305388,True,165.78041884063143,788.55,2.0,-15.6,56.4,11.5,77.0,160.5,71800.0,66200.0,28357.562078,0.2548900599406172,7.534115194815382,13.319805151996304,3.557856847362939,-9.4,-28.0,-23.8,701.5500000000001,914.9,895.4
Des Moines,2007,26.54129183035203,6.0494984130198866,673031.4506102765,372.11423237686705,12,0.2279278059141724,0.2279278059141724,111254.09160563805,7.13256562664116,True,673.0314506102766,1054.5,2.0,-30.8,61.5,11.7,73.9,177.9,80000.0,56400.0,28357.562078,0.2548900599406172,6.833833057883125,7.534115194815382,13.319805151996304,-15.6,-9.4,-28.0,788.55,701.5500000000001,914.9
Des Moines,2008,22.67076798339935,7.878901911772593,876560.075044185,532.7753617582528,12,0.27786724629980003,0.05512889645587597,111254.09160563805,4.255220794854667,True,876.560075044185,1275.25,2.0,-18.7,66.4,11.7,70.7,167.5,70000.0,59900.0,28357.562078,0.2548900599406172,26.54129183035203,6.833833057883125,7.534115194815382,-30.8,-15.6,-9.4,1054.5,788.55,701.5500000000001
Des Moines,2009,25.989746972442585,5.593954682730826,622350.3467103232,594.0797752123598,12,0.2135278967926477,0.05512889645587597,111254.09160563805,4.374790736337101,True,622.3503467103233,1391.1499999999999,2.0,-20.0,55.8,11.0,79.2,166.0,76300.0,63400.0,28357.562078,0.2548900599406172,22.67076798339935,26.54129183035203,6.833833057883125,-18.7,-30.8,-15.6,1275.25,1054.5,788.55
Des Moines,2010,29.23840192172296,6.664244798455036,741424.5012897134,738.7495432294943,12,0.2279278059141724,0.2279278059141724,111254.09160563805,3.957823350239282,True,741.4245012897135,1347.05,2.0,-1.0,53.4,10.8,82.0,147.2,73000.0,64400.0,28357.562078,0.2548900599406172,25.989746972442585,22.67076798339935,26.54129183035203,-20.0,-18.7,-30.8,1391.1499999999999,1275.25,1054.5
Des Moines,2011,19.116328098782,5.533737660334903,615650.9565844685,343.6047836939003,12,0.27786724629980003,0.05512889645587597,111254.09160563805,5.563463899795919,True,615.6509565844685,984.95,2.0,-12.2,55.9,10.6,84.6,163.3,73400.0,64100.0,28357.562078,0.2548900599406172,29.23840192172296,25.989746972442585,22.67076798339935,-1.0,-20.0,-18.7,1347.05,1391.1499999999999,1275.25
Des Moines,2012,3.298509827688115,0.7399512256784476,82322.60144533416,77.62812005731452,12,0.19912798767112297,0.05512889645587597,111254.09160563805,4.249117233874469,True,82.32260144533416,667.1999999999999,2.0,-13.4,54.3,11.0,74.4,153.1,74500.0,65100.0,28357.562078,0.2548900599406172,19.116328098782,29.23840192172296,25.989746972442585,-12.2,-1.0,-20.0,984.95,1347.05,1391.1499999999999
Des Moines,2013,19.9698059770349,4.54156482275378,505267.6688235923,338.0659586066806,12,0.19912798767112297,0.05512889645587597,111254.09160563805,5.907073891538593,True,505.2676688235923,942.2,2.0,-30.7,45.5,10.7,73.5,160.4,69000.0,65000.0,28357.562078,0.2548900599406172,3.298509827688115,19.116328098782,29.23840192172296,-13.4,-12.2,-1.0,667.1999999999999,984.95,1347.05
Des Moines,2014,12.501574972903052,2.849456554045321,317013.70049004396,293.1852649539793,12,0.2279278059141724,0.2279278059141724,111254.09160563805,4.264052961483381,True,317.01370049004396,1076.75,2.0,-38.4,46.2,11.2,92.5,188.3,69300.0,63100.0,28357.562078,0.2548900599406172,19.9698059770349,3.298509827688115,19.116328098782,-30.7,-13.4,-12.2,942.2,667.1999999999999,984.95
Des Moines,2015,25.264356352475197,5.7584493112534565,640651.0471806152,372.11890197923884,12,0.2279278059141724,0.2279278059141724,111254.09160563805,6.789323578592291,True,640.6510471806153,1099.15,2.0,-27.4,48.3,11.2,93.5,180.4,69500.0,64200.0,28357.562078,0.2548900599406172,12.501574972903052,19.9698059770349,3.298509827688115,-38.4,-30.7,-13.4,1076.75,942.2,667.1999999999999
Des Moines,2016,14.172661965527352,3.230343745765892,359388.95900913846,251.80688009622438,12,0.2279278059141724,0.2279278059141724,111254.09160563805,5.628385515166016,True,359.38895900913843,866.3,2.0,-34.7,51.2,11.5,107.9,205.3,70000.0,63600.0,28357.562078,0.2548900599406172,25.264356352475197,12.501574972903052,19.9698059770349,-27.4,-38.4,-30.7,1099.15,1076.75,942.2
Des Moines,2017,13.858878542852683,3.1043683424279993,345373.6799461274,183.23657025714226,12,0.17032816942807358,0.05512889645587597,111254.09160563805,7.563380237582507,True,345.3736799461274,847.9,2.0,-30.5,52.0,11.8,104.7,199.0,71000.0,62800.0,28357.562078,0.2548900599406172,14.172661965527352,25.264356352475197,12.501574972903052,-34.7,-27.4,-38.4,866.3,1099.15,1076.75
Des Moines,2018,13.14601383263684,2.9127602916537736,324056.5003129139,317.0741720026372,12,0.2135278967926477,0.05512889645587597,111254.09160563805,4.146037423864187,True,324.0565003129139,1038.95,2.0,-28.9,47.3,11.3,121.6,209.1,69400.0,68200.0,28357.562078,0.2548900599406172,13.858878542852683,14.172661965527352,25.264356352475197,-30.5,-34.7,-27.4,847.9,866.3,1099.15
Des Moines,2019,21.353568124173133,4.867071930981591,541481.6664606556,485.4741014481692,12,0.2279278059141724,0.2279278059141724,111254.09160563805,4.39849789318842,True,541.4816664606557,1198.7,2.0,-26.9,47.8,11.9,95.0,181.6,67800.0,61700.0,28357.562078,0.2548900599406172,13.14601383263684,13.858878542852683,14.172661965527352,-28.9,-30.5,-34.7,1038.95,847.9,866.3
Dickinson,2001,12.142572323187842,12.142572323187842,1270038.7925250665,201.00395060053432,12,0.9999999999999999,0.9999999999999999,104593.88329932038,6.040962024333249,True,1270.0387925250666,775.925,4.0,-4.1,60.4,9.9,62.0,136.4,84500.0,93100.0,47616.568818,0.45525194510403455,1.36085451468186,,,-1.3,,,710.675,,
Dickinson,2002,3.177837320095063,3.1778373200950627,332382.3458022481,61.768943296230006,12,0.9999999999999999,0.9999999999999999,104593.88329932038,5.144716989660755,True,332.3823458022481,693.0,4.0,-1.6,63.3,15.0,71.1,151.0,86500.0,81700.0,47616.568818,0.45525194510403455,12.142572323187842,1.36085451468186,,-4.1,-1.3,,775.925,710.675,
Dickinson,2003,6.661011614319354,6.661011614319352,696701.071443536,90.47078929964518,12,0.9999999999999999,0.9999999999999999,104593.88329932038,7.362610258939653,True,696.701071443536,538.5,4.0,-8.1,68.3,13.7,44.6,134.7,85000.0,86700.0,47616.568818,0.45525194510403455,3.177837320095063,12.142572323187842,1.36085451468186,-1.6,-4.1,-1.3,693.0,775.925,710.675
Dickinson,2004,9.226272666240993,9.226272666240991,965011.6865405197,161.47820490175602,12,0.9999999999999999,0.9999999999999999,104593.88329932038,5.713633410684925,True,965.0116865405197,922.6500000000001,4.0,-13.2,71.9,12.5,66.8,164.4,90000.0,82700.0,47616.568818,0.45525194510403455,6.661011614319354,3.177837320095063,12.142572323187842,-8.1,-1.6,-4.1,538.5,693.0,775.925
Dickinson,2005,12.418148887510066,12.418148887510066,1298862.415533813,148.62048657533023,12,0.9999999999999999,0.9999999999999999,104593.88329932038,8.355610436799212,True,1298.862415533813,815.575,4.0,0.3,76.0,12.6,78.7,167.0,90000.0,82100.0,47616.568818,0.45525194510403455,9.226272666240993,6.661011614319354,3.177837320095063,-13.2,-8.1,-1.6,922.6500000000001,538.5,693.0
Dickinson,2006,12.72813810288789,12.710112177431071,1329399.989807496,156.44126835715667,12,0.9941747326603068,0.9300967919236822,104593.88329932038,8.136048906116926,True,1329.399989807496,691.5250000000001,4.0,-2.3,67.9,13.5,76.8,160.5,89500.0,82200.0,47616.568818,0.45525194510403455,12.418148887510066,9.226272666240993,6.661011614319354,0.3,-13.2,-8.1,815.575,922.6500000000001,538.5
Dickinson,2007,15.460071388897434,15.460071388897433,1617028.9026495002,255.83458559065312,12,0.9999999999999999,0.9999999999999999,104593.88329932038,6.042995067771738,True,1617.0289026495002,851.8000000000001,4.0,12.5,84.7,15.9,77.1,165.2,95700.0,74800.0,47616.568818,0.45525194510403455,12.72813810288789,12.418148887510066,9.226272666240993,-2.3,0.3,-13.2,691.5250000000001,815.575,922.6500000000001
Dickinson,2010,28.698119730531907,28.6981197305319,3001647.786005178,399.5770553465091,12,0.9999999999999999,0.9999999999999999,104593.88329932038,7.182124035036295,True,3001.647786005178,890.6083333333333,3.3333333333333335,-11.4,63.8,15.0,83.8,174.0,91000.0,86500.0,47616.568818,0.45525194510403455,7.362047203875028,14.237766208202135,15.460071388897434,-3.6,14.3,12.5,704.675,691.375,851.8000000000001
Dickinson,2011,22.430734072689216,22.430734072689216,2346117.581916946,304.7480475335025,12,0.9999999999999999,0.9999999999999999,104593.88329932038,7.360419288731716,True,2346.117581916946,732.6666666666666,3.0,-3.5,71.2,15.4,71.8,161.9,97300.0,78600.0,47616.568818,0.45525194510403455,28.698119730531907,7.362047203875028,14.237766208202135,-11.4,-3.6,14.3,890.6083333333333,704.675,691.375
Dickinson,2012,4.968238491711378,4.961147245081198,518905.65598276764,86.53936899412277,12,0.9883494653206136,0.9300967919236822,104593.88329932038,5.741015389248783,True,518.9056559827676,600.9333333333333,3.0,2.1,70.9,17.5,73.2,159.5,95400.0,80100.0,47616.568818,0.45525194510403455,22.430734072689216,28.698119730531907,7.362047203875028,-3.5,-11.4,-3.6,732.6666666666666,890.6083333333333,704.675
Dickinson,2013,9.35356509926187,9.353565099261868,978325.6964247918,106.71967912456195,12,0.9999999999999999,0.9999999999999999,104593.88329932038,8.764611340654893,True,978.3256964247918,536.0333333333333,3.0,1.7,72.8,19.9,61.1,152.1,93000.0,73400.0,47616.568818,0.45525194510403455,4.968238491711378,22.430734072689216,28.698119730531907,2.1,-3.5,-11.4,600.9333333333333,732.6666666666666,890.6083333333333
Dickinson,2014,7.243249647407222,7.243249647407221,757599.6083287544,133.949096515944,12,0.9999999999999999,0.9999999999999999,104593.88329932038,5.407464354599104,True,757.5996083287545,624.5666666666666,3.0,-1.3,63.4,21.9,63.9,150.5,92300.0,79600.0,47616.568818,0.45525194510403455,9.35356509926187,4.968238491711378,22.430734072689216,1.7,2.1,-3.5,536.0333333333333,600.9333333333333,732.6666666666666
Dickinson,2015,15.030775934349396,14.97955060701878,1566769.3680667863,172.43472044611778,12,0.9941747326603068,0.9300967919236822,104593.88329932038,8.71679201002109,True,1566.7693680667862,746.6666666666666,3.0,-5.1,65.2,24.7,94.7,189.7,91700.0,79000.0,47616.568818,0.45525194510403455,7.243249647407222,9.35356509926187,4.968238491711378,-1.3,1.7,2.1,624.5666666666666,536.0333333333333,600.9333333333333
Dickinson,2016,39.7198905553469,39.71989055534689,4154457.5974077308,375.84217136625955,12,0.9999999999999999,0.9999999999999999,104593.88329932038,10.568236771024752,True,4154.457597407731,997.9,3.0,4.3,69.2,27.5,95.1,187.5,89000.0,79500.0,47616.568818,0.45525194510403455,15.030775934349396,7.243249647407222,9.35356509926187,-5.1,-1.3,1.7,746.6666666666666,624.5666666666666,536.0333333333333
Dickinson,2017,15.748123299245906,15.748123299245904,1647157.3705446343,236.797454472778,12,0.9999999999999999,0.9999999999999999,104593.88329932038,6.650461397192212,True,1647.1573705446342,905.4,3.0,5.9,70.3,29.4,100.1,193.9,89800.0,80000.0,47616.568818,0.45525194510403455,39.7198905553469,15.030775934349396,7.243249647407222,4.3,-5.1,-1.3,997.9,746.6666666666666,624.5666666666666
Dickinson,2018,26.384229849390664,26.38422984939066,2759629.057809612,480.92989813820367,12,0.9999999999999999,0.9999999999999999,104593.88329932038,5.48608642372421,True,2759.629057809612,1232.1,3.0,9.1,64.0,27.7,83.5,166.1,86800.0,85000.0,47616.568818,0.45525194510403455,15.748123299245906,39.7198905553469,15.030775934349396,5.9,4.3,-5.1,905.4,997.9,746.6666666666666
Dickinson,2019,22.520139656801938,22.496956084485745,2353043.9992906377,447.2695405740996,12,0.9941747326603068,0.9300967919236822,104593.88329932038,5.0350264468928225,True,2353.0439992906377,1040.0333333333333,3.0,3.5,64.9,27.2,80.2,168.8,91000.0,75100.0,47616.568818,0.45525194510403455,26.384229849390664,15.748123299245906,39.7198905553469,9.1,5.9,4.3,1232.1,905.4,997.9
Dubuque,2001,21.60266876127552,16.658667936147285,2660551.402815206,272.6787327733072,12,0.7442638402853556,0.5131699412732051,159709.732675692,7.922388571181679,True,2660.551402815206,974.0333333333333,6.0,38.8,52.9,83.9,44.9,142.9,108500.0,43600.0,36403.124444,0.22793303723023886,15.449551827779489,,,45.9,,,806.0333333333333,,
Dubuque,2002,28.21634492737199,14.479780069323981,2312561.804074547,326.29919800566023,12,0.5131699412732051,0.5131699412732051,159709.732675692,8.647384087926115,True,2312.5618040745467,1059.9333333333334,6.0,20.3,47.4,81.8,44.0,152.9,106500.0,36900.0,36403.124444,0.22793303723023886,21.60266876127552,15.449551827779489,,38.8,45.9,,974.0333333333333,806.0333333333333,
Dubuque,2003,12.814644269627626,6.576090247281826,1050265.6154446057,193.9520794915343,12,0.5131699412732051,0.5131699412732051,159709.732675692,6.60711878069189,True,1050.2656154446056,812.3,6.0,28.4,52.5,80.1,19.6,123.8,112000.0,36900.0,36403.124444,0.22793303723023886,28.21634492737199,21.60266876127552,15.449551827779489,20.3,38.8,45.9,1059.9333333333334,974.0333333333333,806.0333333333333
Dubuque,2004,24.579396418949607,12.613407416843195,2014483.9266736181,323.06201448216916,12,0.5131699412732051,0.5131699412732051,159709.732675692,7.608259503472582,True,2014.483926673618,855.6833333333333,6.0,14.8,57.5,73.8,37.0,153.5,118000.0,34600.0,36403.124444,0.22793303723023886,12.814644269627626,28.21634492737199,21.60266876127552,28.4,20.3,38.8,812.3,1059.9333333333334,974.0333333333333
Dubuque,2005,7.405286763350227,3.8001705734596793,606924.2264092766,138.71567910145862,12,0.5131699412732051,0.5131699412732051,159709.732675692,5.338464124112384,True,606.9242264092766,666.8,6.0,13.8,58.6,70.6,46.8,162.2,122000.0,34300.0,36403.124444,0.22793303723023886,24.579396418949607,12.814644269627626,28.21634492737199,14.8,28.4,20.3,855.6833333333333,812.3,1059.9333333333334
Dubuque,2006,17.21301160173547,8.833200152797591,1410748.0350741849,190.06275306400033,12,0.5131699412732051,0.5131699412732051,159709.732675692,9.056488619808263,True,1410.7480350741848,961.6533333333333,5.916666666666667,13.0,56.6,72.4,42.5,158.5,118200.0,33800.0,36403.124444,0.22793303723023886,7.405286763350227,24.579396418949607,12.814644269627626,13.8,14.8,28.4,666.8,855.6833333333333,812.3
Dubuque,2007,31.98759437235994,16.41507192553506,2621646.7490794617,380.7892168686623,12,0.5131699412732051,0.5131699412732051,159709.732675692,8.400341437029914,True,2621.6467490794616,1089.28,5.0,19.5,51.1,88.9,31.4,151.9,127000.0,26600.0,36403.124444,0.22793303723023886,17.21301160173547,7.405286763350227,24.579396418949607,13.0,13.8,14.8,961.6533333333333,666.8,855.6833333333333
Dubuque,2008,52.95520394634119,27.159297402386642,4337604.127794786,722.4726754107651,12,0.5115845903553545,0.49414573025899844,159709.732675692,7.329717198817695,True,4337.604127794786,1213.66,5.0,41.0,62.2,83.8,28.2,133.2,120000.0,33200.0,36403.124444,0.22793303723023886,31.98759437235994,17.21301160173547,7.405286763350227,19.5,13.0,13.8,1089.28,961.6533333333333,666.8
Dubuque,2009,27.771640529156404,14.21219276282175,2269825.5068856664,421.2799600453649,12,0.5115845903553545,0.49414573025899844,159709.732675692,6.592205460275361,True,2269.8255068856665,1164.52,5.0,7.0,45.3,80.3,35.1,153.7,124500.0,33200.0,36403.124444,0.22793303723023886,52.95520394634119,31.98759437235994,17.21301160173547,41.0,19.5,13.0,1213.66,1089.28,961.6533333333333
Dubuque,2010,47.16050704607798,24.201354631250414,3865191.8785466244,573.0141795277299,12,0.5131699412732051,0.5131699412732051,159709.732675692,8.230251315062919,True,3865.1918785466246,1168.38,5.0,33.3,66.6,77.0,37.4,147.7,131000.0,32700.0,36403.124444,0.22793303723023886,27.771640529156404,52.95520394634119,31.98759437235994,7.0,41.0,19.5,1164.52,1213.66,1089.28
Dubuque,2011,38.53109296362863,19.77299871333771,3157940.338703968,398.33833272782863,12,0.5131699412732051,0.5131699412732051,159709.732675692,9.672956328296841,True,3157.940338703968,1131.7233333333334,5.416666666666667,45.3,92.6,72.6,38.4,158.3,141100.0,31100.0,36403.124444,0.22793303723023886,47.16050704607798,27.771640529156404,52.95520394634119,33.3,7.0,41.0,1168.38,1164.52,1213.66
Dubuque,2012,14.043002752287643,7.206446897690909,1150939.7075717852,184.1490432403574,12,0.5131699412732051,0.5131699412732051,159709.732675692,7.625889608320285,True,1150.9397075717852,633.9333333333334,6.0,55.1,83.0,70.7,35.9,134.5,140400.0,33900.0,36403.124444,0.22793303723023886,38.53109296362863,47.16050704607798,27.771640529156404,45.3,33.3,7.0,1131.7233333333334,1168.38,1164.52
Dubuque,2013,34.88066301218891,17.89970778953544,2858757.5460397075,369.9153173898477,12,0.5131699412732051,0.5131699412732051,159709.732675692,9.429364336224214,True,2858.7575460397074,970.0,6.0,25.4,81.3,70.2,39.2,165.3,136900.0,34100.0,36403.124444,0.22793303723023886,14.043002752287643,38.53109296362863,47.16050704607798,55.1,45.3,33.3,633.9333333333334,1131.7233333333334,1168.38
Dubuque,2014,29.328759655692373,15.050637870127604,2403733.3508367264,314.6077846303062,12,0.5131699412732051,0.5131699412732051,159709.732675692,9.322324840167713,True,2403.7333508367265,951.1333333333333,6.0,27.9,74.9,70.7,41.4,159.1,133900.0,38100.0,36403.124444,0.22793303723023886,34.88066301218891,14.043002752287643,38.53109296362863,25.4,55.1,45.3,970.0,633.9333333333334,1131.7233333333334
Dubuque,2015,20.00780074450464,10.267401933063436,1639804.018003445,265.62059855532334,12,0.5131699412732051,0.5131699412732051,159709.732675692,7.532473329750976,True,1639.804018003445,957.25,6.0,25.8,80.0,70.5,44.6,169.3,137600.0,37800.0,36403.124444,0.22793303723023886,29.328759655692373,34.88066301218891,14.043002752287643,27.9,25.4,55.1,951.1333333333333,970.0,633.9333333333334
Dubuque,2016,33.864590886260345,17.37829011634334,2775482.068841816,404.5722151935842,12,0.5131699412732051,0.5131699412732051,159709.732675692,8.370468760455148,True,2775.482068841816,1038.7166666666667,6.0,23.8,84.9,71.2,44.0,176.3,144600.0,39100.0,36403.124444,0.22793303723023886,20.00780074450464,29.328759655692373,34.88066301218891,25.8,27.9,25.4,957.25,951.1333333333333,970.0
Dubuque,2017,27.00656669777658,13.858958246288907,2213410.516678379,335.209212642086,12,0.5131699412732051,0.5131699412732051,159709.732675692,8.056630211596358,True,2213.410516678379,926.3333333333334,6.0,25.1,86.5,73.1,47.3,181.8,134100.0,40400.0,36403.124444,0.22793303723023886,33.864590886260345,20.00780074450464,29.328759655692373,23.8,25.8,27.9,1038.7166666666667,957.25,951.1333333333333
Dubuque,2018,40.389995571327965,20.72693165536339,3310292.7138654254,581.2052681207754,12,0.5131699412732051,0.5131699412732051,159709.732675692,6.9493512510514375,True,3310.2927138654254,1288.12,5.0,22.2,79.0,73.4,51.3,181.5,141400.0,40900.0,36403.124444,0.22793303723023886,27.00656669777658,33.864590886260345,20.00780074450464,25.1,23.8,25.8,926.3333333333334,1038.7166666666667,957.25
Dubuque,2019,35.108751297545936,18.016755841537215,2877451.259135121,596.4091521841066,12,0.5131699412732051,0.5131699412732051,159709.732675692,5.8866888894937945,True,2877.451259135121,1377.2,5.0,18.5,79.8,74.8,44.4,180.5,140200.0,36100.0,36403.124444,0.22793303723023886,40.389995571327965,27.00656669777658,33.864590886260345,22.2,25.1,23.8,1288.12,926.3333333333334,1038.7166666666667
Emmet,2001,22.432687975368747,21.74735914351149,2266670.522952256,290.149032275758,12,0.9694495446729454,0.9694495446729454,104227.39184074846,7.731436427486925,True,2266.670522952256,850.3,4.0,15.2,61.0,29.9,58.6,134.3,108800.0,111900.0,71752.44654399999,0.6884221630877253,3.7242387601186624,,,18.5,,,722.925,,
Emmet,2002,5.229391589532703,5.06963129538901,528394.4475126315,67.41392217445603,12,0.9694495446729454,0.9694495446729454,104227.39184074846,7.757138912641674,True,528.3944475126316,637.525,4.0,11.6,67.5,28.5,67.2,151.6,114500.0,97800.0,71752.44654399999,0.6884221630877253,22.432687975368747,3.7242387601186624,,15.2,18.5,,850.3,722.925,
Emmet,2003,12.62746151856282,12.241686819545869,1275919.088932533,110.15808899560592,12,0.9694495446729454,0.9694495446729454,104227.39184074846,11.463036109011037,True,1275.919088932533,654.525,4.0,4.6,69.6,28.9,42.3,136.2,114500.0,99600.0,71752.44654399999,0.6884221630877253,5.229391589532703,22.432687975368747,3.7242387601186624,11.6,15.2,18.5,637.525,850.3,722.925
Emmet,2004,11.671730916270782,11.31515422232385,1179349.0128686472,166.02922530686317,12,0.9694495446729454,0.9694495446729454,104227.39184074846,7.029925541541576,True,1179.3490128686472,1009.4,4.0,6.4,74.9,29.2,60.9,158.6,121000.0,95200.0,71752.44654399999,0.6884221630877253,12.62746151856282,5.229391589532703,22.432687975368747,4.6,11.6,15.2,654.525,637.525,850.3
Emmet,2005,19.871995706842604,19.26489718974129,2007929.9881668987,213.81383843036784,12,0.9694495446729454,0.9694495446729454,104227.39184074846,9.294064337802093,True,2007.9299881668987,888.775,4.0,13.4,76.6,29.8,79.7,172.7,116000.0,101100.0,71752.44654399999,0.6884221630877253,11.671730916270782,12.62746151856282,5.229391589532703,6.4,4.6,11.6,1009.4,654.525,637.525
Emmet,2006,19.359012066095243,18.55096358637436,1933518.5507404967,207.02713724168675,12,0.9220756626228289,0.4009629600715468,104227.39184074846,9.350953852728605,True,1933.5185507404967,796.725,4.0,19.3,76.8,31.2,73.7,162.4,121900.0,94300.0,71752.44654399999,0.6884221630877253,19.871995706842604,11.671730916270782,12.62746151856282,13.4,6.4,4.6,888.775,1009.4,654.525
Emmet,2007,20.06271910447972,19.449793900739067,2027201.2901141304,293.40862883405066,12,0.9694495446729454,0.9694495446729454,104227.39184074846,6.837808139523741,True,2027.2012901141304,919.075,4.0,30.6,90.9,35.2,72.5,168.0,132100.0,84900.0,71752.44654399999,0.6884221630877253,19.359012066095243,19.871995706842604,11.671730916270782,19.3,13.4,6.4,796.725,888.775,1009.4
Emmet,2010,25.78498249345915,24.997239537683836,2605397.0802312237,433.6031994810784,12,0.9694495446729454,0.9694495446729454,104227.39184074846,5.946677174964979,True,2605.3970802312238,987.375,4.0,14.8,75.6,33.8,78.2,172.8,114500.0,91000.0,71752.44654399999,0.6884221630877253,9.094405329223132,17.85167834301913,20.06271910447972,17.2,38.6,30.6,799.85,731.125,919.075
Emmet,2011,22.54116436002691,21.841259448777745,2276457.5068632076,331.8356778968218,12,0.9088905878630386,0.6060958038135041,104227.39184074846,6.792869441554043,True,2276.4575068632075,703.7,4.0,30.5,87.9,33.8,71.6,162.8,118100.0,86100.0,71752.44654399999,0.6884221630877253,25.78498249345915,9.094405329223132,17.85167834301913,14.8,17.2,38.6,987.375,799.85,731.125
Emmet,2012,4.488210806707961,4.255013597927919,443488.9695589462,73.93244457840007,12,0.783863345357852,0.037609219212105555,104227.39184074846,6.070691740685695,True,443.4889695589462,568.125,4.0,26.7,84.6,33.1,65.4,156.4,117600.0,88700.0,71752.44654399999,0.6884221630877253,22.54116436002691,25.78498249345915,9.094405329223132,30.5,14.8,17.2,703.7,987.375,799.85
Emmet,2013,16.604898377334813,16.097611171247763,1677812.02724565,134.67725131164468,12,0.9694495446729454,0.9694495446729454,104227.39184074846,12.329401005453319,True,1677.8120272456501,615.475,4.0,26.1,87.1,34.0,49.8,144.8,119400.0,82300.0,71752.44654399999,0.6884221630877253,4.488210806707961,22.54116436002691,25.78498249345915,26.7,30.5,14.8,568.125,703.7,987.375
Emmet,2014,14.847770825879385,14.394164666557014,1500266.2409214943,153.58153855552402,12,0.9694495446729454,0.9694495446729454,104227.39184074846,9.667679439551584,True,1500.2662409214943,643.05,4.0,17.0,75.5,33.9,55.3,147.7,119000.0,88400.0,71752.44654399999,0.6884221630877253,16.604898377334813,4.488210806707961,22.54116436002691,26.1,26.7,30.5,615.475,568.125,703.7
Emmet,2015,20.47871302672685,19.546331677779065,2037263.1708291126,180.23958703217434,12,0.9220756626228289,0.4009629600715468,104227.39184074846,11.361939607124834,True,2037.2631708291126,820.925,4.0,10.3,78.2,34.0,90.9,192.8,120300.0,88800.0,71752.44654399999,0.6884221630877253,14.847770825879385,16.604898377334813,4.488210806707961,17.0,26.1,26.7,643.05,615.475,568.125
Emmet,2016,41.0817375447786,39.82667175715906,4151030.1229462875,364.82727967795256,12,0.9694495446729454,0.9694495446729454,104227.39184074846,11.260599147367234,True,4151.0301229462875,913.075,4.0,17.1,83.2,35.0,89.1,190.2,122200.0,85800.0,71752.44654399999,0.6884221630877253,20.47871302672685,14.847770825879385,16.604898377334813,10.3,17.0,26.1,820.925,643.05,615.475
Emmet,2017,20.02930418072209,19.404539981367197,2022484.5921274284,259.5191463983199,12,0.9391700662679919,0.6060958038135041,104227.39184074846,7.717852211944451,True,2022.4845921274284,788.4749999999999,4.0,17.6,84.8,35.9,94.8,197.9,118300.0,90000.0,71752.44654399999,0.6884221630877253,41.0817375447786,20.47871302672685,14.847770825879385,17.1,10.3,17.0,913.075,820.925,643.05
Emmet,2018,29.46435006360524,28.564200753246375,2977172.1445264122,576.0372913727423,12,0.9694495446729454,0.9694495446729454,104227.39184074846,5.115007397071355,True,2977.1721445264125,1308.1333333333332,3.0,31.3,76.8,39.0,69.3,153.8,108400.0,88000.0,71752.44654399999,0.6884221630877253,20.02930418072209,41.0817375447786,20.47871302672685,17.6,17.1,10.3,788.4749999999999,913.075,820.925
Emmet,2019,22.601588372290013,21.84658120469575,2277012.1796025545,515.7921314765317,12,0.9220756626228289,0.4009629600715468,104227.39184074846,4.381918023369144,True,2277.0121796025546,1115.3333333333333,3.0,28.6,77.9,40.5,77.4,167.2,111050.0,86200.0,71752.44654399999,0.6884221630877253,29.46435006360524,20.02930418072209,41.0817375447786,31.3,17.6,17.1,1308.1333333333332,788.4749999999999,913.075
Fayette,2001,24.470495023214056,24.470495023214017,4632398.849835855,275.3489281106791,12,0.9999999999999987,0.9999999999999987,189305.48178291097,8.887085630265434,True,4632.398849835855,932.1285714285714,7.0,4.7,60.6,33.2,59.1,148.2,157300.0,142300.0,97523.25571,0.515163400401877,14.877158544288669,,,16.2,,,965.1142857142858,,
Fayette,2002,9.609451961141575,9.609451961141563,1819121.9331736418,155.90527094850066,12,0.9999999999999987,0.9999999999999987,189305.48178291097,6.163647901497707,True,1819.1219331736418,744.15,7.333333333333333,-0.3,56.8,36.7,75.0,168.8,164000.0,126600.0,97523.25571,0.515163400401877,24.470495023214056,14.877158544288669,,4.7,16.2,,932.1285714285714,965.1142857142858,
Fayette,2003,7.244261892561216,7.244261892561204,1371378.4877328817,128.419859670346,12,0.9999999999999987,0.9999999999999987,189305.48178291097,5.6410760073693025,True,1371.3784877328817,739.7517857142857,7.083333333333333,2.5,62.5,35.3,16.0,111.3,167000.0,129300.0,97523.25571,0.515163400401877,9.609451961141575,24.470495023214056,14.877158544288669,-0.3,4.7,16.2,744.15,932.1285714285714,965.1142857142858
Fayette,2004,25.55956838693477,25.55956838693474,4838566.407651941,358.5301235009031,12,0.9999999999999987,0.9999999999999987,189305.48178291097,7.128987694912723,True,4838.5664076519415,1056.8285714285714,7.0,8.0,67.5,33.8,63.4,156.7,173000.0,122500.0,97523.25571,0.515163400401877,7.244261892561216,9.609451961141575,24.470495023214056,2.5,-0.3,4.7,739.7517857142857,744.15,932.1285714285714
Fayette,2005,10.411391089758663,10.41139108975865,1970933.4062770673,187.01507284828287,12,0.9999999999999987,0.9999999999999987,189305.48178291097,5.567140087261826,True,1970.9334062770672,856.3196428571428,7.166666666666667,7.3,73.4,33.1,87.3,186.5,177000.0,122800.0,97523.25571,0.515163400401877,25.55956838693477,7.244261892561216,9.609451961141575,8.0,2.5,-0.3,1056.8285714285714,739.7517857142857,744.15
Fayette,2006,17.751393479281205,17.751393479281184,3360436.0949133486,201.4902084498732,12,0.9999999999999987,0.9999999999999987,189305.48178291097,8.81005266501444,True,3360.4360949133484,857.9,7.0,7.4,67.5,33.9,75.7,169.7,174500.0,123800.0,97523.25571,0.515163400401877,10.411391089758663,25.55956838693477,7.244261892561216,7.3,8.0,2.5,856.3196428571428,1056.8285714285714,739.7517857142857
Fayette,2007,35.48825859820212,35.48825859820207,6718121.891569177,428.512543943408,12,0.9999999999999987,0.9999999999999987,189305.48178291097,8.281731561839395,True,6718.121891569177,1104.6,7.0,8.5,73.0,36.9,55.1,156.5,198200.0,96000.0,97523.25571,0.515163400401877,17.751393479281205,10.411391089758663,25.55956838693477,7.4,7.3,8.0,857.9,856.3196428571428,1056.8285714285714
Fayette,2008,39.96251227389986,39.731566330393214,7521403.306164773,549.9191248028553,12,0.9424091098639708,0.3089093183676634,189305.48178291097,7.266979901494847,True,7521.403306164773,1123.4142857142856,7.0,20.0,81.0,36.2,52.9,150.1,183000.0,111000.0,97523.25571,0.515163400401877,35.48825859820212,17.751393479281205,10.411391089758663,8.5,7.4,7.3,1104.6,857.9,856.3196428571428
Fayette,2009,18.86516030727368,16.51205597547655,3125822.7116639824,299.1115561689586,12,0.882943400891652,0.071046482478389,189305.48178291097,6.307065012432134,True,3125.8227116639823,1001.2428571428571,7.0,8.2,65.7,36.1,51.0,144.6,167500.0,112000.0,97523.25571,0.515163400401877,39.96251227389986,35.48825859820212,17.751393479281205,20.0,8.5,7.4,1123.4142857142856,1104.6,857.9
Fayette,2010,32.42152969951092,32.42152969951088,6137573.299904862,433.7273828085786,12,0.9999999999999987,0.9999999999999987,189305.48178291097,7.475094030164069,True,6137.573299904862,1085.7,7.0,13.9,71.9,36.6,66.5,161.1,185000.0,107000.0,97523.25571,0.515163400401877,18.86516030727368,39.96251227389986,35.48825859820212,8.2,20.0,8.5,1001.2428571428571,1123.4142857142856,1104.6
Fayette,2011,23.741884146846232,23.741884146846196,4494468.816852776,334.17882043644977,12,0.9999999999999987,0.9999999999999987,189305.48178291097,7.1045448409442775,True,4494.468816852776,873.9285714285714,7.0,27.9,95.7,36.1,72.2,176.1,197900.0,102400.0,97523.25571,0.515163400401877,32.42152969951092,18.86516030727368,39.96251227389986,13.9,8.2,20.0,1085.7,1001.2428571428571,1123.4142857142856
Fayette,2012,8.915927677574278,8.915927677574267,1687833.984544787,136.55751609940603,12,0.9999999999999987,0.9999999999999987,189305.48178291097,6.529064040007871,True,1687.8339845447872,684.8142857142857,7.0,35.0,89.5,35.2,58.5,148.2,198200.0,103600.0,97523.25571,0.515163400401877,23.741884146846232,32.42152969951092,18.86516030727368,27.9,13.9,8.2,873.9285714285714,1085.7,1001.2428571428571
Fayette,2013,40.17608906997422,40.17608906997416,7605553.897544601,429.14999729672735,12,0.9999999999999987,0.9999999999999987,189305.48178291097,9.361782435756432,True,7605.553897544601,1053.0380952380951,6.333333333333333,15.8,81.1,36.6,62.9,164.8,178000.0,108100.0,97523.25571,0.515163400401877,8.915927677574278,23.741884146846232,32.42152969951092,35.0,27.9,13.9,684.8142857142857,873.9285714285714,1085.7
Fayette,2014,26.33654245637091,26.336542456370875,4985651.858199378,350.4170976893268,12,0.9999999999999987,0.9999999999999987,189305.48178291097,7.515769815467279,True,4985.651858199378,939.8666666666667,6.0,13.5,75.3,35.2,61.5,158.5,190700.0,111400.0,97523.25571,0.515163400401877,40.17608906997422,8.915927677574278,23.741884146846232,15.8,35.0,27.9,1053.0380952380951,684.8142857142857,873.9285714285714
Fayette,2015,21.26968351047274,21.26968351047271,4026467.684320072,252.55417347329254,12,0.9999999999999987,0.9999999999999987,189305.48178291097,8.421830143591745,True,4026.4676843200723,921.6166666666667,6.0,8.7,76.7,34.6,79.7,182.3,178500.0,119600.0,97523.25571,0.515163400401877,26.33654245637091,40.17608906997422,8.915927677574278,13.5,15.8,35.0,939.8666666666667,1053.0380952380951,684.8142857142857
Fayette,2016,45.49891336573738,45.49891336573731,8613193.71529983,579.7092781969046,12,0.9999999999999987,0.9999999999999987,189305.48178291097,7.84857429007427,True,8613.19371529983,1112.4533333333334,5.75,8.9,81.6,35.2,84.9,192.8,190000.0,108100.0,97523.25571,0.515163400401877,21.26968351047274,26.33654245637091,40.17608906997422,8.7,13.5,15.8,921.6166666666667,939.8666666666667,1053.0380952380951
Fayette,2017,35.80115577170376,35.80115577170371,6777355.041747415,476.67702427409694,12,0.9999999999999987,0.9999999999999987,189305.48178291097,7.510568781078385,True,6777.355041747415,969.6800000000001,5.0,7.4,83.1,34.5,77.6,187.8,184200.0,114800.0,97523.25571,0.515163400401877,45.49891336573738,21.26968351047274,26.33654245637091,8.9,8.7,13.5,1112.4533333333334,921.6166666666667,939.8666666666667
Fayette,2018,38.32899846880257,38.328998468802496,7255889.521393115,698.7736982114976,12,0.9999999999999987,0.9999999999999987,189305.48178291097,5.485180476441107,True,7255.889521393115,1316.98,5.0,3.9,75.3,36.7,75.1,183.2,185400.0,108100.0,97523.25571,0.515163400401877,35.80115577170376,45.49891336573738,21.26968351047274,7.4,8.9,8.7,969.6800000000001,1112.4533333333334,921.6166666666667
Fayette,2019,31.95555841370725,31.955558413707205,6049362.381148796,616.7612582927985,12,0.9999999999999987,0.9999999999999987,189305.48178291097,5.181187693624039,True,6049.362381148796,1029.46,5.0,2.9,76.2,38.6,66.6,178.5,196600.0,97900.0,97523.25571,0.515163400401877,38.32899846880257,35.80115577170376,45.49891336573738,3.9,7.4,8.9,1316.98,969.6800000000001,1112.4533333333334
Floyd,2001,31.12743853455545,13.92612721514152,1807426.607182323,345.3553899020735,12,0.5788350927506166,0.43844679033415446,129786.73677611926,9.013161353405176,True,1807.426607182323,838.9666666666667,3.0,1.2,60.0,23.3,63.8,145.9,124700.0,122000.0,82793.899368,0.6379226523802551,19.40206138336919,,,14.9,,,913.4,,
Floyd,2002,6.582564801522542,6.582564801522559,854329.6052069562,124.70005697269168,12,1.0000000000000029,1.0000000000000029,129786.73677611926,5.278718359338097,True,854.3296052069561,840.4666666666667,3.0,-3.4,61.5,24.5,75.6,165.0,126000.0,115700.0,82793.899368,0.6379226523802551,31.12743853455545,19.40206138336919,,1.2,14.9,,838.9666666666667,913.4,
Floyd,2003,14.680156921131736,14.680156921131777,1905289.6621550552,159.31311411730286,12,1.0000000000000029,1.0000000000000029,129786.73677611926,9.214656936730695,True,1905.289662155055,622.0,3.0,0.4,69.4,24.0,20.1,113.1,128000.0,115500.0,82793.899368,0.6379226523802551,6.582564801522542,31.12743853455545,19.40206138336919,-3.4,1.2,14.9,840.4666666666667,838.9666666666667,913.4
Floyd,2004,25.385996906651965,25.385996906652036,3294765.698323026,341.3177428306617,12,1.0000000000000029,1.0000000000000029,129786.73677611926,7.437643497849669,True,3294.765698323026,968.7333333333333,3.0,2.2,73.0,23.5,66.4,160.7,133000.0,112300.0,82793.899368,0.6379226523802551,14.680156921131736,6.582564801522542,31.12743853455545,0.4,-3.4,1.2,622.0,840.4666666666667,838.9666666666667
Floyd,2005,25.128456997157823,25.128456997157897,3261340.433880164,256.734539160523,12,1.0000000000000029,1.0000000000000029,129786.73677611926,9.787719673139218,True,3261.340433880164,940.7666666666667,3.0,4.8,75.8,23.1,84.3,178.4,136000.0,110900.0,82793.899368,0.6379226523802551,25.385996906651965,14.680156921131736,6.582564801522542,2.2,0.4,-3.4,968.7333333333333,622.0,840.4666666666667
Floyd,2006,26.402028379394835,26.40202837939491,3426633.1076321583,232.02498443423255,12,1.0000000000000029,1.0000000000000029,129786.73677611926,11.378959228797399,True,3426.6331076321585,675.7333333333333,3.0,12.1,75.8,23.8,77.0,164.5,132700.0,111600.0,82793.899368,0.6379226523802551,25.128456997157823,25.385996906651965,14.680156921131736,4.8,2.2,0.4,940.7666666666667,968.7333333333333,622.0
Floyd,2007,32.103810862453656,32.10381086245375,4166648.8499156022,346.94500746310746,12,1.0000000000000029,1.0000000000000029,129786.73677611926,9.253285152364509,True,4166.648849915602,970.9666666666667,3.0,14.1,85.1,25.3,65.3,161.6,156600.0,88400.0,82793.899368,0.6379226523802551,26.402028379394835,25.128456997157823,25.385996906651965,12.1,4.8,2.2,675.7333333333333,940.7666666666667,968.7333333333333
Floyd,2008,38.38845955798385,37.85981083885685,4913701.303736381,393.3642864317587,12,0.7513601214295534,0.005440485718204818,129786.73677611926,9.759009875097933,True,4913.701303736381,933.5333333333333,3.0,17.1,87.8,24.8,58.5,154.0,141000.0,102700.0,82793.899368,0.6379226523802551,32.103810862453656,26.402028379394835,25.128456997157823,14.1,12.1,4.8,970.9666666666667,675.7333333333333,940.7666666666667
Floyd,2010,21.111143039646254,21.111143039646315,2739946.3647295786,350.8823689107979,12,1.0000000000000029,1.0000000000000029,129786.73677611926,6.016587013242941,True,2739.946364729579,841.1666666666667,3.0,5.2,75.6,24.7,75.8,170.9,145500.0,99800.0,82793.899368,0.6379226523802551,13.940848802619085,38.38845955798385,32.103810862453656,5.9,17.1,14.1,900.6,933.5333333333333,970.9666666666667
Floyd,2011,22.95657920640111,22.956579206401177,2979459.502741322,321.6964469327757,12,1.0000000000000029,1.0000000000000029,129786.73677611926,7.136099706814077,True,2979.459502741322,806.4333333333333,3.0,21.9,94.9,25.3,71.5,169.8,147600.0,93900.0,82793.899368,0.6379226523802551,21.111143039646254,13.940848802619085,38.38845955798385,5.2,5.9,17.1,841.1666666666667,900.6,933.5333333333333
Floyd,2012,2.8157221739915763,2.8157221739915843,365443.39263052796,73.35045559943161,12,1.0000000000000029,1.0000000000000029,129786.73677611926,3.838724859963099,True,365.44339263052797,622.9666666666667,3.0,40.3,91.8,26.1,46.7,124.3,146400.0,91800.0,82793.899368,0.6379226523802551,22.95657920640111,21.111143039646254,13.940848802619085,21.9,5.2,5.9,806.4333333333333,841.1666666666667,900.6
Floyd,2013,43.5846016149284,43.58460161492852,5656703.21728875,378.62458580139685,12,1.0000000000000029,1.0000000000000029,129786.73677611926,11.511297271590864,True,5656.70321728875,973.3666666666667,3.0,11.1,73.6,31.5,63.8,157.8,123800.0,89500.0,82793.899368,0.6379226523802551,2.8157221739915763,22.95657920640111,21.111143039646254,40.3,21.9,5.2,622.9666666666667,806.4333333333333,841.1666666666667
Floyd,2014,24.23180281733908,24.206362755874995,3141664.831304005,293.6764535503584,12,0.996688285725709,0.9867531429028273,129786.73677611926,8.251190221208494,True,3141.664831304005,903.5666666666666,3.0,15.6,77.3,30.6,61.8,154.1,143900.0,95200.0,82793.899368,0.6379226523802551,43.5846016149284,2.8157221739915763,22.95657920640111,11.1,40.3,21.9,973.3666666666667,622.9666666666667,806.4333333333333
Floyd,2015,21.90330194079621,21.625082524276284,2806648.893340103,284.41845836888166,12,0.9878570476609253,0.9867531429028273,129786.73677611926,7.701083138699924,True,2806.648893340103,870.8,3.0,10.8,75.9,32.9,93.4,191.4,135300.0,106500.0,82793.899368,0.6379226523802551,24.23180281733908,43.5846016149284,2.8157221739915763,15.6,11.1,40.3,903.5666666666666,973.3666666666667,622.9666666666667
Floyd,2016,48.273608431671164,47.6806891746634,6188321.055215999,605.695653992724,12,0.9878570476609253,0.9867531429028273,129786.73677611926,7.969944660070329,True,6188.321055215999,1358.7,3.0,13.3,81.0,35.8,82.2,185.7,144800.0,94400.0,82793.899368,0.6379226523802551,21.90330194079621,24.23180281733908,43.5846016149284,10.8,15.6,11.1,870.8,903.5666666666666,973.3666666666667
Floyd,2017,25.534048696977543,25.202915351979257,3271004.1407781467,373.82564617723705,12,0.9889609524190233,0.9867531429028273,129786.73677611926,6.830470022078533,True,3271.004140778147,1010.4,3.0,18.9,82.5,38.9,84.1,186.6,137400.0,106800.0,82793.899368,0.6379226523802551,48.273608431671164,21.90330194079621,24.23180281733908,13.3,10.8,15.6,1358.7,870.8,903.5666666666666
Floyd,2018,41.01087728233008,40.48225675478205,5254060.001536174,641.6664684790201,12,0.9878570476609253,0.9867531429028273,129786.73677611926,6.391307524536942,True,5254.060001536173,1551.25,2.0,14.2,74.3,39.1,69.5,168.7,136200.0,95900.0,82793.899368,0.6379226523802551,25.534048696977543,48.273608431671164,21.90330194079621,18.9,13.3,10.8,1010.4,1358.7,870.8
Floyd,2019,28.47192267824183,28.131077341895445,3651040.730201237,542.552606803472,12,0.9878570476609253,0.9867531429028273,129786.73677611926,5.24777179599013,True,3651.040730201237,951.7,2.0,6.3,75.2,38.9,75.5,183.3,136800.0,89500.0,82793.899368,0.6379226523802551,41.01087728233008,25.534048696977543,48.273608431671164,14.2,18.9,13.3,1551.25,1010.4,1358.7
Franklin,2001,33.69096224700431,33.66701029474849,5074691.842871666,356.1921127264748,12,0.9994483122153204,0.9992644162870938,150731.88258902915,9.45864915118884,True,5074.691842871666,895.0999999999999,2.0,5.9,60.1,29.2,65.5,148.9,161500.0,152000.0,97508.282328,0.6468988554588453,11.760052883210237,,,22.6,,,791.35,,
Franklin,2002,13.953285221544386,13.953285221544386,2103204.949745064,155.40627906845896,12,1.0,1.0,150731.88258902915,8.978585231680208,True,2103.204949745064,879.65,2.0,8.3,65.2,32.8,73.4,163.1,164000.0,143600.0,97508.282328,0.6468988554588453,33.69096224700431,11.760052883210237,,5.9,22.6,,895.0999999999999,791.35,
Franklin,2003,16.584186248676833,16.584186248676833,2499765.614470149,160.33017325765118,12,1.0,1.0,150731.88258902915,10.3437711765121,True,2499.765614470149,749.75,2.0,12.7,73.8,36.2,32.8,130.1,169000.0,140300.0,97508.282328,0.6468988554588453,13.953285221544386,33.69096224700431,11.760052883210237,8.3,5.9,22.6,879.65,895.0999999999999,791.35
Franklin,2004,20.399138911678907,20.399138911678907,3074800.61135248,228.79806531166986,12,1.0,1.0,150731.88258902915,8.915782956421026,True,3074.80061135248,803.8,2.0,13.8,74.8,39.7,67.6,168.3,177500.0,133500.0,97508.282328,0.6468988554588453,16.584186248676833,13.953285221544386,33.69096224700431,12.7,8.3,5.9,749.75,879.65,895.0999999999999
Franklin,2005,21.99917317262007,21.99917317262007,3315976.7877110867,239.7376779774202,12,1.0,1.0,150731.88258902915,9.176351985311241,True,3315.9767877110867,979.55,2.0,28.7,84.6,43.5,71.7,171.1,185000.0,123900.0,97508.282328,0.6468988554588453,20.399138911678907,16.584186248676833,13.953285221544386,13.8,12.7,8.3,803.8,749.75,879.65
Franklin,2006,23.35067709660558,23.35067709660558,3519691.5184998848,209.48936867023932,12,1.0,1.0,150731.88258902915,11.146473563229963,True,3519.6915184998848,937.45,2.0,27.5,75.0,47.9,74.0,169.4,184600.0,123600.0,97508.282328,0.6468988554588453,21.99917317262007,20.399138911678907,16.584186248676833,28.7,13.8,12.7,979.55,803.8,749.75
Franklin,2007,47.19669525743091,47.19669525743091,7114046.728133266,460.85190255926506,12,1.0,1.0,150731.88258902915,10.241184856855716,True,7114.046728133266,1114.3,2.0,46.3,97.3,53.6,52.5,157.1,217500.0,93400.0,97508.282328,0.6468988554588453,23.35067709660558,21.99917317262007,20.399138911678907,27.5,28.7,13.8,937.45,979.55,803.8
Franklin,2008,41.04209468752461,39.230256062031415,5913250.350679668,510.7274073981821,12,0.777445623613188,0.33215297491133783,150731.88258902915,8.036007876805927,True,5913.2503506796675,1128.05,2.0,47.9,95.6,51.7,48.4,147.8,200000.0,105300.0,97508.282328,0.6468988554588453,47.19669525743091,23.35067709660558,21.99917317262007,46.3,27.5,28.7,1114.3,937.45,979.55
Franklin,2009,30.357922477135336,27.487468807129797,4143237.92090589,397.738514048793,12,0.8330382437278345,0.33215297491133783,150731.88258902915,7.632633352024628,True,4143.23792090589,1004.65,2.0,36.4,82.9,49.4,59.1,155.0,203500.0,109600.0,97508.282328,0.6468988554588453,41.04209468752461,47.19669525743091,23.35067709660558,47.9,46.3,27.5,1128.05,1114.3,937.45
Franklin,2010,35.23345723116156,35.23345723116156,5310805.338573023,487.74803735449734,12,1.0,1.0,150731.88258902915,7.223700462694786,True,5310.805338573023,1148.3999999999999,2.0,43.9,90.8,47.9,63.4,158.2,198000.0,114500.0,97508.282328,0.6468988554588453,30.357922477135336,41.04209468752461,47.19669525743091,36.4,47.9,46.3,1004.65,1128.05,1114.3
Franklin,2011,21.963870836654465,21.963870836654465,3310655.6001512026,269.92131939929766,12,1.0,1.0,150731.88258902915,8.137138216993916,True,3310.6556001512026,884.15,2.0,54.4,114.8,46.4,62.4,169.2,208500.0,106300.0,97508.282328,0.6468988554588453,35.23345723116156,30.357922477135336,41.04209468752461,43.9,36.4,47.9,1148.3999999999999,1004.65,1128.05
Franklin,2012,3.7709178167652495,3.7009865657255756,557856.6724885217,67.86900466367094,12,0.9278055696716678,0.3328885586242438,150731.88258902915,5.5561707961569,True,557.8566724885217,747.5,2.0,68.8,115.4,45.4,44.5,136.5,213000.0,98200.0,97508.282328,0.6468988554588453,21.963870836654465,35.23345723116156,30.357922477135336,54.4,43.9,36.4,884.15,1148.3999999999999,1004.65
Franklin,2013,49.57268286754956,49.57268286754956,7472183.813614655,316.5250881505609,12,1.0,1.0,150731.88258902915,15.66153354768814,True,7472.183813614655,1051.5,2.0,45.1,102.3,46.9,51.3,155.4,192100.0,101100.0,97508.282328,0.6468988554588453,3.7709178167652495,21.963870836654465,35.23345723116156,68.8,54.4,43.9,747.5,884.15,1148.3999999999999
Franklin,2014,33.905208637363195,33.905208637363195,5110595.927483566,339.68963470432624,12,1.0,1.0,150731.88258902915,9.98123144583881,True,5110.595927483566,1045.6,2.0,40.0,92.8,43.8,54.3,150.9,205000.0,108400.0,97508.282328,0.6468988554588453,49.57268286754956,3.7709178167652495,21.963870836654465,45.1,68.8,54.4,1051.5,747.5,884.15
Franklin,2015,34.3873261289087,34.3873261289087,5183266.40461332,315.47269610953055,12,1.0,1.0,150731.88258902915,10.900254301871371,True,5183.2664046133195,1089.75,2.0,28.9,92.4,43.2,79.1,185.8,194500.0,115900.0,97508.282328,0.6468988554588453,33.905208637363195,49.57268286754956,3.7709178167652495,40.0,45.1,68.8,1045.6,1051.5,747.5
Franklin,2016,57.998100682578915,57.998100682578915,8742162.902473174,534.301440572883,12,1.0,1.0,150731.88258902915,10.854939979273274,True,8742.162902473174,1148.7,2.0,28.1,98.8,43.4,71.9,186.0,212000.0,97600.0,97508.282328,0.6468988554588453,34.3873261289087,33.905208637363195,49.57268286754956,28.9,40.0,45.1,1089.75,1045.6,1051.5
Franklin,2017,31.13589272131476,31.13589272131476,4693171.725973825,344.364753890126,12,1.0,1.0,150731.88258902915,9.041544574346615,True,4693.171725973825,899.25,1.25,33.1,100.8,42.6,75.9,186.2,199500.0,113300.0,97508.282328,0.6468988554588453,57.998100682578915,34.3873261289087,33.905208637363195,28.1,28.9,40.0,1148.7,1089.75,1045.6
Franklin,2018,47.32522591774812,47.32522591774812,7133420.39653329,662.1598247621823,12,1.0,1.0,150731.88258902915,7.147100163430361,True,7133.42039653329,1392.3,1.0,24.5,90.5,45.0,76.3,187.3,193800.0,108100.0,97508.282328,0.6468988554588453,31.13589272131476,57.998100682578915,34.3873261289087,33.1,28.1,28.9,899.25,1148.7,1089.75
Franklin,2019,30.03559114042042,30.03559114042042,4527321.197269933,475.3937302977355,12,1.0,1.0,150731.88258902915,6.318045280405645,True,4527.321197269934,1001.0,1.0,25.9,91.6,48.3,63.1,177.1,203400.0,98500.0,97508.282328,0.6468988554588453,47.32522591774812,31.13589272131476,57.998100682578915,24.5,33.1,28.1,1392.3,899.25,1148.7
Fremont,2001,9.395939478085817,4.929589566320769,659842.2883673637,160.11264631195166,12,0.5008185404856628,0.3170980678305773,133853.39276020933,5.868330637530943,True,659.8422883673637,826.08,5.0,-7.9,62.0,5.1,82.9,157.9,104400.0,112900.0,12839.877408,0.0959249305768581,1.7546866419152483,,,-0.8,,,607.9000000000001,,
Fremont,2002,2.233891763123993,1.225186350821981,163995.3498210222,60.79862639588473,12,0.5690397528750272,0.5375626350166799,133853.39276020933,3.6742470933113025,True,163.9953498210222,732.0,5.0,0.7,60.7,4.7,51.5,116.2,116000.0,112300.0,12839.877408,0.0959249305768581,9.395939478085817,1.7546866419152483,,-7.9,-0.8,,826.08,607.9000000000001,
Fremont,2003,6.030604953226985,3.261555776720188,436570.306390657,94.62653405745624,12,0.534929146680345,0.3170980678305773,133853.39276020933,6.3730591142282185,True,436.570306390657,646.84,5.0,-5.9,69.5,3.8,45.1,124.3,111000.0,114400.0,12839.877408,0.0959249305768581,2.233891763123993,9.395939478085817,1.7546866419152483,0.7,-7.9,-0.8,732.0,826.08,607.9000000000001
Fremont,2004,14.721268978559982,10.6421926189072,1424493.5884483862,187.92036681890357,12,0.6949482243084164,0.5375626350166799,133853.39276020933,7.833780461245415,True,1424.4935884483862,818.2,5.0,-18.4,70.1,3.3,87.3,179.1,115000.0,111600.0,12839.877408,0.0959249305768581,6.030604953226985,2.233891763123993,9.395939478085817,-5.9,0.7,-7.9,646.84,732.0,826.08
Fremont,2005,9.02763385207168,6.557902009947429,877797.4334204595,135.23509134590205,12,0.7264253421667638,0.7264253421667638,133853.39276020933,6.675511335279798,True,877.7974334204595,746.26,5.0,-4.0,75.2,3.1,81.9,164.2,111000.0,111400.0,12839.877408,0.0959249305768581,14.721268978559982,6.030604953226985,2.233891763123993,-18.4,-5.9,0.7,818.2,646.84,732.0
Fremont,2006,4.45982710914916,3.2397314337682883,433649.0440417828,89.44052568222929,12,0.7264253421667638,0.7264253421667638,133853.39276020933,4.986360573275646,True,433.6490440417828,789.1,5.0,-3.8,69.2,3.3,82.5,158.8,111600.0,113900.0,12839.877408,0.0959249305768581,9.02763385207168,14.721268978559982,6.030604953226985,-4.0,-18.4,-5.9,746.26,818.2,646.84
Fremont,2007,33.194105194117796,24.113039223556573,3227612.1098330505,413.714311134992,12,0.7264253421667638,0.7264253421667638,133853.39276020933,8.023436535964258,True,3227.6121098330505,1173.22,5.0,8.3,83.8,3.5,83.4,162.4,120900.0,107700.0,12839.877408,0.0959249305768581,4.45982710914916,9.02763385207168,14.721268978559982,-3.8,-4.0,-18.4,789.1,746.26,818.2
Fremont,2010,32.2937716115567,22.76447471311259,3047102.1747541134,505.8444181722739,12,0.6949482243084164,0.5375626350166799,133853.39276020933,6.384131256847932,True,3047.1021747541135,898.125,4.0,-17.0,59.9,3.3,78.2,158.4,104500.0,107900.0,12839.877408,0.0959249305768581,12.84354275197552,24.500539659340905,33.194105194117796,-11.6,4.5,8.3,790.925,1056.1950000000002,1173.22
Fremont,2011,14.549142944732496,10.568866141860465,1414678.5907165264,234.42439726571035,12,0.7264253421667638,0.7264253421667638,133853.39276020933,6.206326267415607,True,1414.6785907165263,750.25,4.0,-13.6,67.9,3.5,67.6,152.6,95800.0,86000.0,12839.877408,0.0959249305768581,32.2937716115567,12.84354275197552,24.500539659340905,-17.0,-11.6,4.5,898.125,790.925,1056.1950000000002
Fremont,2012,5.741634828669998,3.988907860093293,533928.8504813537,116.46698289625462,12,0.7103736644897786,0.5059607749806612,133853.39276020933,4.929839071889136,True,533.9288504813537,592.8249999999999,4.0,-8.8,63.5,3.8,60.2,136.3,115700.0,108100.0,12839.877408,0.0959249305768581,14.549142944732496,32.2937716115567,12.84354275197552,-13.6,-17.0,-11.6,750.25,898.125,790.925
Fremont,2013,16.618276818098305,12.071937423809059,1615869.7813657834,179.60514770879658,12,0.7264253421667638,0.7264253421667638,133853.39276020933,9.252672893898566,True,1615.8697813657834,652.825,4.0,-19.6,60.8,3.3,77.5,161.2,116900.0,111000.0,12839.877408,0.0959249305768581,5.741634828669998,14.549142944732496,32.2937716115567,-8.8,-13.6,-17.0,592.8249999999999,750.25,898.125
Fremont,2014,24.256095641674527,17.62024257613317,2358529.2500733156,341.13710193951,12,0.7264253421667638,0.7264253421667638,133853.39276020933,7.110365745551649,True,2358.529250073316,808.875,4.0,-33.7,53.9,3.2,98.2,189.0,118100.0,111700.0,12839.877408,0.0959249305768581,16.618276818098305,5.741634828669998,14.549142944732496,-19.6,-8.8,-13.6,652.825,592.8249999999999,750.25
Fremont,2015,33.470432164006574,24.313770137207932,3254480.6236571427,421.7170094255358,12,0.7264253421667638,0.7264253421667638,133853.39276020933,7.936704333932392,True,3254.4806236571426,1053.725,4.0,-30.4,55.1,3.3,88.7,177.5,111800.0,105700.0,12839.877408,0.0959249305768581,24.256095641674527,16.618276818098305,5.741634828669998,-33.7,-19.6,-8.8,808.875,652.825,592.8249999999999
Fremont,2016,33.947737979913505,24.66049717784631,3300891.214408295,454.51850130666696,12,0.7264253421667638,0.7264253421667638,133853.39276020933,7.468945242563122,True,3300.891214408295,956.125,4.0,-26.8,58.6,3.2,94.8,183.4,118800.0,106000.0,12839.877408,0.0959249305768581,33.470432164006574,24.256095641674527,16.618276818098305,-30.4,-33.7,-19.6,1053.725,808.875,652.825
Fremont,2017,17.88769533086433,12.994075201297942,1739301.0514750297,292.52459017743325,12,0.7264253421667638,0.7264253421667638,133853.39276020933,6.114937318607778,True,1739.3010514750297,856.25,4.0,-27.9,59.6,3.5,114.5,205.5,112800.0,114800.0,12839.877408,0.0959249305768581,33.947737979913505,33.470432164006574,24.256095641674527,-26.8,-30.4,-33.7,956.125,1053.725,808.875
Fremont,2018,20.697261980654137,15.03501561621183,2012487.850432683,343.01031887597424,12,0.7264253421667638,0.7264253421667638,133853.39276020933,6.034005638220424,True,2012.487850432683,1065.4,1.4166666666666667,-37.8,53.9,3.0,86.0,180.7,113500.0,110900.0,12839.877408,0.0959249305768581,17.88769533086433,33.947737979913505,33.470432164006574,-27.9,-26.8,-30.4,856.25,956.125,1053.725
Fremont,2019,21.613286240383886,15.700438852519072,2101557.0082338857,415.273877930619,12,0.7264253421667638,0.7264253421667638,133853.39276020933,5.204586030810944,True,2101.557008233886,1081.3,1.0,-36.2,54.5,3.0,91.7,185.4,113750.0,108950.0,12839.877408,0.0959249305768581,20.697261980654137,17.88769533086433,33.947737979913505,-37.8,-27.9,-26.8,1065.4,856.25,956.125
Greene,2001,18.572854717719945,18.57285471771992,2746647.8235901063,200.6202234500158,12,0.9999999999999988,0.9999999999999988,147885.06480748998,9.257718089595958,True,2746.6478235901063,782.5,2.0,-0.1,66.4,12.0,64.1,142.6,153700.0,153100.0,103043.982122,0.696784237516736,3.116855544734439,,,5.9,,,541.5,,
Greene,2002,13.492825732060549,13.492825732060531,1995387.4078219403,112.54017911917697,12,0.9999999999999988,0.9999999999999988,147885.06480748998,11.98934090710129,True,1995.3874078219403,814.95,2.0,-5.1,65.9,14.1,79.2,164.3,155000.0,146600.0,103043.982122,0.696784237516736,18.572854717719945,3.116855544734439,,-0.1,5.9,,782.5,541.5,
Greene,2003,21.064675575160905,21.06467557516088,3115150.912581418,173.7341022809606,12,0.9999999999999988,0.9999999999999988,147885.06480748998,12.124663666259014,True,3115.150912581418,828.75,2.0,-2.3,76.0,14.0,49.5,141.8,153000.0,148100.0,103043.982122,0.696784237516736,13.492825732060549,18.572854717719945,3.116855544734439,-5.1,-0.1,5.9,814.95,782.5,541.5
Greene,2004,25.20291148131555,25.202911481315518,3727134.1977517786,205.8204959292981,12,0.9999999999999988,0.9999999999999988,147885.06480748998,12.245093166024176,True,3727.1341977517786,866.8,2.0,-2.5,77.5,14.1,78.5,172.6,159000.0,142200.0,103043.982122,0.696784237516736,21.064675575160905,13.492825732060549,18.572854717719945,-2.3,-5.1,-0.1,828.75,814.95,782.5
Greene,2005,17.686381048203376,17.686381048203355,2615551.6075235154,156.41665525486601,12,0.9999999999999988,0.9999999999999988,147885.06480748998,11.307223658110518,True,2615.5516075235155,734.7,2.0,6.9,83.6,14.3,90.9,181.9,160000.0,142900.0,103043.982122,0.696784237516736,25.20291148131555,21.064675575160905,13.492825732060549,-2.5,-2.3,-5.1,866.8,828.75,814.95
Greene,2006,15.314486647602205,15.314486647602186,2264783.8503740896,122.75757563576525,12,0.9999999999999988,0.9999999999999988,147885.06480748998,12.47539027085539,True,2264.7838503740895,877.2,2.0,5.4,78.7,14.9,75.9,164.1,160000.0,142200.0,103043.982122,0.696784237516736,17.686381048203376,25.20291148131555,21.064675575160905,6.9,-2.5,-2.3,734.7,866.8,828.75
Greene,2007,39.972275785499505,39.97227578549946,5911302.59504145,377.3022538748288,12,0.9999999999999988,0.9999999999999988,147885.06480748998,10.594231912211272,True,5911.30259504145,978.75,2.0,16.1,95.7,17.6,72.7,169.9,185900.0,118800.0,103043.982122,0.696784237516736,15.314486647602205,17.686381048203376,25.20291148131555,5.4,6.9,-2.5,877.2,734.7,866.8
Greene,2008,37.47800041094662,36.42479749803394,5386683.538596449,401.9883952752383,12,0.9440269850161785,0.7761079400647182,147885.06480748998,9.32315481029887,True,5386.68353859645,1056.25,2.0,23.7,96.2,17.3,61.4,151.2,178500.0,122100.0,103043.982122,0.696784237516736,39.972275785499505,15.314486647602205,17.686381048203376,16.1,5.4,6.9,978.75,877.2,734.7
Greene,2009,22.969609743784417,21.76527799781015,3218759.5472591883,253.25629640299653,12,0.9440269850161785,0.7761079400647182,147885.06480748998,9.06970925107181,True,3218.7595472591884,879.8,2.0,4.3,84.0,18.0,79.9,177.6,174000.0,126200.0,103043.982122,0.696784237516736,37.47800041094662,39.972275785499505,15.314486647602205,23.7,16.1,5.4,1056.25,978.75,877.2
Greene,2010,44.574015456727494,44.574015456727444,6591831.164548198,575.3599198128902,12,0.9999999999999988,0.9999999999999988,147885.06480748998,7.747153376832918,True,6591.831164548198,1076.45,2.0,12.9,85.6,19.2,66.3,158.2,173500.0,122000.0,103043.982122,0.696784237516736,22.969609743784417,37.47800041094662,39.972275785499505,4.3,23.7,16.1,879.8,1056.25,978.75
Greene,2011,19.89917562528637,19.899175625286347,2942790.876961096,221.44883964164663,12,0.9999999999999988,0.9999999999999988,147885.06480748998,8.985901961594223,True,2942.7908769610963,625.1,2.0,29.4,108.2,20.0,70.4,169.2,179900.0,119500.0,103043.982122,0.696784237516736,44.574015456727494,22.969609743784417,37.47800041094662,12.9,4.3,23.7,1076.45,879.8,1056.25
Greene,2012,4.774201786619266,4.774201786619261,706033.1406182238,55.57563855222008,12,0.9999999999999988,0.9999999999999988,147885.06480748998,8.590457817472169,True,706.0331406182238,562.4,2.0,47.9,105.7,21.3,40.4,119.5,184700.0,111100.0,103043.982122,0.696784237516736,19.89917562528637,44.574015456727494,22.969609743784417,29.4,12.9,4.3,625.1,1076.45,879.8
Greene,2013,44.81550530546358,44.81550530546352,6627543.906478883,192.42894508640953,12,0.9999999999999988,0.9999999999999988,147885.06480748998,23.28937846920033,True,6627.5439064788825,730.5,2.0,40.6,103.8,22.7,37.3,123.2,179600.0,111700.0,103043.982122,0.696784237516736,4.774201786619266,19.89917562528637,44.574015456727494,47.9,29.4,12.9,562.4,625.1,1076.45
Greene,2014,39.47650678746816,39.47650678746811,5837985.76463804,242.0485161418285,12,0.9999999999999988,0.9999999999999988,147885.06480748998,16.309336415984006,True,5837.985764638041,916.9,2.0,14.0,85.2,24.6,76.2,172.0,171100.0,123000.0,103043.982122,0.696784237516736,44.81550530546358,4.774201786619266,19.89917562528637,40.6,47.9,29.4,730.5,562.4,625.1
Greene,2015,85.88722235350016,85.88722235350006,12701437.443882657,456.8399102793811,12,0.9999999999999988,0.9999999999999988,147885.06480748998,18.800288770956048,True,12701.437443882658,1138.25,2.0,14.8,86.7,26.2,80.1,178.2,170700.0,124400.0,103043.982122,0.696784237516736,39.47650678746816,44.81550530546358,4.774201786619266,14.0,40.6,47.9,916.9,730.5,562.4
Greene,2016,48.30592046318426,48.305920463184194,7143724.178283452,371.91048015772043,12,0.9999999999999988,0.9999999999999988,147885.06480748998,12.988588125480788,True,7143.724178283452,752.25,2.0,17.2,92.6,28.4,96.4,200.2,177300.0,116500.0,103043.982122,0.696784237516736,85.88722235350016,39.47650678746816,44.81550530546358,14.8,14.0,40.6,1138.25,916.9,730.5
Greene,2017,27.3551842547658,27.355184254765774,4045423.1963368654,236.30324472766063,12,0.9999999999999988,0.9999999999999988,147885.06480748998,11.57630496622788,True,4045.423196336865,702.75,2.0,23.5,94.4,30.4,89.2,190.5,167600.0,127300.0,103043.982122,0.696784237516736,48.30592046318426,85.88722235350016,39.47650678746816,17.2,14.8,14.0,752.25,1138.25,916.9
Greene,2018,45.429988801899604,45.429988801899555,6718416.838172458,430.4815899553574,12,0.9999999999999988,0.9999999999999988,147885.06480748998,10.553294231841802,True,6718.4168381724585,1060.75,2.0,15.1,84.9,30.5,88.0,188.3,164700.0,127400.0,103043.982122,0.696784237516736,27.3551842547658,48.30592046318426,85.88722235350016,23.5,17.2,14.8,702.75,752.25,1138.25
Greene,2019,34.571724963008485,34.571724963008435,5112641.786661222,441.61776796084916,12,0.9999999999999988,0.9999999999999988,147885.06480748998,7.828427085857963,True,5112.641786661222,883.75,2.0,12.1,85.9,30.6,78.9,183.3,173600.0,118700.0,103043.982122,0.696784237516736,45.429988801899604,27.3551842547658,48.30592046318426,15.1,23.5,17.2,1060.75,702.75,752.25
Grundy,2001,31.627487060316682,31.627487060316785,4107560.547418056,293.06059216854277,12,1.0000000000000033,1.0000000000000033,129873.12395652954,10.792132379957563,True,4107.560547418056,745.6,2.0,2.8,62.5,19.4,78.9,158.0,151500.0,145200.0,98658.804626,0.7596552821738742,12.403073349000483,,,15.7,,,977.6,,
Grundy,2002,9.216996387296007,9.216996387296039,1197040.1143141834,118.32459855665458,12,1.0000000000000033,1.0000000000000033,129873.12395652954,7.789586019920321,True,1197.0401143141833,799.65,2.0,-2.6,66.7,19.6,92.4,181.3,151500.0,142400.0,98658.804626,0.7596552821738742,31.627487060316682,12.403073349000483,,2.8,15.7,,745.6,977.6,
Grundy,2003,14.346751262834655,14.346751262834703,1863257.405131628,153.78921452968905,12,1.0000000000000033,1.0000000000000033,129873.12395652954,9.32884097672858,True,1863.257405131628,827.05,2.0,-1.5,73.1,20.3,47.3,142.2,153500.0,139400.0,98658.804626,0.7596552821738742,9.216996387296007,31.627487060316682,12.403073349000483,-2.6,2.8,15.7,799.65,745.6,977.6
Grundy,2004,21.666995766945398,21.666995766945472,2813960.42700611,260.3991079010006,12,1.0000000000000033,1.0000000000000033,129873.12395652954,8.320687402348101,True,2813.96042700611,879.75,2.0,2.2,74.0,21.1,91.8,184.7,153500.0,137600.0,98658.804626,0.7596552821738742,14.346751262834655,9.216996387296007,31.627487060316682,-1.5,-2.6,2.8,827.05,799.65,745.6
Grundy,2005,17.520083228108863,17.52008322810892,2275387.940812904,198.68359288452749,12,1.0000000000000033,1.0000000000000033,129873.12395652954,8.818082547103588,True,2275.3879408129037,876.2,2.0,17.6,86.7,22.1,102.6,193.8,156000.0,132900.0,98658.804626,0.7596552821738742,21.666995766945398,14.346751262834655,9.216996387296007,2.2,-1.5,-2.6,879.75,827.05,799.65
Grundy,2006,19.536911761502893,19.536911761502957,2537319.7629294535,186.48569588079815,12,1.0000000000000033,1.0000000000000033,129873.12395652954,10.476359416858925,True,2537.3197629294536,890.8,2.0,15.7,78.8,23.3,97.2,183.6,152800.0,136000.0,98658.804626,0.7596552821738742,17.520083228108863,21.666995766945398,14.346751262834655,17.6,2.2,-1.5,876.2,879.75,827.05
Grundy,2007,44.21517075886706,44.21517075886722,5742362.352725483,476.0555814513113,12,1.0000000000000033,1.0000000000000033,129873.12395652954,9.28781690240285,True,5742.362352725482,1146.0,2.0,34.8,103.0,24.1,84.6,176.9,173100.0,117800.0,98658.804626,0.7596552821738742,19.536911761502893,17.520083228108863,21.666995766945398,15.7,17.6,2.2,890.8,876.2,879.75
Grundy,2008,48.88729368261793,48.873499188926786,6347354.018352834,600.6487645230796,12,0.9985354888885589,0.9912129333313372,129873.12395652954,8.139081701339196,True,6347.354018352834,1208.8,2.0,28.8,98.1,23.3,85.6,178.2,154000.0,130300.0,98658.804626,0.7596552821738742,44.21517075886706,19.536911761502893,17.520083228108863,34.8,15.7,17.6,1146.0,890.8,876.2
Grundy,2009,28.34108006674241,28.298177011654346,3675172.6507783993,402.8968471306432,12,0.9978032333328368,0.9912129333313372,129873.12395652954,7.034326594656259,True,3675.172650778399,1130.6,2.0,20.7,91.2,22.3,76.0,168.8,161000.0,122800.0,98658.804626,0.7596552821738742,48.88729368261793,44.21517075886706,19.536911761502893,28.8,34.8,15.7,1208.8,1146.0,890.8
Grundy,2010,35.769279859574475,35.76927985957459,4645468.117038326,500.6408774206491,12,1.0000000000000033,1.0000000000000033,129873.12395652954,7.144698220381307,True,4645.468117038326,1016.15,2.0,7.3,78.8,21.9,100.7,194.1,155000.0,127100.0,98658.804626,0.7596552821738742,28.34108006674241,48.88729368261793,44.21517075886706,20.7,28.8,34.8,1130.6,1208.8,1146.0
Grundy,2011,21.2000081701216,21.20000817012167,2753311.288957651,286.53210584167385,12,1.0000000000000033,1.0000000000000033,129873.12395652954,7.398824682437463,True,2753.311288957651,825.4,2.0,36.0,102.6,21.2,94.8,182.6,163300.0,119200.0,98658.804626,0.7596552821738742,35.769279859574475,28.34108006674241,48.88729368261793,7.3,20.7,28.8,1016.15,1130.6,1208.8
Grundy,2012,5.335808162664907,5.271404807172718,684613.8099469882,93.32286599112105,12,0.9933893025652138,0.9206716307825301,129873.12395652954,5.717578544118617,True,684.6138099469882,568.05,2.0,29.1,93.9,20.6,82.8,168.2,161400.0,121500.0,98658.804626,0.7596552821738742,21.2000081701216,35.769279859574475,28.34108006674241,36.0,7.3,20.7,825.4,1016.15,1130.6
Grundy,2013,40.07931418337412,40.07931418337426,5205225.739030058,392.20072582147617,12,1.0000000000000033,1.0000000000000033,129873.12395652954,10.219082103794376,True,5205.225739030057,1003.8499999999999,2.0,19.6,94.0,20.2,78.9,173.5,159900.0,119900.0,98658.804626,0.7596552821738742,5.335808162664907,21.2000081701216,35.769279859574475,29.1,36.0,7.3,568.05,825.4,1016.15
Grundy,2014,22.647532633776137,22.647532633776212,2941305.8130559656,326.05850321155106,12,1.0000000000000033,1.0000000000000033,129873.12395652954,6.9458494137422075,True,2941.3058130559657,1043.05,2.0,8.4,80.2,20.0,85.5,177.3,155000.0,128800.0,98658.804626,0.7596552821738742,40.07931418337412,5.335808162664907,21.2000081701216,19.6,29.1,36.0,1003.8499999999999,568.05,825.4
Grundy,2015,31.57100672548829,31.5710067254884,4100225.2698917827,324.48856782429084,12,1.0000000000000033,1.0000000000000033,129873.12395652954,9.729466568629269,True,4100.225269891783,1196.8999999999999,2.0,7.1,85.2,19.7,99.3,197.1,159000.0,123000.0,98658.804626,0.7596552821738742,22.647532633776137,40.07931418337412,5.335808162664907,8.4,19.6,29.1,1043.05,1003.8499999999999,568.05
Grundy,2016,47.928354005586186,47.92835400558635,6224605.060799945,504.6371680178622,12,1.0000000000000033,1.0000000000000033,129873.12395652954,9.49758698786327,True,6224.605060799945,965.45,2.0,13.8,91.0,19.5,106.3,203.0,164300.0,121100.0,98658.804626,0.7596552821738742,31.57100672548829,22.647532633776137,40.07931418337412,7.1,8.4,19.6,1196.8999999999999,1043.05,1003.8499999999999
Grundy,2017,28.811791803262544,28.811791803262643,3741877.408274851,326.57986218957683,12,1.0000000000000033,1.0000000000000033,129873.12395652954,8.822280593203736,True,3741.877408274851,858.5,2.0,10.6,92.7,19.9,108.9,210.9,160000.0,127200.0,98658.804626,0.7596552821738742,47.928354005586186,31.57100672548829,22.647532633776137,13.8,7.1,8.4,965.45,1196.8999999999999,1043.05
Grundy,2018,42.524883889338724,42.52488388933887,5522839.516597133,579.3082966758066,12,1.0000000000000033,1.0000000000000033,129873.12395652954,7.3406309098895175,True,5522.839516597133,1269.8,2.0,-2.2,83.4,21.2,103.9,210.7,156200.0,123100.0,98658.804626,0.7596552821738742,28.811791803262544,47.928354005586186,31.57100672548829,10.6,13.8,7.1,858.5,965.45,1196.8999999999999
Grundy,2019,32.49348552689468,32.493485526894794,4220030.473614107,496.76304835021307,12,1.0000000000000033,1.0000000000000033,129873.12395652954,6.541043186446326,True,4220.030473614107,1020.7,2.0,0.3,84.4,22.6,84.3,191.0,164700.0,114200.0,98658.804626,0.7596552821738742,42.524883889338724,28.811791803262544,47.928354005586186,-2.2,10.6,13.8,1269.8,858.5,965.45
Guthrie,2001,10.967842857739637,10.952397214355999,1681422.0070124893,178.33533492960183,12,0.9895673010169314,0.9374038061015945,153520.9118245404,6.150123228281826,True,1681.4220070124893,732.9666666666667,3.0,-4.2,55.3,16.5,53.8,129.8,100900.0,102400.0,51183.066536,0.33339475337729435,1.423415072747656,,,-5.0,,,573.5333333333333,,
Guthrie,2002,7.5373502834268145,7.537350283426803,1157140.8882526408,110.22997605416234,12,0.9999999999999987,0.9999999999999987,153520.9118245404,6.837840806318673,True,1157.140888252641,840.4,3.0,-10.1,51.0,20.0,71.4,152.5,104000.0,95400.0,51183.066536,0.33339475337729435,10.967842857739637,1.423415072747656,,-4.2,-5.0,,732.9666666666667,573.5333333333333,
Guthrie,2003,12.349153203527454,12.345045908549181,1895222.704396282,148.08772237813702,12,0.994783650508465,0.9374038061015945,153520.9118245404,8.339079705739755,True,1895.222704396282,782.9666666666667,3.0,-9.2,56.0,20.0,23.5,108.7,104500.0,99500.0,51183.066536,0.33339475337729435,7.5373502834268145,10.967842857739637,1.423415072747656,-10.1,-4.2,-5.0,840.4,732.9666666666667,573.5333333333333
Guthrie,2004,17.390078807723377,17.390078807723352,2669740.755262306,216.81515071864877,12,0.9999999999999987,0.9999999999999987,153520.9118245404,8.020693549358873,True,2669.740755262306,869.4000000000001,3.0,-9.8,61.0,19.8,72.7,163.3,108000.0,93700.0,51183.066536,0.33339475337729435,12.349153203527454,7.5373502834268145,10.967842857739637,-9.2,-10.1,-4.2,782.9666666666667,840.4,732.9666666666667
Guthrie,2005,7.571434237367907,7.571434237367898,1162373.4879402632,123.52405092218497,12,0.9999999999999987,0.9999999999999987,153520.9118245404,6.12952229208998,True,1162.3734879402632,840.8333333333333,3.0,-1.8,61.4,20.4,84.9,168.5,108000.0,93100.0,51183.066536,0.33339475337729435,17.390078807723377,12.349153203527454,7.5373502834268145,-9.8,-9.2,-10.1,869.4000000000001,782.9666666666667,840.4
Guthrie,2006,5.784750086248423,5.784750086248415,888080.1079179454,107.21311859547653,12,0.9999999999999987,0.9999999999999987,153520.9118245404,5.39556181373171,True,888.0801079179454,905.1333333333333,3.0,-1.4,62.8,21.2,69.6,155.0,107000.0,95000.0,51183.066536,0.33339475337729435,7.571434237367907,17.390078807723377,12.349153203527454,-1.8,-9.8,-9.2,840.8333333333333,869.4000000000001,782.9666666666667
Guthrie,2007,33.0910761435363,33.09107614353625,5080172.182810983,366.4060825325697,12,0.9999999999999987,0.9999999999999987,153520.9118245404,9.031257318332003,True,5080.172182810983,1192.0666666666666,3.0,-4.9,61.8,22.4,66.3,155.4,120600.0,78900.0,51183.066536,0.33339475337729435,5.784750086248423,7.571434237367907,17.390078807723377,-1.4,-1.8,-9.8,905.1333333333333,840.8333333333333,869.4000000000001
Guthrie,2008,27.49061367574853,22.880960043446013,3512705.849290707,411.99856472320465,12,0.7550175672059759,0.02007026882390748,153520.9118245404,6.672502292384856,True,3512.705849290707,1111.8333333333333,3.0,1.0,71.4,23.1,60.8,154.3,112000.0,88500.0,51183.066536,0.33339475337729435,33.0910761435363,5.784750086248423,7.571434237367907,-4.9,-1.4,-1.8,1192.0666666666666,905.1333333333333,840.8333333333333
Guthrie,2009,19.12497765634063,13.853864047307214,2126857.840835822,270.929783796675,12,0.7550175672059759,0.02007026882390748,153520.9118245404,7.059016320883116,True,2126.8578408358217,992.5,3.0,-9.5,59.1,24.4,69.3,162.3,115000.0,87800.0,51183.066536,0.33339475337729435,27.49061367574853,33.0910761435363,5.784750086248423,1.0,-4.9,-1.4,1111.8333333333333,1192.0666666666666,905.1333333333333
Guthrie,2010,27.918999878070007,27.918999878069968,4286150.318510533,531.5612709978992,12,0.9999999999999987,0.9999999999999987,153520.9118245404,5.252263737284267,True,4286.150318510533,1230.9,3.0,2.7,54.3,26.4,75.2,153.2,113500.0,88800.0,51183.066536,0.33339475337729435,19.12497765634063,27.49061367574853,33.0910761435363,-9.5,1.0,-4.9,992.5,1111.8333333333333,1192.0666666666666
Guthrie,2011,9.805923687716586,9.805923687716573,1505414.3458201077,197.07093204090836,12,0.9999999999999987,0.9999999999999987,153520.9118245404,4.97583463282198,True,1505.4143458201077,761.0333333333333,3.0,40.1,101.3,27.9,80.7,169.8,117200.0,87800.0,51183.066536,0.33339475337729435,27.918999878070007,19.12497765634063,27.49061367574853,2.7,-9.5,1.0,1230.9,992.5,1111.8333333333333
Guthrie,2012,1.8914623826625423,1.8698112694515752,287055.1310260071,61.02253802090774,12,0.9895673010169314,0.9374038061015945,153520.9118245404,3.0996127726029408,True,287.05513102600713,708.6666666666666,3.0,55.1,97.8,30.5,43.4,116.6,118400.0,84700.0,51183.066536,0.33339475337729435,9.805923687716586,27.918999878070007,19.12497765634063,40.1,2.7,-9.5,761.0333333333333,1230.9,992.5
Guthrie,2013,22.34529649565163,22.3452964956516,3430470.2930021416,216.12970472503775,12,0.9999999999999987,0.9999999999999987,153520.9118245404,10.338836359434964,True,3430.4702930021417,859.2333333333333,3.0,43.8,94.6,28.8,47.6,127.2,114100.0,87700.0,51183.066536,0.33339475337729435,1.8914623826625423,9.805923687716586,27.918999878070007,55.1,40.1,2.7,708.6666666666666,761.0333333333333,1230.9
Guthrie,2014,15.03230473339978,15.032304733399762,2307773.1294958866,285.89486140571125,12,0.9999999999999987,0.9999999999999987,153520.9118245404,5.257983532648231,True,2307.7731294958867,1025.8666666666666,3.0,18.1,83.8,27.4,71.8,164.9,110000.0,93000.0,51183.066536,0.33339475337729435,22.34529649565163,1.8914623826625423,9.805923687716586,43.8,55.1,40.1,859.2333333333333,708.6666666666666,761.0333333333333
Guthrie,2015,49.89412848348515,49.894128483485076,7659792.099475404,513.9093276627857,12,0.9999999999999987,0.9999999999999987,153520.9118245404,9.708741561551188,True,7659.792099475404,1224.6666666666665,3.0,3.8,68.9,26.7,85.6,177.4,114400.0,90200.0,51183.066536,0.33339475337729435,15.03230473339978,22.34529649565163,1.8914623826625423,18.1,43.8,55.1,1025.8666666666666,859.2333333333333,708.6666666666666
Guthrie,2016,29.85937858944375,29.8593785894437,4584039.0275655575,374.0623257149938,12,0.9999999999999987,0.9999999999999987,153520.9118245404,7.982460819161526,True,4584.039027565557,838.0333333333333,3.0,2.9,73.0,26.6,97.2,193.9,109200.0,89500.0,51183.066536,0.33339475337729435,49.89412848348515,15.03230473339978,22.34529649565163,3.8,18.1,43.8,1224.6666666666665,1025.8666666666666,859.2333333333333
Guthrie,2017,16.54648873022113,16.537690105344723,2538881.264444202,241.51589219199371,12,0.9910317707970849,0.8923812495650338,153520.9118245404,6.851097283928403,True,2538.8812644442023,843.1333333333333,3.0,6.3,74.2,26.2,103.7,197.8,103100.0,93100.0,51183.066536,0.33339475337729435,29.85937858944375,49.89412848348515,15.03230473339978,2.9,3.8,18.1,838.0333333333333,1224.6666666666665,1025.8666666666666
Guthrie,2018,22.737172131142938,22.73717213114291,3490631.3978845878,362.09985498249375,12,0.9999999999999987,0.9999999999999987,153520.9118245404,6.279254691290114,True,3490.631397884588,1083.5,1.0,-1.4,67.7,26.2,85.5,180.8,104700.0,93400.0,51183.066536,0.33339475337729435,16.54648873022113,29.85937858944375,49.89412848348515,6.3,2.9,3.8,843.1333333333333,838.0333333333333,1224.6666666666665
Guthrie,2019,24.12546196035272,24.125461960352688,3703762.9183416083,396.4268421026264,12,0.9999999999999987,0.9999999999999987,153520.9118245404,6.085728663677914,True,3703.7629183416084,874.2,1.0,-3.3,68.4,26.9,86.0,184.6,110200.0,88200.0,51183.066536,0.33339475337729435,22.737172131142938,16.54648873022113,29.85937858944375,-1.4,6.3,2.9,1083.5,843.1333333333333,838.0333333333333
Hamilton,2001,32.43653303694117,32.436533036941235,4847966.126551591,267.6021443363828,12,1.000000000000002,1.000000000000002,149460.05854048434,12.121178295255964,True,4847.966126551591,895.2666666666667,3.0,22.2,60.9,49.0,62.8,150.5,160800.0,151000.0,95075.310096,0.6361252031106819,6.382960639605543,,,36.1,,,707.1333333333333,,
Hamilton,2002,18.04744298779783,18.04744298779786,2697371.885462322,137.52295490091763,12,1.000000000000002,1.000000000000002,149460.05854048434,13.123222229191214,True,2697.3718854623216,842.9333333333334,3.0,22.3,64.6,51.6,76.6,170.5,166500.0,139400.0,95075.310096,0.6361252031106819,32.43653303694117,6.382960639605543,,22.2,36.1,,895.2666666666667,707.1333333333333,
Hamilton,2003,21.51118028269334,21.493319349982773,3212392.768277749,171.3575763101815,12,0.9486633824169384,0.69198029450162,149460.05854048434,12.553387335354845,True,3212.392768277749,749.8000000000001,3.0,28.4,73.2,50.4,39.5,134.7,166000.0,138400.0,95075.310096,0.6361252031106819,18.04744298779783,32.43653303694117,6.382960639605543,22.3,22.2,36.1,842.9333333333334,895.2666666666667,707.1333333333333
Hamilton,2004,28.62603397269544,28.528837688573372,4263921.751026153,235.2286936666614,12,0.9486633824169384,0.69198029450162,149460.05854048434,12.169448176786165,True,4263.921751026152,984.0666666666667,3.0,27.7,74.2,49.3,72.3,168.1,175500.0,130500.0,95075.310096,0.6361252031106819,21.51118028269334,18.04744298779783,32.43653303694117,28.4,22.3,22.2,749.8000000000001,842.9333333333334,895.2666666666667
Hamilton,2005,22.20209712888019,22.18264121140843,3315418.854039665,186.0096851472192,12,0.9743316912084702,0.69198029450162,149460.05854048434,11.935989844457897,True,3315.418854039665,841.5333333333333,3.0,31.6,81.3,48.5,78.1,176.3,176000.0,128400.0,95075.310096,0.6361252031106819,28.62603397269544,21.51118028269334,18.04744298779783,27.7,28.4,22.3,984.0666666666667,749.8000000000001,842.9333333333334
Hamilton,2006,23.93037451892037,23.930374518920413,3576635.1764935604,187.61354707835667,12,1.000000000000002,1.000000000000002,149460.05854048434,12.75514209479013,True,3576.6351764935603,854.1666666666666,3.0,25.5,77.2,47.6,68.0,167.3,183300.0,123600.0,95075.310096,0.6361252031106819,22.20209712888019,28.62603397269544,21.51118028269334,31.6,27.7,28.4,841.5333333333333,984.0666666666667,749.8000000000001
Hamilton,2007,50.342859724369546,50.34285972436965,7524246.761499678,435.02324213585496,12,1.000000000000002,1.000000000000002,149460.05854048434,11.57245288256295,True,7524.246761499678,1215.8666666666666,2.0833333333333335,41.6,98.6,47.6,55.9,160.5,207900.0,98900.0,95075.310096,0.6361252031106819,23.93037451892037,22.20209712888019,28.62603397269544,25.5,31.6,27.7,854.1666666666666,841.5333333333333,984.0666666666667
Hamilton,2008,39.54113051633923,39.428778257618184,5893027.506563391,482.2650990544813,12,0.9916124085906173,0.9664496343624633,149460.05854048434,8.199044590591923,True,5893.0275065633905,1152.25,2.0,49.7,92.6,50.1,53.5,146.5,197000.0,106500.0,95075.310096,0.6361252031106819,50.342859724369546,23.93037451892037,22.20209712888019,41.6,25.5,31.6,1215.8666666666666,854.1666666666666,841.5333333333333
Hamilton,2009,29.07103534077896,28.865071560472995,4314175.285203564,347.16887091110243,12,0.9659440997990855,0.69198029450162,149460.05854048434,8.373744818907745,True,4314.175285203564,997.25,2.0,39.1,83.0,53.2,51.0,148.1,199000.0,110100.0,95075.310096,0.6361252031106819,39.54113051633923,50.342859724369546,23.93037451892037,49.7,41.6,25.5,1152.25,1215.8666666666666,854.1666666666666
Hamilton,2010,38.87286583609933,38.87286583609941,5809940.803499812,641.7802760368749,12,1.000000000000002,1.000000000000002,149460.05854048434,6.057036541563301,True,5809.940803499812,1214.8999999999999,2.0,51.6,91.6,57.0,57.9,154.9,199500.0,111800.0,95075.310096,0.6361252031106819,29.07103534077896,39.54113051633923,50.342859724369546,39.1,49.7,41.6,997.25,1152.25,1215.8666666666666
Hamilton,2011,17.910098788737614,17.819053453150232,2663236.7722438537,218.9463841867637,12,0.8716584560423429,0.69198029450162,149460.05854048434,8.18012996892431,True,2663.2367722438535,670.85,2.0,74.0,115.4,61.2,62.0,164.6,207500.0,104300.0,95075.310096,0.6361252031106819,38.87286583609933,29.07103534077896,39.54113051633923,51.6,39.1,49.7,1214.8999999999999,997.25,1152.25
Hamilton,2012,3.494041108680973,3.1545349912476266,471476.9844598765,46.20288358184373,12,0.8091101228131978,0.557439706748644,149460.05854048434,7.562387534733915,True,471.47698445987646,640.95,2.0,99.5,120.1,65.5,45.1,131.2,215000.0,94300.0,95075.310096,0.6361252031106819,17.910098788737614,38.87286583609933,29.07103534077896,74.0,51.6,39.1,670.85,1214.8999999999999,997.25
Hamilton,2013,42.36533052228244,42.34262661436837,6328531.45254137,241.27489061070588,12,0.9229950736254064,0.69198029450162,149460.05854048434,17.55894714740059,True,6328.53145254137,877.1999999999999,2.0,93.9,105.5,73.7,36.5,121.8,194100.0,101600.0,95075.310096,0.6361252031106819,3.494041108680973,17.910098788737614,38.87286583609933,99.5,74.0,51.6,640.95,670.85,1214.8999999999999
Hamilton,2014,35.278326782876846,35.27832678287691,5272700.78617912,278.9304133911821,12,1.000000000000002,1.000000000000002,149460.05854048434,12.647716093046204,True,5272.70078617912,1050.7,2.0,69.3,90.8,77.0,55.6,154.1,194400.0,113900.0,95075.310096,0.6361252031106819,42.36533052228244,3.494041108680973,17.910098788737614,93.9,99.5,74.0,877.1999999999999,640.95,670.85
Hamilton,2015,45.257677109873825,45.25767710987391,6764215.070248093,398.84492613048985,12,1.000000000000002,1.000000000000002,149460.05854048434,11.347186373650118,True,6764.215070248093,1123.6,2.0,67.1,92.1,81.7,72.6,179.3,191700.0,115000.0,95075.310096,0.6361252031106819,35.278326782876846,42.36533052228244,3.494041108680973,69.3,93.9,99.5,1050.7,877.1999999999999,640.95
Hamilton,2016,40.39921177853056,40.399211778530635,6038068.557408612,391.17110032011414,12,1.000000000000002,1.000000000000002,149460.05854048434,10.327759833349125,True,6038.068557408612,1033.0,2.0,71.3,98.5,87.0,76.1,190.3,208500.0,102600.0,95075.310096,0.6361252031106819,45.257677109873825,35.278326782876846,42.36533052228244,67.1,69.3,93.9,1123.6,1050.7,877.1999999999999
Hamilton,2017,24.581525548337293,24.57184792607149,3672509.8294785246,257.2260879645458,12,0.9743316912084702,0.69198029450162,149460.05854048434,9.556388989489058,True,3672.509829478525,844.3,2.0,91.1,100.4,94.1,78.8,182.2,192200.0,114300.0,95075.310096,0.6361252031106819,40.39921177853056,45.257677109873825,35.278326782876846,71.3,67.1,69.3,1033.0,1123.6,1050.7
Hamilton,2018,42.654579584996796,42.65457958499688,6375155.961793382,586.0161391301937,12,1.000000000000002,1.000000000000002,149460.05854048434,7.278738030714943,True,6375.155961793382,1325.65,1.1666666666666667,74.9,90.3,88.1,64.6,168.1,190100.0,115100.0,95075.310096,0.6361252031106819,24.581525548337293,40.39921177853056,45.257677109873825,91.1,71.3,67.1,844.3,1033.0,1123.6
Hamilton,2019,27.07922567457624,27.07922567457629,4047262.6545531587,451.6985916777533,12,1.000000000000002,1.000000000000002,149460.05854048434,5.994976777322975,True,4047.262654553159,1219.4,1.0,66.6,91.4,83.8,65.3,173.9,192500.0,110200.0,95075.310096,0.6361252031106819,42.654579584996796,24.581525548337293,40.39921177853056,74.9,91.1,71.3,1325.65,844.3,1033.0
Hancock,2001,36.746619170974945,36.74661917097491,5450761.226430469,330.26272230788936,12,0.999999999999999,0.999999999999999,148333.67938065625,11.12648103733539,True,5450.761226430469,894.7,2.0,5.0,64.0,22.1,61.6,142.7,159100.0,145900.0,105868.690402,0.7137198432887117,9.500101852554865,,,13.4,,,820.9,,
Hancock,2002,18.61609970056373,18.616099700563712,2761394.5643017483,167.75359462680157,12,0.999999999999999,0.999999999999999,148333.67938065625,11.097288104006733,True,2761.3945643017482,715.25,2.0,1.3,63.8,24.8,78.1,165.4,159000.0,137200.0,105868.690402,0.7137198432887117,36.746619170974945,9.500101852554865,,5.0,13.4,,894.7,820.9,
Hancock,2003,19.458557154217672,19.452849616034957,2885512.7579850513,167.3891976964137,12,0.9514446088672157,0.7086676532032995,148333.67938065625,11.624738885187075,True,2885.5127579850514,662.55,2.0,2.4,73.5,25.0,38.8,134.9,162000.0,136400.0,105868.690402,0.7137198432887117,18.61609970056373,36.746619170974945,9.500101852554865,1.3,5.0,13.4,715.25,894.7,820.9
Hancock,2004,21.44516242945327,21.258309028485534,3153323.1956062834,220.67525124182214,12,0.9514446088672157,0.7086676532032995,148333.67938065625,9.717973496698576,True,3153.323195606283,938.5500000000001,2.0,4.3,75.9,25.0,58.2,154.8,172000.0,129300.0,105868.690402,0.7137198432887117,19.458557154217672,18.61609970056373,36.746619170974945,2.4,1.3,5.0,662.55,715.25,894.7
Hancock,2005,22.415028356375426,22.344303649076636,3314412.7734661615,220.34232472262596,12,0.9757223044336074,0.7086676532032995,148333.67938065625,10.172820126406577,True,3314.4127734661615,976.5,2.0,15.6,84.6,25.5,81.5,176.0,172000.0,127900.0,105868.690402,0.7137198432887117,21.44516242945327,19.458557154217672,18.61609970056373,4.3,2.4,1.3,938.5500000000001,662.55,715.25
Hancock,2006,25.361454459860116,25.361454459860095,3761957.854476002,194.13297470664838,12,0.999999999999999,0.999999999999999,148333.67938065625,13.06396015318029,True,3761.957854476002,731.8000000000001,2.0,9.7,77.9,26.3,71.5,166.0,174600.0,124300.0,105868.690402,0.7137198432887117,22.415028356375426,21.44516242945327,19.458557154217672,15.6,4.3,2.4,976.5,938.5500000000001,662.55
Hancock,2007,52.288439024500036,52.28843902449998,7756136.549575175,434.1058582740675,12,0.999999999999999,0.999999999999999,148333.67938065625,12.045089470202074,True,7756.136549575175,1064.6499999999999,2.0,25.4,100.2,27.9,60.7,163.4,202500.0,97400.0,105868.690402,0.7137198432887117,25.361454459860116,22.415028356375426,21.44516242945327,9.7,15.6,4.3,731.8000000000001,976.5,938.5500000000001
Hancock,2008,37.09019746083105,36.698284272604674,5443591.5331127215,416.1825143230269,12,0.9500707670062094,0.8316819747704389,148333.67938065625,8.912002831537244,True,5443.591533112722,1067.95,2.0,26.0,93.8,29.1,63.1,160.0,185000.0,111500.0,105868.690402,0.7137198432887117,52.288439024500036,25.361454459860116,22.415028356375426,25.4,9.7,15.6,1064.6499999999999,731.8000000000001,976.5
Hancock,2009,27.20276858682421,26.51858959689469,3933599.9668929824,306.2118763748192,12,0.9336427981262174,0.7086676532032995,148333.67938065625,8.88364256438134,True,3933.5999668929826,981.55,2.0,17.7,86.9,29.9,63.9,163.0,195500.0,115500.0,105868.690402,0.7137198432887117,37.09019746083105,52.288439024500036,25.361454459860116,26.0,25.4,9.7,1067.95,1064.6499999999999,731.8000000000001
Hancock,2010,39.53200926513897,39.532009265138925,5863928.387608249,513.5308568300721,12,0.999999999999999,0.999999999999999,148333.67938065625,7.69807865279265,True,5863.928387608249,911.95,2.0,26.8,91.7,31.9,69.4,166.2,185500.0,120500.0,105868.690402,0.7137198432887117,27.20276858682421,37.09019746083105,52.288439024500036,17.7,26.0,25.4,981.55,1067.95,1064.6499999999999
Hancock,2011,22.42158600036655,22.370758224398262,3318336.87796007,241.92370280324795,12,0.8643773036405413,0.6232623420383023,148333.67938065625,9.268040188109063,True,3318.33687796007,628.3,2.0,48.6,116.3,34.4,60.1,162.2,200500.0,107200.0,105868.690402,0.7137198432887117,39.53200926513897,27.20276858682421,37.09019746083105,26.8,17.7,26.0,911.95,981.55,1067.95
Hancock,2012,2.519671193545305,2.4396911273056987,361888.36146559543,44.112797132661726,12,0.7629430501568804,0.08291271406456292,148333.67938065625,5.711882622105832,True,361.88836146559544,544.3,2.0,67.3,119.4,36.4,42.3,130.8,200500.0,104400.0,105868.690402,0.7137198432887117,22.42158600036655,39.53200926513897,27.20276858682421,48.6,26.8,17.7,628.3,911.95,981.55
Hancock,2013,49.47404011347041,49.449740125891324,7335061.897290736,254.93161788796226,12,0.9271669133008241,0.7086676532032995,148333.67938065625,19.406788582502678,True,7335.061897290737,863.95,2.0,44.4,102.7,40.3,52.8,151.4,177500.0,100000.0,105868.690402,0.7137198432887117,2.519671193545305,22.42158600036655,39.53200926513897,67.3,48.6,26.8,544.3,628.3,911.95
Hancock,2014,42.99061463120578,42.48850965769815,6302476.968926913,276.317077207248,12,0.9814696737518075,0.9258786950072331,148333.67938065625,15.558435644193366,True,6302.476968926913,987.3000000000001,2.0,36.8,99.3,38.3,54.9,155.7,193400.0,105500.0,105868.690402,0.7137198432887117,49.47404011347041,2.519671193545305,22.42158600036655,44.4,67.3,48.6,863.95,544.3,628.3
Hancock,2015,43.99008774965468,40.95681921010791,6075275.689163649,308.81744222862244,12,0.9320554704232968,0.9258786950072331,148333.67938065625,14.244690141915015,True,6075.275689163649,1045.7,2.0,26.5,93.2,38.9,84.0,189.6,187000.0,113600.0,105868.690402,0.7137198432887117,42.99061463120578,49.47404011347041,2.519671193545305,36.8,44.4,67.3,987.3000000000001,863.95,544.3
Hancock,2016,58.05575881081067,53.86156665472503,7989484.359101828,449.57960498401525,12,0.9320554704232968,0.9258786950072331,148333.67938065625,12.913343525197243,True,7989.484359101828,1069.15,2.0,31.5,99.7,40.5,80.0,188.7,198100.0,99900.0,105868.690402,0.7137198432887117,43.99008774965468,42.99061463120578,49.47404011347041,26.5,36.8,44.4,1045.7,987.3000000000001,863.95
Hancock,2017,31.780370728265844,29.420947201731035,4364117.349296787,287.26558462368536,12,0.9068374410092194,0.7086676532032995,148333.67938065625,11.06306234695596,True,4364.117349296786,947.85,2.0,37.2,101.7,41.0,80.8,186.3,184500.0,115400.0,105868.690402,0.7137198432887117,58.05575881081067,43.99008774965468,42.99061463120578,31.5,26.5,36.8,1069.15,1045.7,987.3000000000001
Hancock,2018,53.85092743649893,50.006776598374266,7417689.166803352,606.9179402098616,12,0.9320554704232968,0.9258786950072331,148333.67938065625,8.872851479374333,True,7417.689166803351,1523.45,2.0,37.7,91.4,41.0,75.3,170.0,181400.0,120500.0,105868.690402,0.7137198432887117,31.780370728265844,58.05575881081067,43.99008774965468,37.2,31.5,26.5,947.85,1069.15,1045.7
Hancock,2019,34.024471198405905,31.641458126702247,4693493.9049027115,480.70780038428165,12,0.9320554704232968,0.9258786950072331,148333.67938065625,7.077994401423582,True,4693.493904902712,1147.6,2.0,26.1,92.5,41.7,60.1,168.2,193900.0,107100.0,105868.690402,0.7137198432887117,53.85092743649893,31.780370728265844,58.05575881081067,37.7,37.2,31.5,1523.45,947.85,1069.15
Hardin,2001,33.56375223744414,33.56375223744417,4951073.86553307,307.08338677361263,12,1.0000000000000009,1.0000000000000009,147512.52573034982,10.929849572809337,True,4951.07386553307,819.62,5.0,46.8,62.4,70.4,64.2,150.2,155600.0,137100.0,101520.339332,0.6882150436334967,8.6030045151757,,,52.1,,,771.1,,
Hardin,2002,18.29848526087299,18.298485260873008,2699255.7778709563,178.6334667177526,12,1.0000000000000009,1.0000000000000009,147512.52573034982,10.243592982375057,True,2699.2557778709565,765.26,5.0,48.7,61.0,80.3,76.2,168.8,161000.0,129300.0,101520.339332,0.6882150436334967,33.56375223744414,8.6030045151757,,46.8,52.1,,819.62,771.1,
Hardin,2003,17.369788727932363,17.369788727932377,2562261.406659865,152.38675924202653,12,1.0000000000000009,1.0000000000000009,147512.52573034982,11.398489484473513,True,2562.261406659865,712.1,5.0,52.0,71.9,78.7,35.4,134.0,167000.0,122300.0,101520.339332,0.6882150436334967,18.29848526087299,33.56375223744414,8.6030045151757,48.7,46.8,52.1,765.26,819.62,771.1
Hardin,2004,20.145219467783683,20.1452194677837,2971672.205084987,204.57434666202894,12,1.0000000000000009,1.0000000000000009,147512.52573034982,9.847383015752698,True,2971.672205084987,795.9599999999999,5.0,45.6,72.9,76.5,69.2,173.0,175000.0,116600.0,101520.339332,0.6882150436334967,17.369788727932363,18.29848526087299,33.56375223744414,52.0,48.7,46.8,712.1,765.26,819.62
Hardin,2005,20.529254390681775,20.529254390681793,3028322.166530345,217.16346977145395,12,1.0000000000000009,1.0000000000000009,147512.52573034982,9.45336451489151,True,3028.322166530345,790.58,5.0,53.1,80.1,74.7,74.6,176.3,183000.0,110000.0,101520.339332,0.6882150436334967,20.145219467783683,17.369788727932363,18.29848526087299,45.6,52.0,48.7,795.9599999999999,712.1,765.26
Hardin,2006,27.52763387395235,27.52763387395238,4060670.8001270494,204.86383317069306,12,1.0000000000000009,1.0000000000000009,147512.52573034982,13.437039348480928,True,4060.6708001270495,876.42,5.0,53.1,77.7,74.2,77.4,176.2,182700.0,109700.0,101520.339332,0.6882150436334967,20.529254390681775,20.145219467783683,17.369788727932363,53.1,45.6,52.0,790.58,795.9599999999999,712.1
Hardin,2007,59.44306426712492,59.44306426712496,8768596.547195109,478.3911289739959,12,1.0000000000000009,1.0000000000000009,147512.52573034982,12.425620097641085,True,8768.59654719511,1255.3799999999999,5.0,60.8,87.9,77.0,57.1,161.2,205600.0,87400.0,101520.339332,0.6882150436334967,27.52763387395235,20.529254390681775,20.145219467783683,53.1,53.1,45.6,876.42,790.58,795.9599999999999
Hardin,2008,37.18898382911897,37.188983829118996,5485840.933978479,457.2114829673843,12,1.0000000000000009,1.0000000000000009,147512.52573034982,8.133869164386645,True,5485.840933978479,1253.48,5.0,76.2,93.0,75.8,57.5,150.1,187000.0,102900.0,101520.339332,0.6882150436334967,59.44306426712492,27.52763387395235,20.529254390681775,60.8,53.1,53.1,1255.3799999999999,876.42,790.58
Hardin,2009,30.675471864190342,30.675471864190364,4525016.332657003,356.95297292962283,12,1.0000000000000009,1.0000000000000009,147512.52573034982,8.59370118490044,True,4525.016332657003,1049.78,5.0,57.5,77.4,73.5,54.9,148.3,178000.0,99300.0,101520.339332,0.6882150436334967,37.18898382911897,59.44306426712492,27.52763387395235,76.2,60.8,53.1,1253.48,1255.3799999999999,876.42
Hardin,2010,36.7862639427866,36.78626394278663,5426434.706383754,496.6420612964128,12,1.0000000000000009,1.0000000000000009,147512.52573034982,7.406997274206162,True,5426.434706383754,1091.375,4.75,57.1,87.7,71.1,72.1,173.8,185000.0,104300.0,101520.339332,0.6882150436334967,30.675471864190342,37.18898382911897,59.44306426712492,57.5,76.2,60.8,1049.78,1253.48,1255.3799999999999
Hardin,2011,23.155416412232622,23.15541641223264,3415713.959306432,237.8595030589571,12,1.0000000000000009,1.0000000000000009,147512.52573034982,9.73491330573124,True,3415.713959306432,886.6999999999999,4.0,79.6,114.7,69.4,68.7,173.2,192900.0,95600.0,101520.339332,0.6882150436334967,36.7862639427866,30.675471864190342,37.18898382911897,57.1,57.5,76.2,1091.375,1049.78,1253.48
Hardin,2012,3.1719497333830953,2.463605878410693,363412.72552849835,61.25002002264015,12,0.9240767745665225,0.08892129479826093,147512.52573034982,5.178691749342501,True,363.41272552849836,700.025,4.0,81.5,109.8,67.8,56.7,152.8,192900.0,92700.0,101520.339332,0.6882150436334967,23.155416412232622,36.7862639427866,30.675471864190342,79.6,57.1,57.5,886.6999999999999,1091.375,1049.78
Hardin,2013,49.31914687040643,49.31914687040648,7275191.921719737,258.6396962545847,12,1.0000000000000009,1.0000000000000009,147512.52573034982,19.068668725105724,True,7275.191921719737,1003.475,4.0,78.9,105.1,67.4,51.2,144.8,187300.0,93000.0,101520.339332,0.6882150436334967,3.1719497333830953,23.155416412232622,36.7862639427866,81.5,79.6,57.1,700.025,886.6999999999999,1091.375
Hardin,2014,47.95231717072241,47.95231717072245,7073567.420476091,316.6354069804278,12,1.0000000000000009,1.0000000000000009,147512.52573034982,15.14433197096195,True,7073.567420476091,1075.2749999999999,4.0,60.4,89.7,66.8,55.4,151.5,182900.0,102700.0,101520.339332,0.6882150436334967,49.31914687040643,3.1719497333830953,23.155416412232622,78.9,81.5,79.6,1003.475,700.025,886.6999999999999
Hardin,2015,45.02903533414702,45.02903533414705,6642346.733341198,328.36709399750777,12,1.0000000000000009,1.0000000000000009,147512.52573034982,13.713016973158943,True,6642.346733341198,1102.35,4.0,49.0,92.7,66.4,69.6,179.7,183000.0,98700.0,101520.339332,0.6882150436334967,47.95231717072241,49.31914687040643,3.1719497333830953,60.4,78.9,81.5,1075.2749999999999,1003.475,700.025
Hardin,2016,57.16043006575881,57.160430065758845,8431879.410833113,438.03197962610193,12,1.0000000000000009,1.0000000000000009,147512.52573034982,13.049373727130646,True,8431.879410833113,1063.8,4.0,49.8,99.1,67.0,70.3,186.6,194600.0,89000.0,101520.339332,0.6882150436334967,45.02903533414702,47.95231717072241,49.31914687040643,49.0,60.4,78.9,1102.35,1075.2749999999999,1003.475
Hardin,2017,33.1927560139224,33.19275601392243,4896347.275564956,296.5273562036149,12,1.0000000000000009,1.0000000000000009,147512.52573034982,11.193825904929358,True,4896.347275564955,848.45,4.0,52.8,101.1,67.3,76.4,192.0,187800.0,97400.0,101520.339332,0.6882150436334967,57.16043006575881,45.02903533414702,47.95231717072241,49.8,49.0,60.4,1063.8,1102.35,1075.2749999999999
Hardin,2018,55.930427303019925,55.93042730301996,8250438.596646192,574.5092066805507,12,1.0000000000000009,1.0000000000000009,147512.52573034982,9.735340470204056,True,8250.438596646192,1284.7,3.0,48.9,91.0,73.0,79.4,194.5,180100.0,101000.0,101520.339332,0.6882150436334967,33.1927560139224,57.16043006575881,45.02903533414702,52.8,49.8,49.0,848.45,1063.8,1102.35
Hardin,2019,37.08444592512979,37.08444592512982,5470420.283726479,480.1384454487808,12,1.0000000000000009,1.0000000000000009,147512.52573034982,7.723698503348825,True,5470.420283726479,1120.7,3.0,57.1,92.1,79.7,59.4,174.1,193900.0,86600.0,101520.339332,0.6882150436334967,55.930427303019925,33.1927560139224,57.16043006575881,48.9,52.8,49.8,1284.7,848.45,1063.8
Harrison,2001,8.369356361460452,6.4755128249786615,1174818.5938380458,143.63397678479967,12,0.7737169437302683,0.7737169437302683,181424.7960881643,5.826863913960889,True,1174.818593838046,900.0749999999999,4.0,-3.6,65.0,8.6,66.3,143.5,151400.0,145100.0,6584.645906,0.036294079133483814,2.092801052977284,,,-0.1,,,481.925,,
Harrison,2002,4.679080941288899,3.6202842053605937,656809.3237387476,79.42981464363875,12,0.7737169437302683,0.7737169437302683,181424.7960881643,5.890837039317741,True,656.8093237387476,704.0749999999999,4.0,-13.5,62.2,9.1,65.7,150.5,158000.0,139900.0,6584.645906,0.036294079133483814,8.369356361460452,2.092801052977284,,-3.6,-0.1,,900.0749999999999,481.925,
Harrison,2003,7.708761724909826,5.9999085950692255,1088532.1934080585,109.657017869294,12,0.7750555028737338,0.7737169437302683,181424.7960881643,7.029884520567856,True,1088.5321934080584,791.6,4.0,-12.1,66.6,8.5,40.6,127.8,152500.0,147300.0,6584.645906,0.036294079133483814,4.679080941288899,8.369356361460452,2.092801052977284,-13.5,-3.6,-0.1,704.0749999999999,900.0749999999999,481.925
Harrison,2004,9.242714235485348,7.176331203308528,1301964.42522138,114.2459196974421,12,0.7750555028737338,0.7737169437302683,181424.7960881643,8.090191982315748,True,1301.96442522138,829.725,4.0,-13.6,72.2,8.0,67.7,161.5,165000.0,136600.0,6584.645906,0.036294079133483814,7.708761724909826,4.679080941288899,8.369356361460452,-12.1,-13.5,-3.6,791.6,704.0749999999999,900.0749999999999
Harrison,2005,6.254856338866612,4.844559189967779,878923.1631769466,89.37950213184465,12,0.7750555028737338,0.7737169437302683,181424.7960881643,6.998088140656689,True,878.9231631769466,698.35,4.0,-1.7,76.7,7.8,58.9,145.1,162500.0,137900.0,6584.645906,0.036294079133483814,9.242714235485348,7.708761724909826,4.679080941288899,-13.6,-12.1,-13.5,829.725,791.6,704.0749999999999
Harrison,2006,3.84834007470588,2.9795522593881865,540564.6610935307,58.98230519993004,12,0.7750555028737338,0.7737169437302683,181424.7960881643,6.524567091200167,True,540.5646610935307,785.275,4.0,0.9,73.6,7.4,63.6,143.7,163700.0,136800.0,6584.645906,0.036294079133483814,6.254856338866612,9.242714235485348,7.708761724909826,-1.7,-13.6,-12.1,698.35,829.725,791.6
Harrison,2007,23.207293556258136,17.9558762425992,3257641.1858978732,260.62479729864924,12,0.7737169437302683,0.7737169437302683,181424.7960881643,8.90448406935928,True,3257.641185897873,1080.075,4.0,0.7,81.2,7.7,71.5,159.7,174800.0,123800.0,6584.645906,0.036294079133483814,3.84834007470588,6.254856338866612,9.242714235485348,0.9,-1.7,-13.6,785.275,698.35,829.725
Harrison,2010,23.227654560068707,17.971629896238788,3260499.2892970797,344.75667431224485,12,0.7737169437302683,0.7737169437302683,181424.7960881643,6.737405332733749,True,3260.4992892970795,1056.7333333333333,3.0,-7.0,75.4,6.0,66.0,154.4,179000.0,125500.0,6584.645906,0.036294079133483814,11.108516474748537,20.384148353114522,23.207293556258136,-22.4,-4.4,0.7,910.5,953.775,1080.075
Harrison,2011,14.97879429017761,11.589346938960617,2102594.9051959207,206.93238752732665,12,0.7737169437302683,0.7737169437302683,181424.7960881643,7.23849681974001,True,2102.5949051959205,829.0,3.0,-3.6,86.0,5.7,58.3,153.6,181000.0,115300.0,6584.645906,0.036294079133483814,23.227654560068707,11.108516474748537,20.384148353114522,-7.0,-22.4,-4.4,1056.7333333333333,910.5,953.775
Harrison,2012,3.1623542836343765,2.448316850823425,444185.3854198565,58.68015667939135,12,0.7763394101234868,0.7737169437302683,181424.7960881643,5.389137423256072,True,444.1853854198565,621.6333333333333,3.0,11.7,89.4,5.4,36.1,119.2,195100.0,111100.0,6584.645906,0.036294079133483814,14.97879429017761,23.227654560068707,11.108516474748537,-3.6,-7.0,-22.4,829.0,1056.7333333333333,910.5
Harrison,2013,9.412691344628646,7.282758779442424,1321273.0265196306,94.45342168022843,12,0.7737169437302683,0.7737169437302683,181424.7960881643,9.965431825747153,True,1321.2730265196305,743.1,3.0,-13.1,81.0,5.5,61.9,161.5,194000.0,115000.0,6584.645906,0.036294079133483814,3.1623542836343765,14.97879429017761,23.227654560068707,11.7,-3.6,-7.0,621.6333333333333,829.0,1056.7333333333333
Harrison,2014,19.080103460014676,14.858989848726079,2695789.2033812325,211.62708513975124,12,0.7750555028737338,0.7737169437302683,181424.7960881643,9.015908075951069,True,2695.7892033812323,1046.2,3.0,-15.1,68.0,5.6,68.9,157.6,183500.0,129500.0,6584.645906,0.036294079133483814,9.412691344628646,3.1623542836343765,14.97879429017761,-13.1,11.7,-3.6,743.1,621.6333333333333,829.0
Harrison,2015,38.45314495070864,29.751849788079298,5397723.281047979,385.1413280918273,12,0.7737169437302683,0.7737169437302683,181424.7960881643,9.9841648106745,True,5397.723281047979,1193.5333333333333,3.0,-22.9,69.3,5.9,78.5,176.6,175000.0,132900.0,6584.645906,0.036294079133483814,19.080103460014676,9.412691344628646,3.1623542836343765,-15.1,-13.1,11.7,1046.2,743.1,621.6333333333333
Harrison,2016,36.79915613070022,28.47213061329834,5165550.490713231,369.90503467889346,12,0.7737169437302683,0.7737169437302683,181424.7960881643,9.948271226598678,True,5165.550490713231,964.1333333333333,3.0,-25.0,74.0,6.3,85.7,191.0,180800.0,120000.0,6584.645906,0.036294079133483814,38.45314495070864,19.080103460014676,9.412691344628646,-22.9,-15.1,-13.1,1193.5333333333333,1046.2,743.1
Harrison,2017,20.825795955330005,16.113271197308116,2923346.941284916,263.4570617756944,12,0.7737169437302683,0.7737169437302683,181424.7960881643,7.904815993530266,True,2923.346941284916,984.3333333333333,3.0,-16.8,75.4,6.5,82.1,180.8,173600.0,130100.0,6584.645906,0.036294079133483814,36.79915613070022,38.45314495070864,19.080103460014676,-25.0,-22.9,-15.1,964.1333333333333,1193.5333333333333,1046.2
Harrison,2018,23.787582583474023,18.404855695216884,3339097.191536812,312.05998966123946,12,0.7737169437302683,0.7737169437302683,181424.7960881643,7.622759524313554,True,3339.0971915368123,1223.3,2.0,-17.0,68.0,6.0,81.5,172.5,171300.0,133700.0,6584.645906,0.036294079133483814,20.825795955330005,36.79915613070022,38.45314495070864,-16.8,-25.0,-22.9,984.3333333333333,964.1333333333333,1193.5333333333333
Harrison,2019,24.237796855890057,18.753194106094366,3402294.416699934,353.80286050762476,12,0.7737169437302683,0.7737169437302683,181424.7960881643,6.8506503370590215,True,3402.2944166999337,1153.1,2.0,-19.9,68.8,5.5,76.0,170.2,177400.0,126850.0,6584.645906,0.036294079133483814,23.787582583474023,20.825795955330005,36.79915613070022,-17.0,-16.8,-25.0,1223.3,984.3333333333333,964.1333333333333
Henry,2001,22.304537901818343,21.886849384417843,2473485.347915955,352.22721117251206,12,0.8215036043832201,7.395441686789039e-05,113012.39865418604,6.332428953336641,True,2473.4853479159547,1053.1,2.0,-3.0,53.4,20.8,71.5,148.7,68000.0,77200.0,36166.78782,0.3200249552322936,9.106965060698327,,,-3.8,,,789.0,,
Henry,2002,10.59195402694396,9.765829155770335,1103659.7777405898,196.80153642751452,12,0.7408080016260165,7.395441686789039e-05,113012.39865418604,5.382048442922173,True,1103.6597777405898,757.3,2.0,-15.2,49.0,20.7,71.9,156.8,84000.0,71800.0,36166.78782,0.3200249552322936,22.304537901818343,9.106965060698327,,-3.0,-3.8,,1053.1,789.0,
Henry,2003,2.432946675772288,1.3054571225266638,147532.8407569299,89.75697712423623,12,0.5767852284035516,7.395441686789039e-05,113012.39865418604,2.7105933752701463,True,147.5328407569299,852.3,2.0,-14.4,56.4,20.4,44.0,135.2,83700.0,73700.0,36166.78782,0.3200249552322936,10.59195402694396,22.304537901818343,9.106965060698327,-15.2,-3.0,-3.8,757.3,1053.1,789.0
Henry,2004,12.528835528737336,12.331012654755419,1393557.3179490322,201.82247944625155,12,0.9842105937516562,0.9842105937516562,113012.39865418604,6.207849374912649,True,1393.5573179490323,910.7,2.0,-12.5,58.0,20.1,89.9,180.5,83500.0,72800.0,36166.78782,0.3200249552322936,2.432946675772288,10.59195402694396,22.304537901818343,-14.4,-15.2,-3.0,852.3,757.3,1053.1
Henry,2005,6.7493622676822485,6.575658324618967,743130.9199955557,122.49756459043317,12,0.9021992071404239,7.395441686789039e-05,113012.39865418604,5.509793023435636,True,743.1309199955557,677.4,2.0,3.0,63.3,20.3,82.6,163.2,84000.0,72100.0,36166.78782,0.3200249552322936,12.528835528737336,2.432946675772288,10.59195402694396,-12.5,-14.4,-15.2,910.7,852.3,757.3
Henry,2006,6.273294788949796,5.789730886082468,654311.3749984056,94.52416786709503,12,0.8201878205291915,7.395441686789039e-05,113012.39865418604,6.636709881191774,True,654.3113749984055,793.8,2.0,-3.1,61.8,21.1,81.0,167.0,78700.0,74100.0,36166.78782,0.3200249552322936,6.7493622676822485,12.528835528737336,2.432946675772288,3.0,-12.5,-14.4,677.4,910.7,852.3
Henry,2007,24.353930124208794,23.969396027733886,2708838.939386325,355.98473978434373,12,0.9842105937516562,0.9842105937516562,113012.39865418604,6.841284864896865,True,2708.838939386325,1213.6000000000001,2.0,-14.5,59.8,22.5,73.1,169.9,89500.0,63400.0,36166.78782,0.3200249552322936,6.273294788949796,6.7493622676822485,12.528835528737336,-3.1,3.0,-12.5,793.8,677.4,910.7
Henry,2008,23.277704415782388,22.708300553236253,2566319.514881409,571.6036142910057,12,0.9035149909944525,7.395441686789039e-05,113012.39865418604,4.072350809862377,True,2566.319514881409,1232.65,2.0,-3.9,68.3,21.2,72.0,165.4,85000.0,69100.0,36166.78782,0.3200249552322936,24.353930124208794,6.273294788949796,6.7493622676822485,-14.5,-3.1,3.0,1213.6000000000001,793.8,677.4
Henry,2009,25.49189646412469,23.21091575667027,2623121.2646215493,603.7214525299742,12,0.9021992071404239,7.395441686789039e-05,113012.39865418604,4.222459936995372,True,2623.1212646215495,1311.05,2.0,-6.0,55.8,20.2,82.5,164.5,81400.0,67400.0,36166.78782,0.3200249552322936,23.277704415782388,24.353930124208794,6.273294788949796,-3.9,-14.5,-3.1,1232.65,1213.6000000000001,793.8
Henry,2010,29.686825847673166,29.21808849414042,3302006.264813083,801.2783658027759,12,0.9842105937516562,0.9842105937516562,113012.39865418604,3.7049329065475094,True,3302.0062648130834,1408.0,2.0,8.2,54.5,19.1,76.4,141.8,77000.0,65300.0,36166.78782,0.3200249552322936,25.49189646412469,23.277704415782388,24.353930124208794,-6.0,-3.9,-14.5,1311.05,1232.65,1213.6000000000001
Henry,2011,19.526926233792565,19.21202660695746,2171197.209860306,335.817515009221,12,0.9035149909944525,7.395441686789039e-05,113012.39865418604,5.814743234359407,True,2171.197209860306,1137.5333333333333,2.5833333333333335,13.0,68.8,16.9,64.3,137.0,80400.0,67500.0,36166.78782,0.3200249552322936,29.686825847673166,25.49189646412469,23.277704415782388,8.2,-6.0,-3.9,1408.0,1311.05,1232.65
Henry,2012,2.8252043941872564,2.7129882020426317,306601.3042333453,67.54757362019511,12,0.8201878205291915,7.395441686789039e-05,113012.39865418604,4.182540160617387,True,306.60130423334533,728.0999999999999,3.0,0.0,58.0,15.5,77.7,151.2,80700.0,66100.0,36166.78782,0.3200249552322936,19.526926233792565,29.686825847673166,25.49189646412469,13.0,8.2,-6.0,1137.5333333333333,1408.0,1311.05
Henry,2013,19.296009746247023,18.93376235741882,2139749.8995602364,325.40381513635356,12,0.8201878205291915,7.395441686789039e-05,113012.39865418604,5.929865861640694,True,2139.7498995602364,922.0666666666666,3.0,-16.8,52.6,16.7,69.1,155.2,76000.0,69700.0,36166.78782,0.3200249552322936,2.8252043941872564,19.526926233792565,29.686825847673166,0.0,13.0,8.2,728.0999999999999,1137.5333333333333,1408.0
Henry,2014,11.47219294210139,11.291053827179168,1276029.076343045,273.781075872285,12,0.9842105937516562,0.9842105937516562,113012.39865418604,4.19027973556982,True,1276.029076343045,996.1,3.0,-17.9,59.7,17.9,94.6,190.1,80100.0,69400.0,36166.78782,0.3200249552322936,19.296009746247023,2.8252043941872564,19.526926233792565,-16.8,0.0,13.0,922.0666666666666,728.0999999999999,1137.5333333333333
Henry,2015,25.058835954879125,24.663171813876936,2787244.205106545,376.2805386505363,12,0.9842105937516562,0.9842105937516562,113012.39865418604,6.6596152021968,True,2787.244205106545,1026.5,3.0,-16.6,51.9,19.3,95.6,183.4,78000.0,70400.0,36166.78782,0.3200249552322936,11.47219294210139,19.296009746247023,2.8252043941872564,-17.9,-16.8,0.0,996.1,922.0666666666666,728.0999999999999
Henry,2016,10.61835962877401,10.450702034904285,1181058.9045847165,213.48020909414265,12,0.9842105937516562,0.9842105937516562,113012.39865418604,4.97393162290347,True,1181.0589045847166,789.7,3.0,-21.7,54.9,20.5,95.1,192.2,83300.0,69200.0,36166.78782,0.3200249552322936,25.058835954879125,11.47219294210139,19.296009746247023,-16.6,-17.9,-16.8,1026.5,996.1,922.0666666666666
Henry,2017,13.05250867509636,12.536278839288977,1416754.9418257626,165.63419969102577,12,0.6561650473067268,7.395441686789039e-05,113012.39865418604,7.880322239878313,True,1416.7549418257627,740.0,3.0,-14.8,55.7,22.1,106.9,199.5,81300.0,72100.0,36166.78782,0.3200249552322936,10.61835962877401,25.058835954879125,11.47219294210139,-21.7,-16.6,-17.9,789.7,1026.5,996.1
Henry,2018,11.31814812619357,10.663420288290956,1205098.704637473,282.99396773399445,12,0.9021992071404239,7.395441686789039e-05,113012.39865418604,3.999430877209467,True,1205.098704637473,898.0500000000001,2.0,-17.8,50.9,21.7,108.5,198.9,79700.0,67300.0,36166.78782,0.3200249552322936,13.05250867509636,10.61835962877401,25.058835954879125,-14.8,-21.7,-16.6,740.0,789.7,1026.5
Henry,2019,20.640650862262422,20.314747240567936,2295818.313710089,474.47379328715675,12,0.9842105937516562,0.9842105937516562,113012.39865418604,4.350219370234106,True,2295.8183137100887,1255.5,2.0,-8.5,51.4,21.3,99.6,180.8,74200.0,68200.0,36166.78782,0.3200249552322936,11.31814812619357,13.05250867509636,10.61835962877401,-17.8,-14.8,-21.7,898.0500000000001,740.0,789.7
Howard,2001,22.816546888698966,22.816546888698966,2797689.726278128,286.9451692062919,12,0.9999999999999999,0.9999999999999999,122616.7018140604,7.951535462963516,True,2797.689726278128,765.8,1.0,5.1,61.8,23.4,36.5,116.6,101400.0,108500.0,75517.240402,0.6158805389865777,15.109340620387092,,,12.0,,,959.0,,
Howard,2002,7.44540138950738,7.445401389507379,912930.5620632173,142.21682856844689,12,0.9999999999999999,0.9999999999999999,122616.7018140604,5.235246394152305,True,912.9305620632173,770.3,1.0,1.9,59.5,28.5,79.0,165.1,104500.0,96900.0,75517.240402,0.6158805389865777,22.816546888698966,15.109340620387092,,5.1,12.0,,765.8,959.0,
Howard,2003,6.217048121901145,6.217048121901144,762313.935726817,118.15596493813385,12,0.9999999999999999,0.9999999999999999,122616.7018140604,5.261730226786583,True,762.313935726817,640.4,2.0,6.7,69.7,28.6,21.3,112.9,104000.0,100600.0,75517.240402,0.6158805389865777,7.44540138950738,22.816546888698966,15.109340620387092,1.9,5.1,12.0,770.3,765.8,959.0
Howard,2004,23.314604102429573,23.314604102429573,2858759.859140477,352.59213921343553,12,0.9999999999999999,0.9999999999999999,122616.7018140604,6.612343699561744,True,2858.759859140477,1079.6,2.0,11.1,71.9,29.2,54.3,144.3,111500.0,94800.0,75517.240402,0.6158805389865777,6.217048121901145,7.44540138950738,22.816546888698966,6.7,1.9,5.1,640.4,770.3,765.8
Howard,2005,12.026917023445968,12.026917023445966,1474700.8984063207,217.03682573328848,12,0.9999999999999999,0.9999999999999999,122616.7018140604,5.541417675461936,True,1474.7008984063207,964.1,2.0,13.5,77.3,29.9,86.6,180.3,119000.0,94000.0,75517.240402,0.6158805389865777,23.314604102429573,6.217048121901145,7.44540138950738,11.1,6.7,1.9,1079.6,640.4,770.3
Howard,2006,17.600728204388208,17.600728204388208,2158143.2419477915,216.01609508126128,12,0.9999999999999999,0.9999999999999999,122616.7018140604,8.147878146657145,True,2158.1432419477915,792.5,2.0,16.1,71.9,32.8,70.4,159.0,114800.0,94100.0,75517.240402,0.6158805389865777,12.026917023445968,23.314604102429573,6.217048121901145,13.5,11.1,6.7,964.1,1079.6,640.4
Howard,2007,32.70819559036093,32.70819559036092,4010571.06557925,429.7950155753763,12,0.9999999999999999,0.9999999999999999,122616.7018140604,7.610184949812349,True,4010.57106557925,1147.1000000000001,2.0,26.9,84.2,38.1,62.7,158.1,128500.0,79900.0,75517.240402,0.6158805389865777,17.600728204388208,12.026917023445968,23.314604102429573,16.1,13.5,11.1,792.5,964.1,1079.6
Howard,2008,38.363685685870614,37.99975149633115,4659404.198234033,524.6408899532053,12,0.8834758772204799,0.19697019271578262,122616.7018140604,7.3123705034299595,True,4659.404198234033,1028.5,2.0,32.1,85.3,38.6,59.7,151.5,118000.0,88700.0,75517.240402,0.6158805389865777,32.70819559036093,17.600728204388208,12.026917023445968,26.9,16.1,13.5,1147.1000000000001,792.5,964.1
Howard,2010,30.39172387384039,30.391723873840387,3726532.9438539473,415.7705859720948,12,0.9999999999999999,0.9999999999999999,122616.7018140604,7.3097339973636775,True,3726.5329438539475,940.5,2.0,9.2,71.4,37.9,81.0,181.1,125500.0,90700.0,75517.240402,0.6158805389865777,14.582512069193898,38.363685685870614,32.70819559036093,19.7,32.1,26.9,850.55,1028.5,1147.1000000000001
Howard,2011,24.49500761737129,24.495007617371286,3003497.0449523535,340.970180747695,12,0.9999999999999999,0.9999999999999999,122616.7018140604,7.183914899437105,True,3003.4970449523535,737.0,2.0,29.7,92.5,38.3,70.6,171.7,128000.0,87900.0,75517.240402,0.6158805389865777,30.39172387384039,14.582512069193898,38.363685685870614,9.2,19.7,32.1,940.5,850.55,1028.5
Howard,2012,7.51504027567026,7.4910063527294986,918522.4922398651,125.4283108388602,12,0.975197513913749,0.7023701669649884,122616.7018140604,5.991502417125712,True,918.5224922398651,730.85,2.0,46.5,89.3,39.0,58.2,140.0,133900.0,85200.0,75517.240402,0.6158805389865777,24.49500761737129,30.39172387384039,14.582512069193898,29.7,9.2,19.7,737.0,940.5,850.55
Howard,2013,40.81729397304447,40.817293973044464,5004881.963949638,481.7855135210791,12,0.9999999999999999,0.9999999999999999,122616.7018140604,8.472088269058888,True,5004.881963949639,1146.7,2.0,20.2,53.6,54.4,60.1,147.9,78600.0,80200.0,75517.240402,0.6158805389865777,7.51504027567026,24.49500761737129,30.39172387384039,46.5,29.7,9.2,730.85,737.0,940.5
Howard,2014,25.74257195120738,25.74257195120738,3156469.2688681902,355.8555645374294,12,0.9999999999999999,0.9999999999999999,122616.7018140604,7.2339944956796485,True,3156.4692688681903,1000.35,2.0,32.0,81.7,43.0,63.2,155.9,133300.0,84600.0,75517.240402,0.6158805389865777,40.81729397304447,7.51504027567026,24.49500761737129,20.2,46.5,29.7,1146.7,730.85,737.0
Howard,2015,20.99114892631342,20.99114892631342,2573865.4486323074,262.9781941223626,12,0.9999999999999999,0.9999999999999999,122616.7018140604,7.982087258742956,True,2573.8654486323076,847.3,2.0,18.6,74.3,44.9,96.8,197.4,119700.0,94600.0,75517.240402,0.6158805389865777,25.74257195120738,40.81729397304447,7.51504027567026,32.0,20.2,46.5,1000.35,1146.7,730.85
Howard,2016,48.292359792633874,48.292359792633874,5921449.880590706,619.2589469669296,12,0.9999999999999999,0.9999999999999999,122616.7018140604,7.798411315519167,True,5921.449880590706,1430.05,2.0,20.9,79.1,47.7,80.8,186.7,128700.0,85000.0,75517.240402,0.6158805389865777,20.99114892631342,25.74257195120738,40.81729397304447,18.6,32.0,20.2,847.3,1000.35,1146.7
Howard,2017,34.442878438060845,34.442878438060845,4223272.155057636,474.8841483929368,12,0.9999999999999999,0.9999999999999999,122616.7018140604,7.252901271735338,True,4223.272155057636,931.1,2.0,27.0,80.5,51.1,75.6,180.2,121000.0,88800.0,75517.240402,0.6158805389865777,48.292359792633874,20.99114892631342,25.74257195120738,20.9,18.6,32.0,1430.05,847.3,1000.35
Howard,2018,37.78209886156071,37.782098861560705,4632716.350017341,685.9999224325632,12,0.9999999999999999,0.9999999999999999,122616.7018140604,5.507595208988506,True,4632.716350017341,1453.45,2.0,32.9,72.8,59.0,76.6,175.5,126500.0,86500.0,75517.240402,0.6158805389865777,34.442878438060845,48.292359792633874,20.99114892631342,27.0,20.9,18.6,931.1,1430.05,847.3
Howard,2019,34.587719178055366,34.587719178055366,4241032.048884073,648.1010946592718,12,0.9999999999999999,0.9999999999999999,122616.7018140604,5.336778391994428,True,4241.032048884073,1242.35,2.0,37.8,73.7,69.6,69.6,175.1,127100.0,81000.0,75517.240402,0.6158805389865777,37.78209886156071,34.442878438060845,48.292359792633874,32.9,27.0,20.9,1453.45,931.1,1430.05
Humboldt,2001,29.824064700472984,29.824064700473002,3363235.503692578,309.60427373646286,12,1.0000000000000004,1.0000000000000004,112769.18614112442,9.632962859504783,True,3363.2355036925783,822.35,2.0,3.0,63.2,19.5,65.6,145.3,123300.0,121200.0,66780.879034,0.5921908397071112,5.974779222288411,,,10.8,,,681.95,,
Humboldt,2002,9.599846421830572,9.599846421830575,1082566.8680696194,90.5927297186043,12,1.0000000000000004,1.0000000000000004,112769.18614112442,10.596707320387905,True,1082.5668680696194,774.15,2.0,-5.6,62.5,21.2,75.1,164.4,124000.0,114700.0,66780.879034,0.5921908397071112,29.824064700472984,5.974779222288411,,3.0,10.8,,822.35,681.95,
Humboldt,2003,17.031615027813967,17.028321446959747,1920269.950923105,138.80081601062324,12,0.9676451834314502,0.8058711005886994,112769.18614112442,12.270543875268311,True,1920.269950923105,743.2,2.0,1.9,76.8,20.0,40.1,135.0,126500.0,116400.0,66780.879034,0.5921908397071112,9.599846421830572,29.824064700472984,5.974779222288411,-5.6,3.0,10.8,774.15,822.35,681.95
Humboldt,2004,16.443846200581287,16.110794661831214,1816801.2021014781,190.2717077379689,12,0.9676451834314502,0.8058711005886994,112769.18614112442,8.642297058281935,True,1816.801202101478,811.9,2.0,-4.2,73.9,19.1,73.1,170.3,130000.0,113500.0,66780.879034,0.5921908397071112,17.031615027813967,9.599846421830572,29.824064700472984,1.9,-5.6,3.0,743.2,774.15,822.35
Humboldt,2005,22.358713218768983,22.265211399850568,2510829.768821234,216.1199329085128,12,0.9838225917157253,0.8058711005886994,112769.18614112442,10.345511826636464,True,2510.8297688212338,874.55,2.0,10.1,85.7,18.7,84.1,178.4,129000.0,111900.0,66780.879034,0.5921908397071112,16.443846200581287,17.031615027813967,9.599846421830572,-4.2,1.9,-5.6,811.9,743.2,774.15
Humboldt,2006,20.946565461318997,20.83754901703339,2349833.443826643,196.17789255862354,12,0.9769664222671629,0.7235970672059497,112769.18614112442,10.677332286592673,True,2349.833443826643,688.9,2.0,7.3,80.5,18.4,84.8,176.4,129900.0,110300.0,66780.879034,0.5921908397071112,22.358713218768983,16.443846200581287,17.031615027813967,10.1,-4.2,1.9,874.55,811.9,743.2
Humboldt,2007,29.14315114269744,29.14315114269746,3286449.435949772,331.6891810123047,12,1.0000000000000004,1.0000000000000004,112769.18614112442,8.78628330708692,True,3286.449435949772,1065.1,2.0,22.4,99.7,19.3,70.7,167.3,146100.0,93900.0,66780.879034,0.5921908397071112,20.946565461318997,22.358713218768983,16.443846200581287,7.3,10.1,-4.2,688.9,874.55,811.9
Humboldt,2008,25.401950278689128,24.368862219668532,2748056.759697215,286.8799769770903,12,0.7433551101128005,0.19412889941130118,112769.18614112442,8.854556719626927,True,2748.056759697215,929.85,2.0,22.5,95.4,19.2,72.8,164.9,134500.0,104600.0,66780.879034,0.5921908397071112,29.14315114269744,20.946565461318997,22.358713218768983,22.4,7.3,10.1,1065.1,688.9,874.55
Humboldt,2009,16.460686464814355,13.119048216653749,1479424.390338213,190.38827521675086,12,0.7593212388357129,0.19412889941130118,112769.18614112442,8.645850930722704,True,1479.424390338213,763.95,2.0,9.6,89.0,19.1,80.5,179.0,139500.0,102100.0,66780.879034,0.5921908397071112,25.401950278689128,29.14315114269744,20.946565461318997,22.5,22.4,7.3,929.85,1065.1,688.9
Humboldt,2010,33.14467013750945,33.144670137509465,3737697.476322973,477.4308551205511,12,1.0000000000000004,1.0000000000000004,112769.18614112442,6.942297461930992,True,3737.697476322973,1158.7,2.0,14.6,80.1,19.3,66.4,151.2,131000.0,105500.0,66780.879034,0.5921908397071112,16.460686464814355,25.401950278689128,29.14315114269744,9.6,22.5,22.4,763.95,929.85,1065.1
Humboldt,2011,23.242355463330433,23.194484067932525,2615623.091304028,297.86559981218977,12,0.8548258845642499,0.4201486565024487,112769.18614112442,7.802967337613072,True,2615.623091304028,639.85,2.0,24.7,102.9,19.6,74.9,172.7,141400.0,99400.0,66780.879034,0.5921908397071112,33.14467013750945,16.460686464814355,25.401950278689128,14.6,9.6,22.5,1158.7,763.95,929.85
Humboldt,2012,4.2662214606931395,3.927917642942875,442948.07582403166,60.909086481120184,12,0.744260375522837,0.14374572370839794,112769.18614112442,7.00424469839246,True,442.94807582403166,602.6999999999999,2.0,35.9,102.7,18.6,53.9,139.3,142500.0,97000.0,66780.879034,0.5921908397071112,23.242355463330433,33.14467013750945,16.460686464814355,24.7,14.6,9.6,639.85,1158.7,763.95
Humboldt,2013,28.521437110717862,28.51297887466878,3215385.4221554715,171.85733934002852,12,0.9514677751471753,0.8058711005886994,112769.18614112442,16.595995969823985,True,3215.3854221554716,811.9,2.0,15.6,82.7,19.6,61.0,147.7,125500.0,99200.0,66780.879034,0.5921908397071112,4.2662214606931395,23.242355463330433,33.14467013750945,35.9,24.7,14.6,602.6999999999999,639.85,1158.7
Humboldt,2014,22.312352337921254,22.31235233792126,2516145.814041395,179.37359576013023,12,1.0000000000000004,1.0000000000000004,112769.18614112442,12.439039449127591,True,2516.145814041395,919.75,2.0,8.6,87.6,18.5,61.5,159.0,139300.0,95900.0,66780.879034,0.5921908397071112,28.521437110717862,4.2662214606931395,23.242355463330433,15.6,35.9,24.7,811.9,602.6999999999999,639.85
Humboldt,2015,29.541879660351245,29.357521175296608,3310623.7700590244,233.07809759025747,12,0.9769664222671629,0.7235970672059497,112769.18614112442,12.674669977907902,True,3310.6237700590245,1024.6,2.0,6.9,86.6,18.1,89.7,187.5,133700.0,103000.0,66780.879034,0.5921908397071112,22.312352337921254,28.521437110717862,4.2662214606931395,8.6,15.6,35.9,919.75,811.9,602.6999999999999
Humboldt,2016,46.0862875323171,46.08628753231714,5197113.137285252,398.4736265788001,12,1.0000000000000004,1.0000000000000004,112769.18614112442,11.565705848089124,True,5197.113137285252,811.85,2.0,5.1,92.6,18.1,91.0,196.6,140600.0,93600.0,66780.879034,0.5921908397071112,29.541879660351245,22.312352337921254,28.521437110717862,6.9,8.6,15.6,1024.6,919.75,811.9
Humboldt,2017,22.888571040349014,22.86443806446489,2578404.072103852,258.4065205262918,12,0.9516790547085378,0.61427755591375,112769.18614112442,8.857582615845871,True,2578.404072103852,709.8,2.0,14.1,94.4,18.2,94.7,193.2,132600.0,104400.0,66780.879034,0.5921908397071112,46.0862875323171,29.541879660351245,22.312352337921254,5.1,6.9,8.6,811.85,1024.6,919.75
Humboldt,2018,37.310442175219116,37.31044217521914,4207468.198664946,595.3184476497755,12,1.0000000000000004,1.0000000000000004,112769.18614112442,6.267308248638175,True,4207.468198664946,1206.3999999999999,2.0,15.5,84.8,18.1,74.6,162.0,131800.0,100200.0,66780.879034,0.5921908397071112,22.888571040349014,46.0862875323171,29.541879660351245,14.1,5.1,6.9,709.8,811.85,1024.6
Humboldt,2019,26.139496474370787,26.110511613425565,2944461.144374378,496.77486314143806,12,0.9769664222671629,0.7235970672059497,112769.18614112442,5.261839600553329,True,2944.461144374378,956.15,2.0,3.1,85.8,18.3,84.3,185.3,133200.0,99700.0,66780.879034,0.5921908397071112,37.310442175219116,22.888571040349014,46.0862875323171,15.5,14.1,5.1,1206.3999999999999,709.8,811.85
Ida,2001,7.815540875363674,7.815540875363666,874485.5158404699,131.09132932415469,12,0.9999999999999991,0.9999999999999991,111890.59462244561,5.96190527295507,True,874.4855158404698,862.725,4.0,7.0,64.0,21.2,78.0,156.2,109200.0,107400.0,31770.683802,0.2839441859184355,1.793079055570067,,,26.5,,,605.15,,
Ida,2002,5.623586987151521,5.623586987151515,629226.4919034304,86.09396373104299,12,0.9999999999999991,0.9999999999999991,111890.59462244561,6.531917852823656,True,629.2264919034304,816.15,4.0,8.4,66.6,25.3,90.9,174.4,109500.0,104600.0,31770.683802,0.2839441859184355,7.815540875363674,1.793079055570067,,7.0,26.5,,862.725,605.15,
Ida,2003,13.453271346934368,13.45327134693436,1505294.5306255952,137.95169077713237,12,0.9999999999999991,0.9999999999999991,111890.59462244561,9.75216126105245,True,1505.2945306255951,653.7,4.0,6.1,73.3,25.0,47.3,139.5,111500.0,105500.0,31770.683802,0.2839441859184355,5.623586987151521,7.815540875363674,1.793079055570067,8.4,7.0,26.5,816.15,862.725,605.15
Ida,2004,14.482954508588453,14.482954508588438,1620506.3918557903,151.72783434368657,12,0.9999999999999991,0.9999999999999991,111890.59462244561,9.54535110267399,True,1620.5063918557903,945.9749999999999,4.0,9.0,77.2,25.0,80.6,173.8,113000.0,104600.0,31770.683802,0.2839441859184355,13.453271346934368,5.623586987151521,7.815540875363674,6.1,8.4,7.0,653.7,816.15,862.725
Ida,2005,10.124543120903061,10.124543120903049,1132841.1500784338,109.03804335201019,12,0.9999999999999991,0.9999999999999991,111890.59462244561,9.285330889713189,True,1132.8411500784339,720.725,4.0,17.3,81.3,25.8,86.6,176.4,116000.0,100100.0,31770.683802,0.2839441859184355,14.482954508588453,13.453271346934368,5.623586987151521,9.0,6.1,8.4,945.9749999999999,653.7,816.15
Ida,2006,7.9998345028277615,7.999834502827755,895106.2394025541,89.36377145248566,12,0.9999999999999991,0.9999999999999991,111890.59462244561,8.951988454383038,True,895.1062394025541,687.6,4.0,26.8,72.4,26.8,71.9,144.3,112300.0,103900.0,31770.683802,0.2839441859184355,10.124543120903061,14.482954508588453,13.453271346934368,17.3,9.0,6.1,720.725,945.9749999999999,653.7
Ida,2007,25.101732490117225,25.101732490117204,2808647.7743727765,253.52498515394646,12,0.9999999999999991,0.9999999999999991,111890.59462244561,9.90108823983358,True,2808.6477743727764,929.725,4.0,40.3,100.8,31.7,71.0,163.2,126100.0,90800.0,31770.683802,0.2839441859184355,7.9998345028277615,10.124543120903061,14.482954508588453,26.8,17.3,9.0,687.6,720.725,945.9749999999999
Ida,2010,35.029016673417594,35.02901667341756,3919417.5046282527,378.0574247102333,12,0.9999999999999991,0.9999999999999991,111890.59462244561,9.265528034601095,True,3919.4175046282526,998.7416666666667,3.6666666666666665,10.4,72.7,31.8,92.4,186.5,120000.0,102500.0,31770.683802,0.2839441859184355,11.227110436161727,18.488910634292488,25.101732490117225,19.5,23.2,40.3,763.125,972.7666666666667,929.725
Ida,2011,20.053729082847294,20.053729082847276,2243823.671477213,223.1250445498679,12,0.9999999999999991,0.9999999999999991,111890.59462244561,8.98766390088735,True,2243.823671477213,526.4333333333333,3.0,38.6,102.9,31.9,78.2,174.4,131300.0,92900.0,31770.683802,0.2839441859184355,35.029016673417594,11.227110436161727,18.488910634292488,10.4,19.5,23.2,998.7416666666667,763.125,972.7666666666667
Ida,2012,3.830376347192661,3.830376347192658,428583.08711513766,65.4203504339532,12,0.9999999999999991,0.9999999999999991,111890.59462244561,5.855022667693772,True,428.5830871151377,714.5666666666666,3.0,44.7,102.1,27.1,71.8,156.3,130200.0,91700.0,31770.683802,0.2839441859184355,20.053729082847294,35.029016673417594,11.227110436161727,38.6,10.4,19.5,526.4333333333333,998.7416666666667,763.125
Ida,2013,12.20270211058759,12.202702110587577,1365367.5951542158,123.82442275681483,12,0.9999999999999991,0.9999999999999991,111890.59462244561,9.854842719156547,True,1365.367595154216,687.0333333333333,3.0,24.1,95.9,24.2,72.1,168.1,131800.0,92600.0,31770.683802,0.2839441859184355,3.830376347192661,20.053729082847294,35.029016673417594,44.7,38.6,10.4,714.5666666666666,526.4333333333333,998.7416666666667
Ida,2014,14.713654688960316,14.713654688960304,1646319.5722171036,185.4200166678726,12,0.9999999999999991,0.9999999999999991,111890.59462244561,7.93531084365916,True,1646.3195722171035,955.5333333333333,3.0,5.0,77.8,22.3,90.0,185.1,123700.0,100600.0,31770.683802,0.2839441859184355,12.20270211058759,3.830376347192661,20.053729082847294,24.1,44.7,38.6,687.0333333333333,714.5666666666666,526.4333333333333
Ida,2015,36.18024535545627,36.180245355456236,4048229.1664079735,316.202815331338,12,0.9999999999999991,0.9999999999999991,111890.59462244561,11.442100955851467,True,4048.2291664079735,1065.8,3.0,3.1,81.8,20.4,99.6,198.7,123900.0,98900.0,31770.683802,0.2839441859184355,14.713654688960316,12.20270211058759,3.830376347192661,5.0,24.1,44.7,955.5333333333333,687.0333333333333,714.5666666666666
Ida,2016,42.85907207972561,42.859072079725564,4795527.059966751,386.78329154319255,12,0.9999999999999991,0.9999999999999991,111890.59462244561,11.080900601658872,True,4795.527059966751,845.1,3.0,0.5,87.2,18.7,107.8,213.2,131800.0,90300.0,31770.683802,0.2839441859184355,36.18024535545627,14.713654688960316,12.20270211058759,3.1,5.0,24.1,1065.8,955.5333333333333,687.0333333333333
Ida,2017,19.61790188389548,19.617901883895467,2195058.7070338596,229.36047810993026,12,0.9999999999999991,0.9999999999999991,111890.59462244561,8.553305279775712,True,2195.0587070338597,839.7333333333333,3.0,3.3,88.8,18.0,104.6,208.1,120000.0,98000.0,31770.683802,0.2839441859184355,42.85907207972561,36.18024535545627,14.713654688960316,0.5,3.1,5.0,845.1,1065.8,955.5333333333333
Ida,2018,24.105804847671713,24.10580484767169,2697212.838258617,313.5656602182853,12,0.9999999999999991,0.9999999999999991,111890.59462244561,7.687641826241662,True,2697.212838258617,902.3666666666667,3.0,-7.2,80.0,18.0,108.9,214.1,119200.0,97400.0,31770.683802,0.2839441859184355,19.61790188389548,42.85907207972561,36.18024535545627,3.3,0.5,3.1,839.7333333333333,845.1,1065.8
Ida,2019,28.19264190628765,28.192641906287626,3154491.4668722004,378.9779507931117,12,0.9999999999999991,0.9999999999999991,111890.59462244561,7.4391245842369145,True,3154.4914668722004,945.975,4.0,-1.7,81.0,18.7,98.0,199.4,118300.0,95600.0,31770.683802,0.2839441859184355,24.105804847671713,19.61790188389548,42.85907207972561,-7.2,3.3,0.5,902.3666666666667,839.7333333333333,845.1
Iowa,2001,24.560196074268532,24.560196074268532,3734013.746836449,303.31936934780555,12,0.9999999999999997,0.9999999999999998,152035.1765737138,8.097140689392054,True,3734.013746836449,1070.625,4.0,-0.8,57.0,24.9,74.6,157.3,103600.0,91400.0,67347.84412,0.44297540633530025,7.8569381792182265,,,3.8,,,908.25,,
Iowa,2002,10.543162586550736,10.543162586550732,1602931.5854916142,142.05514763126058,12,0.9999999999999997,0.9999999999999998,152035.1765737138,7.4218799968573705,True,1602.9315854916142,966.825,4.0,-13.9,52.6,26.1,76.4,169.0,107000.0,85800.0,67347.84412,0.44297540633530025,24.560196074268532,7.8569381792182265,,-0.8,3.8,,1070.625,908.25,
Iowa,2003,10.40701031084176,10.407010310841759,1582231.650213287,130.8318225363581,12,0.9999999999999997,0.9999999999999998,152035.1765737138,7.954494639826376,True,1582.231650213287,884.75,4.0,-14.5,57.9,25.4,31.3,129.1,111000.0,93600.0,67347.84412,0.44297540633530025,10.543162586550736,24.560196074268532,7.8569381792182265,-13.9,-0.8,3.8,966.825,1070.625,908.25
Iowa,2004,18.38497462515849,18.384974625158485,2795162.863439218,241.1340058732608,12,0.9999999999999997,0.9999999999999998,152035.1765737138,7.624380708385679,True,2795.162863439218,1041.7,4.0,-7.6,64.5,25.4,76.5,174.0,115000.0,85400.0,67347.84412,0.44297540633530025,10.40701031084176,10.543162586550736,24.560196074268532,-14.5,-13.9,-0.8,884.75,966.825,1070.625
Iowa,2005,13.303026291716456,13.303026291716456,2022527.9512258684,161.20696139386192,12,0.9999999999999997,0.9999999999999998,152035.1765737138,8.252141332292974,True,2022.5279512258685,710.025,4.0,8.4,63.6,26.1,72.6,153.9,110500.0,87500.0,67347.84412,0.44297540633530025,18.38497462515849,10.40701031084176,10.543162586550736,-7.6,-14.5,-13.9,1041.7,884.75,966.825
Iowa,2006,10.89340447516888,10.893404475168879,1656180.6728711845,125.09255496710904,12,0.9999999999999997,0.9999999999999998,152035.1765737138,8.70827562682137,True,1656.1806728711845,1005.125,4.0,-0.5,64.2,27.2,81.3,173.2,110500.0,88000.0,67347.84412,0.44297540633530025,13.303026291716456,18.38497462515849,10.40701031084176,8.4,-7.6,-14.5,710.025,1041.7,884.75
Iowa,2007,37.42978487148917,37.42978487148916,5690643.952052975,428.71084845979556,12,0.9999999999999997,0.9999999999999998,152035.1765737138,8.730776234368916,True,5690.643952052975,1335.625,4.0,-1.9,65.8,30.0,72.8,170.5,128100.0,74400.0,67347.84412,0.44297540633530025,10.89340447516888,13.303026291716456,18.38497462515849,-0.5,8.4,-7.6,1005.125,710.025,1041.7
Iowa,2008,43.15379688303525,42.45440963027527,6454563.664471678,682.1988289374254,12,0.9365106043784972,0.6190636262709841,152035.1765737138,6.325692020059671,True,6454.563664471679,1530.675,4.0,9.0,72.9,30.3,65.6,159.8,112500.0,84000.0,67347.84412,0.44297540633530025,37.42978487148917,10.89340447516888,13.303026291716456,-1.9,-0.5,8.4,1335.625,1005.125,710.025
Iowa,2009,29.970991409285986,27.86659766223751,4236703.09608692,547.3855595195398,12,0.9047659065677459,0.6190636262709841,152035.1765737138,5.475298149186218,True,4236.703096086921,1395.95,4.0,0.2,62.1,28.8,87.9,178.6,114000.0,95700.0,67347.84412,0.44297540633530025,43.15379688303525,37.42978487148917,10.89340447516888,9.0,-1.9,-0.5,1530.675,1335.625,1005.125
Iowa,2010,33.46562102666676,33.46562102666675,5087951.601938268,545.9723394223554,12,0.9999999999999997,0.9999999999999998,152035.1765737138,6.129545145469044,True,5087.951601938268,1244.8,4.0,2.5,58.0,29.5,79.5,164.5,117000.0,91000.0,67347.84412,0.44297540633530025,29.970991409285986,43.15379688303525,37.42978487148917,0.2,9.0,-1.9,1395.95,1530.675,1335.625
Iowa,2011,17.200635097319193,17.200635097319186,2615101.5942009417,268.6972148742925,12,0.9999999999999997,0.9999999999999998,152035.1765737138,6.401493631173792,True,2615.1015942009417,906.25,4.0,12.5,73.4,29.5,83.5,173.9,121600.0,90600.0,67347.84412,0.44297540633530025,33.46562102666676,29.970991409285986,43.15379688303525,2.5,0.2,9.0,1244.8,1395.95,1530.675
Iowa,2012,4.490007804416169,4.490007804416168,682639.1293617652,91.53089083475162,12,0.9999999999999997,0.9999999999999998,152035.1765737138,4.905456249215749,True,682.6391293617652,733.9,4.0,24.4,70.9,30.1,78.3,154.9,120900.0,91400.0,67347.84412,0.44297540633530025,17.200635097319193,33.46562102666676,29.970991409285986,12.5,2.5,0.2,906.25,1244.8,1395.95
Iowa,2013,25.391372413547312,25.39137241354731,3860381.7883425904,375.50390150885414,12,0.9999999999999997,0.9999999999999998,152035.1765737138,6.761946363678088,True,3860.3817883425904,911.875,4.0,1.3,63.6,29.4,59.7,151.4,117100.0,94200.0,67347.84412,0.44297540633530025,4.490007804416169,17.200635097319193,33.46562102666676,24.4,12.5,2.5,733.9,906.25,1244.8
Iowa,2014,21.30513244240967,21.305132442409665,3239129.5728081125,339.70156111739743,12,0.9999999999999997,0.9999999999999998,152035.1765737138,6.2717204985251245,True,3239.1295728081127,1121.4,4.0,-12.9,54.6,28.6,86.6,182.7,118000.0,101000.0,67347.84412,0.44297540633530025,25.391372413547312,4.490007804416169,17.200635097319193,1.3,24.4,12.5,911.875,733.9,906.25
Iowa,2015,34.75577199431061,34.7557719943106,5284099.932110748,382.0454665154724,12,0.9999999999999997,0.9999999999999998,152035.1765737138,9.097286852088072,True,5284.099932110748,1144.1000000000001,4.0,-10.8,59.2,28.0,92.9,190.9,119700.0,101500.0,67347.84412,0.44297540633530025,21.30513244240967,25.391372413547312,4.490007804416169,-12.9,1.3,24.4,1121.4,911.875,733.9
Iowa,2016,29.376444541282932,29.376444541282925,4466252.932941861,362.5087268727484,12,0.9999999999999997,0.9999999999999998,152035.1765737138,8.10365168163109,True,4466.252932941861,887.375,4.0,-14.1,62.8,27.6,90.1,194.6,129600.0,95600.0,67347.84412,0.44297540633530025,34.75577199431061,21.30513244240967,25.391372413547312,-10.8,-12.9,1.3,1144.1000000000001,1121.4,911.875
Iowa,2017,19.005363129923794,19.00536312992379,2889483.739305515,239.66369679800204,12,0.9999999999999997,0.9999999999999998,152035.1765737138,7.930013341128698,True,2889.483739305515,639.525,3.5,-12.4,63.9,27.8,94.4,198.5,123000.0,102400.0,67347.84412,0.44297540633530025,29.376444541282932,34.75577199431061,21.30513244240967,-14.1,-10.8,-12.9,887.375,1144.1000000000001,1121.4
Iowa,2018,22.686646008444974,22.68664600844497,3449168.23175927,435.6788852364667,12,0.9999999999999997,0.9999999999999998,152035.1765737138,5.207194283957941,True,3449.1682317592704,1222.7,3.0,-18.5,57.9,28.0,89.1,193.5,123100.0,95200.0,67347.84412,0.44297540633530025,19.005363129923794,29.376444541282932,34.75577199431061,-12.4,-14.1,-10.8,639.525,887.375,1144.1000000000001
Iowa,2019,25.366763468474232,25.36676346847423,3856640.363033112,500.38272374585824,12,0.9999999999999997,0.9999999999999998,152035.1765737138,5.069472278854671,True,3856.640363033112,1107.6,3.0,-7.3,58.6,30.1,83.1,179.1,112400.0,92800.0,67347.84412,0.44297540633530025,22.686646008444974,19.005363129923794,29.376444541282932,-18.5,-12.4,-14.1,1222.7,639.525,887.375
Jackson,2001,28.496887196055635,19.285328583581798,3244987.5783986044,305.4697052405488,12,0.6767521115868108,0.6767521115868107,168261.98030979699,9.328875075718274,True,3244.9875783986045,1111.8,3.0,12.4,55.1,47.8,56.4,146.9,84300.0,43700.0,14936.150888,0.08876723583366948,19.97167298325746,,,9.3,,,1005.6,,
Jackson,2002,29.011199216908057,19.633390329708153,3303553.137071912,333.22765778517976,12,0.6767521115868108,0.6767521115868107,168261.98030979699,8.706119837030624,True,3303.5531370719123,1304.0,3.0,-4.6,45.5,46.9,55.1,152.1,85000.0,43900.0,14936.150888,0.08876723583366948,28.496887196055635,19.97167298325746,,12.4,9.3,,1111.8,1005.6,
Jackson,2003,13.070320030793019,8.845366679954564,1488338.914135449,196.87493075184295,12,0.6767521115868108,0.6767521115868107,168261.98030979699,6.638895049196439,True,1488.3389141354492,867.7,3.0,-6.6,47.1,45.2,25.0,123.9,87000.0,42800.0,14936.150888,0.08876723583366948,29.011199216908057,28.496887196055635,19.97167298325746,-4.6,12.4,9.3,1304.0,1111.8,1005.6
Jackson,2004,24.592478476570882,16.643011738172543,2800386.1133841085,321.09297331974267,12,0.6767521115868108,0.6767521115868107,168261.98030979699,7.65898992504013,True,2800.3861133841087,1060.5,3.0,-5.9,55.6,38.9,55.4,155.8,91000.0,43800.0,14936.150888,0.08876723583366948,13.070320030793019,29.011199216908057,28.496887196055635,-6.6,-4.6,12.4,867.7,1304.0,1111.8
Jackson,2005,7.32229490921591,4.955378541473222,833801.8065729577,136.85978667191222,12,0.6767521115868108,0.6767521115868107,168261.98030979699,5.3502165152202945,True,833.8018065729576,544.3,3.0,11.2,53.3,37.3,46.2,125.6,92000.0,43200.0,14936.150888,0.08876723583366948,24.592478476570882,13.070320030793019,29.011199216908057,-5.9,-6.6,-4.6,1060.5,867.7,1304.0
Jackson,2006,17.2377700813635,11.6656973016107,1962893.3296636713,189.6868072267092,12,0.6767521115868108,0.6767521115868107,168261.98030979699,9.087490233709994,True,1962.8933296636712,1126.5,3.0,-5.9,54.1,35.4,63.2,158.6,87600.0,48600.0,14936.150888,0.08876723583366948,7.32229490921591,24.592478476570882,13.070320030793019,11.2,-5.9,-6.6,544.3,1060.5,867.7
Jackson,2007,31.924884040307763,21.60523268644235,3635339.2368747448,379.2711368839476,12,0.6767521115868108,0.6767521115868107,168261.98030979699,8.417430417352426,True,3635.339236874745,1048.3333333333333,3.0,-25.8,40.5,37.8,47.6,151.7,102600.0,37900.0,14936.150888,0.08876723583366948,17.2377700813635,7.32229490921591,24.592478476570882,-5.9,11.2,-5.9,1126.5,544.3,1060.5
Jackson,2008,53.637054781229935,36.29899008249478,6107739.954526255,729.5345360694326,12,0.6767521115868108,0.6767521115868107,168261.98030979699,7.3522296929511075,True,6107.739954526255,1198.6,3.0,-9.7,55.2,35.2,51.7,151.8,90000.0,49600.0,14936.150888,0.08876723583366948,31.924884040307763,17.2377700813635,7.32229490921591,-25.8,-5.9,11.2,1048.3333333333333,1126.5,544.3
Jackson,2009,28.229517592963568,19.10438564011511,3214541.760407818,426.73460214156,12,0.6767521115868108,0.6767521115868107,168261.98030979699,6.615239882422057,True,3214.541760407818,1269.6666666666667,3.0,-24.2,43.9,32.6,57.1,157.8,102500.0,48300.0,14936.150888,0.08876723583366948,53.637054781229935,31.924884040307763,17.2377700813635,-9.7,-25.8,-5.9,1198.6,1048.3333333333333,1126.5
Jackson,2010,48.09860177339563,32.550830314518606,5477067.169449071,579.8702076053419,12,0.6767521115868108,0.6767521115868107,168261.98030979699,8.29471856676786,True,5477.067169449071,995.0666666666667,3.0,-16.6,43.7,31.7,62.2,154.2,102500.0,54300.0,14936.150888,0.08876723583366948,28.229517592963568,53.637054781229935,31.924884040307763,-24.2,-9.7,-25.8,1269.6666666666667,1198.6,1048.3333333333333
Jackson,2011,39.20836478359343,26.5343436591628,4464721.210311438,401.1068447205197,12,0.6767521115868108,0.6767521115868107,168261.98030979699,9.775042560271629,True,4464.721210311438,899.0666666666666,2.4166666666666665,-9.0,65.5,31.9,59.9,166.3,105000.0,46500.0,14936.150888,0.08876723583366948,48.09860177339563,28.229517592963568,53.637054781229935,-16.6,-24.2,-9.7,995.0666666666667,1269.6666666666667,1198.6
Jackson,2012,14.250207812866838,9.6438582279085,1622694.6832548135,185.93191631892162,12,0.6767521115868108,0.6767521115868107,168261.98030979699,7.6642074663631305,True,1622.6946832548135,569.5,2.0,18.9,61.7,32.7,45.5,121.0,108700.0,48100.0,14936.150888,0.08876723583366948,39.20836478359343,48.09860177339563,28.229517592963568,-9.0,-16.6,-24.2,899.0666666666666,995.0666666666667,1269.6666666666667
Jackson,2013,34.82388873455306,23.567140234772936,3965453.686141588,367.6016717858902,12,0.6767521115868108,0.6767521115868107,168261.98030979699,9.473267236618078,True,3965.4536861415877,845.65,2.0,-10.7,60.5,32.4,52.7,156.3,106000.0,50100.0,14936.150888,0.08876723583366948,14.250207812866838,39.20836478359343,48.09860177339563,18.9,-9.0,-16.6,569.5,899.0666666666666,995.0666666666667
Jackson,2014,29.425271459175,19.913614594011793,3350704.2267144984,313.0122211969416,12,0.6767521115868108,0.6767521115868107,168261.98030979699,9.400678141784487,True,3350.7042267144984,944.3999999999999,2.0,-19.6,57.0,32.3,62.2,171.1,109300.0,52400.0,14936.150888,0.08876723583366948,34.82388873455306,14.250207812866838,39.20836478359343,-10.7,18.9,-9.0,845.65,569.5,899.0666666666666
Jackson,2015,20.02649309850271,13.5529714920904,2280449.8223413546,266.292724264451,12,0.6767521115868108,0.6767521115868107,168261.98030979699,7.520480761845645,True,2280.449822341355,1056.8,2.0,-21.0,54.8,32.9,67.3,176.0,113200.0,52700.0,14936.150888,0.08876723583366948,29.425271459175,34.82388873455306,14.250207812866838,-19.6,-10.7,18.9,944.3999999999999,845.65,569.5
Jackson,2016,33.514498030883374,22.68100731117233,3816351.20559884,397.73747853915893,12,0.6767521115868108,0.6767521115868107,168261.98030979699,8.426286140792671,True,3816.35120559884,965.0,2.0,-23.9,57.7,33.7,70.9,186.2,109100.0,51800.0,14936.150888,0.08876723583366948,20.02649309850271,29.425271459175,34.82388873455306,-21.0,-19.6,-10.7,1056.8,944.3999999999999,845.65
Jackson,2017,26.6990085295757,18.068610399664625,3040260.167293762,328.94928819277976,12,0.6767521115868108,0.6767521115868107,168261.98030979699,8.116451224520913,True,3040.2601672937617,848.5,2.0,-18.0,58.6,37.3,69.8,183.7,113200.0,54200.0,14936.150888,0.08876723583366948,33.514498030883374,20.02649309850271,29.425271459175,-23.9,-21.0,-19.6,965.0,1056.8,944.3999999999999
Jackson,2018,40.51137779965806,27.416160469209633,4613097.453040386,576.9944690272613,12,0.6767521115868108,0.6767521115868107,168261.98030979699,7.021103316285691,True,4613.0974530403855,1238.3,2.0,-27.0,54.0,35.4,64.2,180.6,115600.0,51100.0,14936.150888,0.08876723583366948,26.6990085295757,33.514498030883374,20.02649309850271,-18.0,-23.9,-21.0,848.5,965.0,1056.8
Jackson,2019,35.23471237395904,23.8451660002307,4012234.85201466,595.2703662279561,12,0.6767521115868108,0.6767521115868107,168261.98030979699,5.919110772678052,True,4012.2348520146597,1149.9,2.0,-18.7,54.5,36.4,60.3,169.9,108000.0,49450.0,14936.150888,0.08876723583366948,40.51137779965806,26.6990085295757,33.514498030883374,-27.0,-18.0,-23.9,1238.3,848.5,965.0
Jasper,2001,22.03386509623688,22.03386509623693,4177740.1444221656,236.6872436695527,12,1.0000000000000022,1.0000000000000022,189605.41539921035,9.3092744478444,True,4177.740144422166,834.05,2.0,4.2,58.9,26.6,80.1,161.4,155700.0,142000.0,101881.319244,0.5373333827490684,2.487955769446406,,,13.5,,,728.35,,
Jasper,2002,11.279930665246663,11.279930665246692,2138735.9394583907,107.08854100517013,12,1.0000000000000022,1.0000000000000022,189605.41539921035,10.533275137908621,True,2138.7359394583905,757.3,2.0,-9.4,57.2,23.8,90.3,180.7,157000.0,142000.0,101881.319244,0.5373333827490684,22.03386509623688,2.487955769446406,,4.2,13.5,,834.05,728.35,
Jasper,2003,15.048366428549247,15.038393132955491,2851360.7769106585,142.81136489054848,12,0.9735647127879444,0.6827765534553092,189605.41539921035,10.537233111722173,True,2851.3607769106584,801.5,2.0,-12.3,61.3,23.8,35.0,132.4,159500.0,139400.0,101881.319244,0.5373333827490684,11.279930665246663,22.03386509623688,2.487955769446406,-9.4,4.2,13.5,757.3,834.05,728.35
Jasper,2004,25.18048552798682,25.180485527986882,4774356.418487758,233.54384547686965,12,1.0000000000000022,1.0000000000000022,189605.41539921035,10.781909271285299,True,4774.356418487759,868.1,2.0,-4.7,66.3,23.6,91.9,186.5,159500.0,141400.0,101881.319244,0.5373333827490684,15.048366428549247,11.279930665246663,22.03386509623688,-12.3,-9.4,4.2,801.5,757.3,834.05
Jasper,2005,17.129547676536674,17.12954767653671,3247855.0028103217,163.8969449426763,12,1.0000000000000022,1.0000000000000022,189605.41539921035,10.45141365052766,True,3247.855002810322,776.6,2.0,2.5,71.6,23.9,94.2,187.2,163500.0,133900.0,101881.319244,0.5373333827490684,25.18048552798682,15.048366428549247,11.279930665246663,-4.7,-12.3,-9.4,868.1,801.5,757.3
Jasper,2006,16.9904393388815,16.960353618524817,3215774.893157898,154.25793005055672,12,0.9735647127879444,0.6827765534553092,189605.41539921035,11.014305282919997,True,3215.774893157898,818.6,2.0,6.5,69.9,24.3,87.6,175.3,160800.0,138000.0,101881.319244,0.5373333827490684,17.129547676536674,25.18048552798682,15.048366428549247,2.5,-4.7,-12.3,776.6,868.1,801.5
Jasper,2007,38.766868808616884,38.76686880861698,7350408.264184511,423.8517777408695,12,1.0000000000000022,1.0000000000000022,189605.41539921035,9.14632681623853,True,7350.408264184512,1025.3500000000001,2.0,3.9,75.1,24.2,82.9,178.3,181900.0,119300.0,101881.319244,0.5373333827490684,16.9904393388815,17.129547676536674,25.18048552798682,6.5,2.5,-4.7,818.6,776.6,868.1
Jasper,2008,33.91859031063016,31.91529507228569,6051312.779769099,561.2780108365062,12,0.8945031271945546,0.5739837742180274,189605.41539921035,6.0430997929313595,True,6051.3127797690995,1041.95,2.0,11.1,81.9,23.0,82.6,176.4,166000.0,133600.0,101881.319244,0.5373333827490684,38.766868808616884,16.9904393388815,17.129547676536674,3.9,6.5,2.5,1025.3500000000001,818.6,776.6
Jasper,2009,29.740637282679362,26.714033885851467,5065125.4919154495,439.9489918023324,12,0.8934959435545085,0.5739837742180274,189605.41539921035,6.760019419715305,True,5065.12549191545,1007.25,2.0,-2.6,70.3,21.3,84.9,179.1,182000.0,127100.0,101881.319244,0.5373333827490684,33.91859031063016,38.766868808616884,16.9904393388815,11.1,3.9,6.5,1041.95,1025.3500000000001,818.6
Jasper,2010,32.360936908012384,32.360936908012455,6135808.88515134,730.3524308813754,12,1.0000000000000022,1.0000000000000022,189605.41539921035,4.430865913454936,True,6135.808885151339,1282.1000000000001,2.0,0.4,63.2,20.0,72.9,155.7,169000.0,138000.0,101881.319244,0.5373333827490684,29.740637282679362,33.91859031063016,38.766868808616884,-2.6,11.1,3.9,1007.25,1041.95,1025.3500000000001
Jasper,2011,15.03770652661867,15.032808490024575,2850301.8983678855,247.3993668878492,12,0.9735647127879444,0.6827765534553092,189605.41539921035,6.078312453174363,True,2850.3018983678853,753.6,2.0,12.4,83.7,19.0,81.6,171.9,180500.0,129100.0,101881.319244,0.5373333827490684,32.360936908012384,29.740637282679362,33.91859031063016,0.4,-2.6,11.1,1282.1000000000001,1007.25,1041.95
Jasper,2012,3.6460139500318545,3.5676975434516685,676454.7747448961,60.91235767131736,12,0.8413882767276557,0.6827765534553092,189605.41539921035,5.985672020291383,True,676.4547747448961,628.65,2.0,14.5,79.8,17.4,75.0,157.7,177500.0,132900.0,101881.319244,0.5373333827490684,15.03770652661867,32.360936908012384,29.740637282679362,12.4,0.4,-2.6,753.6,1282.1000000000001,1007.25
Jasper,2013,26.630055428531854,26.603890051734293,5044241.624493999,279.9464334925887,12,0.920694138363829,0.6827765534553092,189605.41539921035,9.512553918368408,True,5044.241624494,862.9,2.0,2.6,74.2,16.8,60.2,148.6,167500.0,138900.0,101881.319244,0.5373333827490684,3.6460139500318545,15.03770652661867,32.360936908012384,14.5,12.4,0.4,628.65,753.6,1282.1000000000001
Jasper,2014,23.104428378946324,22.962329399097204,4353782.004249325,320.92962375810345,12,0.9735647127879444,0.6827765534553092,189605.41539921035,7.19921960098049,True,4353.782004249325,1018.5,2.0,-10.4,68.5,16.5,88.6,184.0,169200.0,139800.0,101881.319244,0.5373333827490684,26.630055428531854,3.6460139500318545,15.03770652661867,2.6,14.5,12.4,862.9,628.65,753.6
Jasper,2015,38.14623495359144,38.14623495359153,7232732.7242916,460.0065531884094,12,1.0000000000000022,1.0000000000000022,189605.41539921035,8.292541636459582,True,7232.7327242916,1073.05,2.0,-14.7,66.6,15.8,96.5,193.6,168500.0,140400.0,101881.319244,0.5373333827490684,23.104428378946324,26.630055428531854,3.6460139500318545,-10.4,2.6,14.5,1018.5,862.9,628.65
Jasper,2016,20.317646657745954,20.317646657745993,3852335.8344763075,293.36407259271834,12,1.0000000000000022,1.0000000000000022,189605.41539921035,6.925744682428527,True,3852.3358344763074,891.4499999999999,2.0,-18.6,70.9,15.5,97.1,202.1,177800.0,133500.0,101881.319244,0.5373333827490684,38.14623495359144,23.104428378946324,26.630055428531854,-14.7,-10.4,2.6,1073.05,1018.5,862.9
Jasper,2017,15.543321080842043,15.533238589971592,2945186.155346608,208.3511545065959,12,0.9655058314915502,0.5860699778985797,189605.41539921035,7.460155964890504,True,2945.186155346608,760.25,2.0,-10.1,72.2,15.2,103.3,200.8,170900.0,141500.0,101881.319244,0.5373333827490684,20.317646657745954,38.14623495359144,23.104428378946324,-18.6,-14.7,-10.4,891.4499999999999,1073.05,1018.5
Jasper,2018,25.333444194981432,25.33344419498149,4803358.21008218,477.94983806816424,12,1.0000000000000022,1.0000000000000022,189605.41539921035,5.300439957753145,True,4803.3582100821795,1204.35,2.0,-22.4,65.1,15.5,103.8,206.8,171300.0,141400.0,101881.319244,0.5373333827490684,15.543321080842043,20.317646657745954,38.14623495359144,-10.1,-18.6,-14.7,760.25,891.4499999999999,1073.05
Jasper,2019,21.929543291824583,21.929543291824636,4157960.165361376,447.22185518898294,12,1.0000000000000022,1.0000000000000022,189605.41539921035,4.903504387673048,True,4157.960165361376,1064.55,2.0,-22.2,65.9,16.2,88.5,192.8,178200.0,133600.0,101881.319244,0.5373333827490684,25.333444194981432,15.543321080842043,20.317646657745954,-22.4,-10.1,-18.6,1204.35,760.25,891.4499999999999
Jefferson,2001,21.657431780997754,21.454611470251717,2426203.502000235,344.4538327256182,12,0.8474659094259169,0.08479545655549378,113085.40848499315,6.287470111633052,True,2426.203502000235,1110.8999999999999,2.0,11.3,57.8,28.1,67.6,142.2,40900.0,54400.0,25738.029599999998,0.22759814855703092,8.083769582933433,,,-2.6,,,824.45,,
Jefferson,2002,9.96724481980814,9.448657896842983,1068505.3378994449,176.1563097050416,12,0.7711988641388746,0.08479545655549378,113085.40848499315,5.658182120468704,True,1068.5053378994448,832.0,2.0,-8.1,49.9,21.9,48.9,128.8,63000.0,60800.0,25738.029599999998,0.22759814855703092,21.657431780997754,8.083769582933433,,11.3,-2.6,,1110.8999999999999,824.45,
Jefferson,2003,4.712004662354062,1.8292094942055122,206856.90285685807,101.45718828019358,12,0.61866477356479,0.08479545655549378,113085.40848499315,4.644328058196283,True,206.85690285685806,807.85,2.0,-10.6,55.5,20.8,36.2,123.1,65000.0,61600.0,25738.029599999998,0.22759814855703092,9.96724481980814,21.657431780997754,8.083769582933433,-8.1,11.3,-2.6,832.0,1110.8999999999999,824.45
Jefferson,2004,12.353860888290479,12.353860888290498,1397041.404919111,201.0783515910863,12,1.0000000000000016,1.0000000000000016,113085.40848499315,6.1438045371554155,True,1397.0414049191108,896.6,2.0,-8.3,58.2,19.9,90.5,176.9,67000.0,60700.0,25738.029599999998,0.22759814855703092,4.712004662354062,9.96724481980814,21.657431780997754,-10.6,-8.1,11.3,807.85,832.0,1110.8999999999999
Jefferson,2005,6.951016916191529,6.852446484781482,774911.7098530693,127.54528055396781,12,0.9237329547129592,0.08479545655549378,113085.40848499315,5.449842507696997,True,774.9117098530693,695.0,2.0,6.9,63.7,19.4,87.3,163.5,67500.0,60400.0,25738.029599999998,0.22759814855703092,12.353860888290479,4.712004662354062,9.96724481980814,-8.3,-10.6,-8.1,896.6,807.85,832.0
Jefferson,2006,6.081430221415228,5.872399637204784,664082.7117604286,90.17204132789301,12,0.8474659094259169,0.08479545655549378,113085.40848499315,6.744252577471652,True,664.0827117604287,860.9499999999999,2.0,-6.9,60.7,19.4,76.2,163.2,63800.0,63500.0,25738.029599999998,0.22759814855703092,6.951016916191529,12.353860888290479,4.712004662354062,6.9,-8.3,-10.6,695.0,896.6,807.85
Jefferson,2007,24.022087888336518,24.022087888336557,2716547.6215149458,356.8148386110164,12,1.0000000000000016,1.0000000000000016,113085.40848499315,6.732367964809986,True,2716.5476215149456,1185.55,2.0,-15.5,55.6,20.5,57.8,149.4,78000.0,48300.0,25738.029599999998,0.22759814855703092,6.081430221415228,6.951016916191529,12.353860888290479,-6.9,6.9,-8.3,860.9499999999999,695.0,896.6
Jefferson,2008,24.93040164030001,22.79873038103671,2578203.73807876,581.1008853568468,12,0.9168349080661731,0.002018896794060323,113085.40848499315,4.2902019715544855,True,2578.20373807876,1208.4,2.0,-1.2,68.5,20.7,60.2,150.6,66000.0,58900.0,25738.029599999998,0.22759814855703092,24.022087888336518,6.081430221415228,6.951016916191529,-15.5,-6.9,6.9,1185.55,860.9499999999999,695.0
Jefferson,2009,24.51801529906209,22.498678180519647,2544272.212416467,577.0129287253153,12,0.9168349080661731,0.002018896794060323,113085.40848499315,4.249127546106301,True,2544.2722124164666,1260.25,2.0,-9.0,54.5,18.9,74.7,157.1,76400.0,54400.0,25738.029599999998,0.22759814855703092,24.93040164030001,24.022087888336518,6.081430221415228,-1.2,-15.5,-6.9,1208.4,1185.55,860.9499999999999
Jefferson,2010,29.007394254996495,29.00739425499654,3280313.0284115276,789.9230199684063,12,1.0000000000000016,1.0000000000000016,113085.40848499315,3.6721798861054427,True,3280.3130284115277,1370.55,2.0,7.5,50.3,18.8,71.4,133.0,67000.0,58800.0,25738.029599999998,0.22759814855703092,24.51801529906209,24.93040164030001,24.022087888336518,-9.0,-1.2,-15.5,1260.25,1208.4,1185.55
Jefferson,2011,19.404499285572946,19.367514903044523,2190183.334149982,328.8959809618128,12,0.9237329547129592,0.08479545655549378,113085.40848499315,5.899889451013373,True,2190.183334149982,946.5,2.0,14.0,67.1,17.1,56.8,127.0,73500.0,60400.0,25738.029599999998,0.22759814855703092,29.007394254996495,24.51801529906209,24.93040164030001,7.5,-9.0,-1.2,1370.55,1260.25,1208.4
Jefferson,2012,2.7025609197100287,2.6729314381582907,302269.54353651055,63.4274287943526,12,0.8474659094259169,0.08479545655549378,113085.40848499315,4.260871000261416,True,302.2695435365105,723.45,2.0,8.1,58.0,15.3,65.4,130.6,70400.0,65200.0,25738.029599999998,0.22759814855703092,19.404499285572946,29.007394254996495,24.51801529906209,14.0,7.5,-9.0,946.5,1370.55,1260.25
Jefferson,2013,18.589406709566852,18.559756091770677,2098837.599019727,312.9994206721219,12,0.8474659094259169,0.08479545655549378,113085.40848499315,5.939118567583523,True,2098.8375990197273,982.85,2.0,-15.6,51.0,16.1,58.4,141.1,71900.0,66800.0,25738.029599999998,0.22759814855703092,2.7025609197100287,19.404499285572946,29.007394254996495,8.1,14.0,7.5,723.45,946.5,1370.55
Jefferson,2014,11.312003265622415,11.312003265622435,1279222.5100764895,272.8712623646531,12,1.0000000000000016,1.0000000000000016,113085.40848499315,4.145545840039965,True,1279.2225100764895,1054.35,2.0,-30.1,52.5,17.4,75.0,175.0,73000.0,67000.0,25738.029599999998,0.22759814855703092,18.589406709566852,2.7025609197100287,19.404499285572946,-15.6,8.1,14.0,982.85,723.45,946.5
Jefferson,2015,24.983097535056118,24.983097535056157,2825223.789972251,378.0277854279864,12,1.0000000000000016,1.0000000000000016,113085.40848499315,6.60879927298766,True,2825.223789972251,1096.35,2.0,-19.8,49.1,19.5,77.6,166.0,73100.0,60900.0,25738.029599999998,0.22759814855703092,11.312003265622415,18.589406709566852,2.7025609197100287,-30.1,-15.6,8.1,1054.35,982.85,723.45
Jefferson,2016,11.25345994276537,11.253459942765385,1272602.1144971317,220.36298905271224,12,1.0000000000000016,1.0000000000000016,113085.40848499315,5.1067831268496136,True,1272.6021144971317,832.85,2.0,-21.9,52.1,20.1,96.1,190.2,72300.0,68300.0,25738.029599999998,0.22759814855703092,24.983097535056118,11.312003265622415,18.589406709566852,-19.8,-30.1,-15.6,1096.35,1054.35,982.85
Jefferson,2017,12.833640169003369,12.519569658166164,1415780.6488500463,168.26348791513033,12,0.6949318188518322,0.08479545655549378,113085.40848499315,7.627109320042427,True,1415.7806488500464,738.65,2.0,-13.3,52.9,21.9,70.4,158.5,71400.0,64400.0,25738.029599999998,0.22759814855703092,11.25345994276537,24.983097535056118,11.312003265622415,-21.9,-19.8,-30.1,832.85,1096.35,1054.35
Jefferson,2018,12.520508588458883,11.225751408350375,1269468.6835642895,306.74711112004087,12,0.9237329547129592,0.08479545655549378,113085.40848499315,4.081703831779257,True,1269.4686835642894,1015.5500000000001,2.0,-20.9,48.1,21.0,116.4,206.4,69900.0,68500.0,25738.029599999998,0.22759814855703092,12.833640169003369,11.25345994276537,24.983097535056118,-13.3,-21.9,-19.8,738.65,832.85,1096.35
Jefferson,2019,20.054045714966897,20.05404571496692,2267819.9514537617,472.66782892215844,12,1.0000000000000016,1.0000000000000016,113085.40848499315,4.242735487349935,True,2267.819951453762,1146.25,2.0,-11.7,48.6,21.6,91.1,173.0,68900.0,64200.0,25738.029599999998,0.22759814855703092,12.520508588458883,12.833640169003369,11.25345994276537,-20.9,-13.3,-21.9,1015.5500000000001,738.65,832.85
Johnson,2001,24.868339998561435,24.86833999856154,4011103.517889356,308.2659711823627,12,1.0000000000000044,1.0000000000000044,161293.57721992582,8.067170016586076,True,4011.1035178893558,936.9857142857144,7.0,-4.3,54.7,24.4,73.5,156.9,100000.0,91500.0,60114.486555999996,0.37270229597569865,8.123319029188437,,,0.2,,,784.5428571428571,,
Johnson,2002,10.196983890407477,10.196983890407523,1644708.0085377854,152.9086884953333,12,1.0000000000000044,1.0000000000000044,161293.57721992582,6.6686752667548275,True,1644.7080085377854,892.0285714285714,7.0,-13.7,52.0,26.4,76.3,168.4,100500.0,86400.0,60114.486555999996,0.37270229597569865,24.868339998561435,8.123319029188437,,-4.3,0.2,,936.9857142857144,784.5428571428571,
Johnson,2003,9.040553607990901,9.04055360799094,1458183.2314813663,126.64515552314093,12,1.0000000000000044,1.0000000000000044,161293.57721992582,7.138491457210922,True,1458.1832314813664,698.3285714285714,7.0,-12.8,54.4,26.4,33.4,127.0,101000.0,88600.0,60114.486555999996,0.37270229597569865,10.196983890407477,24.868339998561435,8.123319029188437,-13.7,-4.3,0.2,892.0285714285714,936.9857142857144,784.5428571428571
Johnson,2004,18.004628771210953,18.004628771211035,2904030.981025425,242.46218319051485,12,1.0000000000000044,1.0000000000000044,161293.57721992582,7.425747196652025,True,2904.030981025425,880.1428571428571,7.0,-3.4,60.4,29.2,70.9,163.9,108000.0,83900.0,60114.486555999996,0.37270229597569865,9.040553607990901,10.196983890407477,24.868339998561435,-12.8,-13.7,-4.3,698.3285714285714,892.0285714285714,936.9857142857144
Johnson,2005,12.362952417660727,12.36295241766078,1994064.820444238,155.97803168489315,12,1.0000000000000044,1.0000000000000044,161293.57721992582,7.9260856699591935,True,1994.064820444238,517.0428571428571,7.0,15.6,62.6,30.5,67.2,144.7,102000.0,84500.0,60114.486555999996,0.37270229597569865,18.004628771210953,9.040553607990901,10.196983890407477,-3.4,-12.8,-13.7,880.1428571428571,698.3285714285714,892.0285714285714
Johnson,2006,10.24156025347407,10.241560253474114,1651897.8895962504,122.92327176680372,12,1.0000000000000044,1.0000000000000044,161293.57721992582,8.331669102416353,True,1651.8978895962505,825.6,7.0,1.6,59.6,32.3,74.6,164.9,101500.0,84500.0,60114.486555999996,0.37270229597569865,12.362952417660727,18.004628771210953,9.040553607990901,15.6,-3.4,-12.8,517.0428571428571,880.1428571428571,698.3285714285714
Johnson,2007,35.44993622205573,35.4499362220559,5717847.025473616,416.5800074924725,12,1.0000000000000044,1.0000000000000044,161293.57721992582,8.50975456922193,True,5717.847025473616,1070.0857142857144,7.0,0.2,61.3,34.9,63.3,159.3,117600.0,71400.0,60114.486555999996,0.37270229597569865,10.24156025347407,12.362952417660727,18.004628771210953,1.6,15.6,-3.4,825.6,517.0428571428571,880.1428571428571
Johnson,2008,40.73649511610026,39.995385787751715,6450998.845997456,671.6947412310208,12,0.927661804184082,0.624717566462125,161293.57721992582,6.064733370018966,True,6450.998845997457,1165.2714285714285,7.0,14.6,70.3,34.0,63.5,153.2,103000.0,78200.0,60114.486555999996,0.37270229597569865,35.44993622205573,10.24156025347407,12.362952417660727,0.2,1.6,15.6,1070.0857142857144,825.6,517.0428571428571
Johnson,2009,29.116310337788484,27.04315045866391,4361886.476774581,540.8398438607453,12,0.9061793916155345,0.624717566462125,161293.57721992582,5.383536488351866,True,4361.886476774581,1139.4857142857143,7.0,-6.9,57.6,30.1,76.1,170.7,110500.0,83000.0,60114.486555999996,0.37270229597569865,40.73649511610026,35.44993622205573,10.24156025347407,14.6,0.2,1.6,1165.2714285714285,1070.0857142857144,825.6
Johnson,2010,31.621729205379715,31.621729205379854,5100381.821415519,533.8290047400726,12,1.0000000000000044,1.0000000000000044,161293.57721992582,5.923568956463258,True,5100.381821415519,1071.142857142857,7.0,3.4,57.8,28.7,72.8,155.9,106500.0,86000.0,60114.486555999996,0.37270229597569865,29.116310337788484,40.73649511610026,35.44993622205573,-6.9,14.6,0.2,1139.4857142857143,1165.2714285714285,1070.0857142857144
Johnson,2011,17.67527856265176,17.67527856265184,2850908.907728784,275.5515799532861,12,1.0000000000000044,1.0000000000000044,161293.57721992582,6.4145081533004555,True,2850.9089077287836,808.3571428571429,7.0,8.6,72.9,26.6,81.8,172.7,117500.0,82100.0,60114.486555999996,0.37270229597569865,31.621729205379715,29.116310337788484,40.73649511610026,3.4,-6.9,14.6,1071.142857142857,1139.4857142857143,1165.2714285714285
Johnson,2012,4.511375782150164,4.511375782150185,727655.938086344,94.98946630895885,12,1.0000000000000044,1.0000000000000044,161293.57721992582,4.749343224517809,True,727.655938086344,615.6142857142858,7.0,5.7,58.5,23.7,67.6,144.1,113800.0,87600.0,60114.486555999996,0.37270229597569865,17.67527856265176,31.621729205379715,29.116310337788484,8.6,3.4,-6.9,808.3571428571429,1071.142857142857,1139.4857142857143
Johnson,2013,25.1995057013159,25.199505701316006,4064518.4187391745,375.8887787707672,12,1.0000000000000044,1.0000000000000044,161293.57721992582,6.703979241871336,True,4064.5184187391746,880.8,7.0,-15.2,58.6,23.5,65.3,162.6,108700.0,84600.0,60114.486555999996,0.37270229597569865,4.511375782150164,17.67527856265176,31.621729205379715,5.7,8.6,3.4,615.6142857142858,808.3571428571429,1071.142857142857
Johnson,2014,20.27741438298293,20.277414382983018,3270616.7026021066,345.59684614020296,12,1.0000000000000044,1.0000000000000044,161293.57721992582,5.867360946562781,True,3270.6167026021067,952.2190476190476,6.333333333333333,-18.9,52.8,22.5,78.5,172.7,107500.0,91100.0,60114.486555999996,0.37270229597569865,25.1995057013159,4.511375782150164,17.67527856265176,-15.2,5.7,8.6,880.8,615.6142857142858,808.3571428571429
Johnson,2015,32.179318859256625,32.17931885925676,5190317.451310145,371.1311551239772,12,1.0000000000000044,1.0000000000000044,161293.57721992582,8.670605637650404,True,5190.317451310145,956.8666666666667,6.0,-14.6,57.9,21.4,90.0,183.9,108400.0,89900.0,60114.486555999996,0.37270229597569865,20.27741438298293,25.1995057013159,4.511375782150164,-18.9,-15.2,5.7,952.2190476190476,880.8,615.6142857142858
Johnson,2016,28.93706988093279,28.93706988093292,4667363.515358643,372.34145583245834,12,1.0000000000000044,1.0000000000000044,161293.57721992582,7.771648691719554,True,4667.363515358643,885.6666666666666,6.0,-10.1,61.4,20.5,95.8,187.8,105900.0,94500.0,60114.486555999996,0.37270229597569865,32.179318859256625,20.27741438298293,25.1995057013159,-14.6,-18.9,-15.2,956.8666666666667,952.2190476190476,880.8
Johnson,2017,18.8251356600877,18.82513566008778,3036373.4722659476,247.69113076239577,12,1.0000000000000044,1.0000000000000044,161293.57721992582,7.600246162284352,True,3036.3734722659474,728.2333333333333,6.0,-20.3,62.4,19.8,94.6,197.1,107400.0,92200.0,60114.486555999996,0.37270229597569865,28.93706988093279,32.179318859256625,20.27741438298293,-10.1,-14.6,-18.9,885.6666666666666,956.8666666666667,952.2190476190476
Johnson,2018,22.75003805594131,22.75003805594141,3669435.019932237,448.2813499257915,12,1.0000000000000044,1.0000000000000044,161293.57721992582,5.074946361187533,True,3669.435019932237,1230.0333333333333,3.0,-21.2,56.8,21.7,104.1,203.8,104700.0,90300.0,60114.486555999996,0.37270229597569865,18.8251356600877,28.93706988093279,32.179318859256625,-20.3,-10.1,-14.6,728.2333333333333,885.6666666666666,956.8666666666667
Johnson,2019,25.254221570504317,25.25422157050443,4073343.737011272,507.24995944267124,12,1.0000000000000044,1.0000000000000044,161293.57721992582,4.978654231584718,True,4073.343737011272,1170.5666666666666,3.0,-8.3,57.4,24.9,91.4,182.0,101100.0,84800.0,60114.486555999996,0.37270229597569865,22.75003805594131,18.8251356600877,28.93706988093279,-21.2,-20.3,-10.1,1230.0333333333333,728.2333333333333,885.6666666666666
Jones,2001,28.152797066068675,28.152797066068757,4205962.519694285,319.4981727229496,12,1.0000000000000029,1.0000000000000029,149397.6783132335,8.811567473495742,True,4205.962519694284,987.5666666666667,3.0,-10.2,58.3,23.8,70.1,162.4,128400.0,88500.0,65448.652722,0.4380834659610812,19.028370073746842,,,5.3,,,870.35,,
Jones,2002,22.913859522273018,22.913859522273086,3423277.4138231766,284.4212970424977,12,1.0000000000000029,1.0000000000000029,149397.6783132335,8.056309341297066,True,3423.2774138231766,1061.5,3.0,-12.4,55.7,28.4,65.3,161.8,129500.0,82800.0,65448.652722,0.4380834659610812,28.152797066068675,19.028370073746842,,-10.2,5.3,,987.5666666666667,870.35,
Jones,2003,11.094907435768631,10.979112560453528,1640253.926471418,181.71045248199206,12,0.971876515138244,0.6625181816588974,149397.6783132335,6.105816855454785,True,1640.253926471418,849.0333333333333,3.0,-16.0,56.7,27.0,28.4,128.1,132000.0,82700.0,65448.652722,0.4380834659610812,22.913859522273018,28.152797066068675,19.028370073746842,-12.4,-10.2,5.3,1061.5,987.5666666666667,870.35
Jones,2004,25.741301348011984,25.741301348012055,3845690.6581543093,326.09123378645666,12,1.0000000000000029,1.0000000000000029,149397.6783132335,7.8938955362623675,True,3845.6906581543094,1000.225,4.0,-5.4,67.0,25.5,54.1,152.0,139000.0,76900.0,65448.652722,0.4380834659610812,11.094907435768631,22.913859522273018,28.152797066068675,-16.0,-12.4,-10.2,849.0333333333333,1061.5,987.5666666666667
Jones,2005,8.23271294386283,8.232712943862856,1229948.2000324163,149.6677755122814,12,1.0000000000000029,1.0000000000000029,149397.6783132335,5.500658318521794,True,1229.9482000324163,633.9,4.0,8.1,69.7,25.4,62.2,149.2,139000.0,74100.0,65448.652722,0.4380834659610812,25.741301348011984,11.094907435768631,22.913859522273018,-5.4,-16.0,-12.4,1000.225,849.0333333333333,1061.5
Jones,2006,17.99177328859827,17.991773288598324,2687929.15805464,198.45744244853074,12,1.0000000000000029,1.0000000000000029,149397.6783132335,9.065809307335186,True,2687.92915805464,918.05,4.0,-7.6,64.9,25.5,66.5,164.5,137500.0,77900.0,65448.652722,0.4380834659610812,8.23271294386283,25.741301348011984,11.094907435768631,8.1,-5.4,-16.0,633.9,1000.225,849.0333333333333
Jones,2007,32.731263515893886,32.73126351589398,4889974.777533205,405.9920922189549,12,1.0000000000000029,1.0000000000000029,149397.6783132335,8.06204459229754,True,4889.974777533205,1057.45,4.0,-13.3,67.2,29.3,48.8,158.6,159500.0,57900.0,65448.652722,0.4380834659610812,17.99177328859827,8.23271294386283,25.741301348011984,-7.6,8.1,-5.4,918.05,633.9,1000.225
Jones,2008,48.42678847431914,48.15779941604969,7194663.425432216,680.8546776728417,12,0.970509888243619,0.6570516740803968,149397.6783132335,7.1126468044314075,True,7194.663425432216,1275.45,4.0,6.1,79.2,27.4,47.7,148.2,146000.0,69000.0,65448.652722,0.4380834659610812,32.731263515893886,17.99177328859827,8.23271294386283,-13.3,-7.6,8.1,1057.45,918.05,633.9
Jones,2009,25.897236863393093,24.82093514869173,3708190.0847778777,418.60216660417825,12,0.9544656837276554,0.5928748560165426,149397.6783132335,6.186598859121768,True,3708.1900847778775,1268.1,4.0,-24.2,60.5,25.9,53.7,164.3,150000.0,69400.0,65448.652722,0.4380834659610812,48.42678847431914,32.731263515893886,17.99177328859827,6.1,-13.3,-7.6,1275.45,1057.45,918.05
Jones,2010,42.789250937870065,42.78925093787019,6392614.746880157,558.8629853067896,12,1.0000000000000029,1.0000000000000029,149397.6783132335,7.656483263850579,True,6392.614746880157,1141.7,4.0,1.6,77.1,25.0,55.0,155.5,154000.0,65900.0,65448.652722,0.4380834659610812,25.897236863393093,48.42678847431914,32.731263515893886,-24.2,6.1,-13.3,1268.1,1275.45,1057.45
Jones,2011,32.483203245161995,32.483203245162095,4852915.149004109,373.50759122663476,12,1.0000000000000029,1.0000000000000029,149397.6783132335,8.696798675090923,True,4852.9151490041095,926.12,4.416666666666667,21.8,99.5,23.8,62.6,164.1,159900.0,61900.0,65448.652722,0.4380834659610812,42.789250937870065,25.897236863393093,48.42678847431914,1.6,-24.2,6.1,1141.7,1268.1,1275.45
Jones,2012,12.059695815783092,12.059695815783128,1801690.5560418158,167.0296497935205,12,1.0000000000000029,1.0000000000000029,149397.6783132335,7.220092858178836,True,1801.6905560418159,671.8199999999999,5.0,36.6,94.1,22.8,51.1,131.4,156500.0,64100.0,65448.652722,0.4380834659610812,32.483203245161995,42.789250937870065,25.897236863393093,21.8,1.6,-24.2,926.12,1141.7,1268.1
Jones,2013,34.52177620335253,34.52177620335263,5157473.216029916,401.32608513747766,12,1.0000000000000029,1.0000000000000029,149397.6783132335,8.601926832522436,True,5157.473216029916,983.3199999999999,5.0,5.1,87.2,23.5,57.8,163.4,148400.0,68000.0,65448.652722,0.4380834659610812,12.059695815783092,32.483203245161995,42.789250937870065,36.6,21.8,1.6,671.8199999999999,926.12,1141.7
Jones,2014,26.279960326448105,26.279960326448176,3926165.0589352436,330.67481169932086,12,1.0000000000000029,1.0000000000000029,149397.6783132335,7.947372886188924,True,3926.1650589352435,1057.135,4.083333333333333,-5.3,75.3,24.2,57.7,162.5,154100.0,70600.0,65448.652722,0.4380834659610812,34.52177620335253,12.059695815783092,32.483203245161995,5.1,36.6,21.8,983.3199999999999,671.8199999999999,926.12
Jones,2015,21.825990653529875,21.653584253173193,3234995.2145840684,273.5474518618703,12,0.971876515138244,0.6625181816588974,149397.6783132335,7.978868201832515,True,3234.9952145840684,990.5,4.0,3.0,82.9,25.6,66.7,172.2,144600.0,75100.0,65448.652722,0.4380834659610812,26.279960326448105,34.52177620335253,12.059695815783092,-5.3,5.1,36.6,1057.135,983.3199999999999,671.8199999999999
Jones,2016,35.257497674171084,35.25749767417119,5267388.295655406,447.90384687566444,12,1.0000000000000029,1.0000000000000029,149397.6783132335,7.871666635620204,True,5267.388295655406,1015.775,4.0,1.3,88.3,26.5,70.5,184.0,153400.0,70400.0,65448.652722,0.4380834659610812,21.825990653529875,26.279960326448105,34.52177620335253,3.0,-5.3,5.1,990.5,1057.135,983.3199999999999
Jones,2017,28.719339744028666,28.719339744028748,4290602.680446869,365.4284452401174,12,1.0000000000000029,1.0000000000000029,149397.6783132335,7.8590870847937495,True,4290.602680446868,834.4166666666666,3.5833333333333335,-0.9,90.1,28.9,66.5,186.4,149200.0,76800.0,65448.652722,0.4380834659610812,35.257497674171084,21.825990653529875,26.279960326448105,1.3,3.0,-5.3,1015.775,990.5,1057.135
Jones,2018,37.66716050407757,37.667160504077685,5627386.327961133,613.7392387767046,12,1.0000000000000029,1.0000000000000029,149397.6783132335,6.137323169878329,True,5627.386327961133,1306.5666666666666,3.0,-6.5,81.6,27.8,72.7,188.6,148700.0,71800.0,65448.652722,0.4380834659610812,28.719339744028666,35.257497674171084,21.825990653529875,-0.9,1.3,3.0,834.4166666666666,1015.775,990.5
Jones,2019,32.18040452490328,32.18040452490337,4807677.723201238,572.8013236572082,12,1.0000000000000029,1.0000000000000029,149397.6783132335,5.618074399590874,True,4807.677723201237,1111.9666666666667,3.0,-4.8,82.5,27.9,65.7,180.9,144600.0,67600.0,65448.652722,0.4380834659610812,37.66716050407757,28.719339744028666,35.257497674171084,-6.5,-0.9,1.3,1306.5666666666666,834.4166666666666,1015.775
Keokuk,2001,22.232143055585453,22.18789999866393,3331354.3557132743,294.8598844187261,12,0.9670773768765878,0.8024642612595309,150142.84163502968,7.53990089205011,True,3331.3543557132743,928.35,2.0,16.1,57.0,36.6,69.0,146.5,79500.0,88900.0,63982.88003,0.4261467235682864,4.448582234145512,,,8.9,,,844.2,,
Keokuk,2002,9.352235569640548,9.256225369384792,1389755.9797736846,131.33073880968757,12,0.9506160653148821,0.8024642612595309,150142.84163502968,7.121132230279271,True,1389.7559797736847,699.25,2.0,-0.6,53.4,33.3,65.5,152.8,102000.0,88800.0,63982.88003,0.4261467235682864,22.232143055585453,4.448582234145512,,16.1,8.9,,928.35,844.2,
Keokuk,2003,8.989578149320973,8.496822556288997,1275737.0834698472,119.23794179037989,12,0.8811867494183815,0.36438394798245893,150142.84163502968,7.539192654905632,True,1275.7370834698472,769.65,2.0,-1.7,55.6,33.4,34.1,124.8,100500.0,91600.0,63982.88003,0.4261467235682864,9.352235569640548,22.232143055585453,4.448582234145512,-0.6,16.1,8.9,699.25,928.35,844.2
Keokuk,2004,18.446472632607527,18.446472632607513,2769605.8192024985,214.73389411321804,12,0.9999999999999992,0.9999999999999992,150142.84163502968,8.590387050346909,True,2769.6058192024984,823.5,2.0,2.2,64.1,33.0,86.8,181.7,104500.0,89700.0,63982.88003,0.4261467235682864,8.989578149320973,9.352235569640548,22.232143055585453,-1.7,-0.6,16.1,769.65,699.25,928.35
Keokuk,2005,12.351408034512241,12.343060049675419,1853222.110330078,143.9200707010832,12,0.9835386884382936,0.8024642612595309,150142.84163502968,8.582130327163103,True,1853.222110330078,690.8,2.0,23.2,64.6,33.4,76.8,151.6,107500.0,88500.0,63982.88003,0.4261467235682864,18.446472632607527,8.989578149320973,9.352235569640548,2.2,-1.7,-0.6,823.5,769.65,699.25
Keokuk,2006,10.975194734821407,10.856808761063096,1630072.1184740993,117.53584474357064,12,0.9305706841034985,0.36438394798245893,150142.84163502968,9.337742676513809,True,1630.0721184740994,836.4000000000001,2.0,9.6,63.1,34.5,70.4,158.4,102400.0,91400.0,63982.88003,0.4261467235682864,12.351408034512241,18.446472632607527,8.989578149320973,23.2,2.2,-1.7,690.8,823.5,769.65
Keokuk,2007,32.732434430103545,32.73243443010352,4914540.718968025,403.3500417240961,12,0.9999999999999992,0.9999999999999992,150142.84163502968,8.11514343476715,True,4914.540718968025,1186.95,2.0,2.7,63.6,36.4,65.9,163.2,123400.0,72800.0,63982.88003,0.4261467235682864,10.975194734821407,12.351408034512241,18.446472632607527,9.6,23.2,2.2,836.4000000000001,690.8,823.5
Keokuk,2008,31.120316007319946,29.283248565061164,4396670.1518631885,596.0904741550648,12,0.8740186101190256,0.36438394798245893,150142.84163502968,5.220737011681287,True,4396.670151863188,1126.0,2.0,23.2,71.8,37.8,67.3,153.7,111500.0,85700.0,63982.88003,0.4261467235682864,32.732434430103545,10.975194734821407,12.351408034512241,2.7,9.6,23.2,1186.95,836.4000000000001,690.8
Keokuk,2009,28.841206332664324,25.793461723965112,3872703.6388404933,526.5370898824128,12,0.8740186101190256,0.36438394798245893,150142.84163502968,5.4775260635685115,True,3872.703638840493,1303.1,2.0,11.4,61.6,37.7,82.8,170.7,117600.0,88700.0,63982.88003,0.4261467235682864,31.120316007319946,32.732434430103545,10.975194734821407,23.2,2.7,9.6,1126.0,1186.95,836.4000000000001
Keokuk,2010,32.6307201208184,32.63072012081837,4899269.0435370095,741.5555844869705,12,0.9999999999999992,0.9999999999999992,150142.84163502968,4.400306707068125,True,4899.26904353701,1433.6499999999999,2.0,24.7,54.6,38.7,63.9,132.5,115500.0,92200.0,63982.88003,0.4261467235682864,28.841206332664324,31.120316007319946,32.732434430103545,11.4,23.2,2.7,1303.1,1126.0,1186.95
Keokuk,2011,17.09518515201942,17.06163790780697,2561682.7984260796,287.6331128628154,12,0.9470319956652041,0.5619196867229275,150142.84163502968,5.943399555729472,True,2561.6827984260794,878.45,2.0,23.8,65.9,40.6,76.9,159.6,117100.0,93900.0,63982.88003,0.4261467235682864,32.6307201208184,28.841206332664324,31.120316007319946,24.7,11.4,23.2,1433.6499999999999,1303.1,1126.0
Keokuk,2012,3.862796789228549,3.7474837427044223,562657.8581107183,75.7578229327631,12,0.7480372202380519,0.36438394798245893,150142.84163502968,5.098875125618214,True,562.6578581107183,687.5500000000001,2.0,34.2,60.3,41.2,72.1,139.4,120200.0,93100.0,63982.88003,0.4261467235682864,17.09518515201942,32.6307201208184,28.841206332664324,23.8,24.7,11.4,878.45,1433.6499999999999,1303.1
Keokuk,2013,23.568131238249716,23.521428192588534,3531574.068149542,337.1952107858129,12,0.8575572985573198,0.36438394798245893,150142.84163502968,6.989462033973028,True,3531.5740681495417,864.35,2.0,10.6,57.2,41.0,57.3,144.9,111400.0,100500.0,63982.88003,0.4261467235682864,3.862796789228549,17.09518515201942,32.6307201208184,34.2,23.8,24.7,687.5500000000001,878.45,1433.6499999999999
Keokuk,2014,16.91036073507837,16.801509078529673,2522626.3168071946,324.5133595972534,12,0.9634933072269098,0.5619196867229275,150142.84163502968,5.210990621793032,True,2522.6263168071946,1005.55,2.0,-2.9,51.2,41.2,86.6,181.9,116400.0,101500.0,63982.88003,0.4261467235682864,23.568131238249716,3.862796789228549,17.09518515201942,10.6,34.2,23.8,864.35,687.5500000000001,878.45
Keokuk,2015,32.61843798352406,32.61843798352403,4897424.968542285,422.507926840444,12,0.9999999999999992,0.9999999999999992,150142.84163502968,7.720195506732373,True,4897.424968542286,915.6,2.0,3.7,53.1,41.1,88.7,179.2,116100.0,103300.0,63982.88003,0.4261467235682864,16.91036073507837,23.568131238249716,3.862796789228549,-2.9,10.6,34.2,1005.55,864.35,687.5500000000001
Keokuk,2016,17.215421097909843,17.215421097909832,2584772.2435838245,269.34090143066106,12,0.9999999999999992,0.9999999999999992,150142.84163502968,6.391684666705465,True,2584.7722435838245,787.65,2.0,-1.5,56.4,42.8,95.7,196.4,116800.0,99100.0,63982.88003,0.4261467235682864,32.61843798352406,16.91036073507837,23.568131238249716,3.7,-2.9,10.6,915.6,1005.55,864.35
Keokuk,2017,14.170443647430234,14.13128840427079,2121711.7969813603,190.1167301832207,12,0.8976480609800871,0.36438394798245893,150142.84163502968,7.4535490031696785,True,2121.7117969813603,534.0,1.8333333333333333,11.2,57.4,43.3,84.1,173.6,114700.0,101600.0,63982.88003,0.4261467235682864,17.215421097909843,32.61843798352406,16.91036073507837,-1.5,3.7,-2.9,787.65,915.6,1005.55
Keokuk,2018,19.080739791101852,19.00880319786272,2854035.728208148,405.8658807992243,12,0.9835386884382936,0.8024642612595309,150142.84163502968,4.701242625649729,True,2854.0357282081477,1244.2,1.0,-3.1,52.0,41.5,99.8,196.4,117100.0,102700.0,63982.88003,0.4261467235682864,14.170443647430234,17.215421097909843,32.61843798352406,11.2,-1.5,3.7,534.0,787.65,915.6
Keokuk,2019,23.504101683239412,23.504101683239394,3528972.6168002468,480.58734465428734,12,0.9999999999999992,0.9999999999999992,150142.84163502968,4.890703416284754,True,3528.9726168002467,1086.7,1.0,4.7,52.5,41.6,89.8,179.2,118800.0,95900.0,63982.88003,0.4261467235682864,19.080739791101852,14.170443647430234,17.215421097909843,-3.1,11.2,-1.5,1244.2,534.0,787.65
Kossuth,2001,33.31795138271001,24.663250668547292,6220583.774586804,325.9047737538073,12,0.7402391096994642,0.7402391096994643,252220.75784680847,10.223216738727128,True,6220.583774586804,786.475,4.0,5.3,62.2,22.5,57.4,136.8,288100.0,261800.0,175393.745202,0.695397740849423,7.547637381606034,,,11.9,,,719.75,,
Kossuth,2002,9.102595921815421,6.738097501118624,1699488.0581778258,83.35893003540572,12,0.7402391096994642,0.7402391096994643,252220.75784680847,10.919760987754042,True,1699.4880581778257,699.875,4.0,7.5,68.7,25.8,73.1,160.1,294000.0,245500.0,175393.745202,0.695397740849423,33.31795138271001,7.547637381606034,,5.3,11.9,,786.475,719.75,
Kossuth,2003,19.34667185046405,14.32053533076194,3611936.273896773,142.7431504791051,12,0.7230548206171107,0.6371333752053431,252220.75784680847,13.553485253427999,True,3611.936273896773,579.7,4.0,6.1,74.6,28.0,38.5,135.0,295000.0,253900.0,175393.745202,0.695397740849423,9.102595921815421,33.31795138271001,7.547637381606034,7.5,5.3,11.9,699.875,786.475,719.75
Kossuth,2004,17.245939254294402,12.570004878507211,3170416.156595169,191.65921319878098,12,0.7230548206171107,0.6371333752053431,252220.75784680847,8.998231270211692,True,3170.416156595169,906.775,4.0,8.9,75.0,30.8,58.3,155.2,308000.0,238600.0,175393.745202,0.695397740849423,19.34667185046405,9.102595921815421,33.31795138271001,6.1,7.5,5.3,579.7,699.875,786.475
Kossuth,2005,27.1676400852879,20.064464456229146,5060674.430940467,240.92799208010928,12,0.7316469651582875,0.6371333752053431,252220.75784680847,11.276248911855198,True,5060.674430940467,980.8,4.0,23.2,84.5,34.5,84.6,180.4,305000.0,230300.0,175393.745202,0.695397740849423,17.245939254294402,19.34667185046405,9.102595921815421,8.9,6.1,7.5,906.775,579.7,699.875
Kossuth,2006,23.392248324262606,17.314842922108372,4367162.803812623,198.5480716800627,12,0.7400098380673984,0.7374878501146739,252220.75784680847,11.78165475308998,True,4367.162803812623,759.425,4.0,23.3,77.5,37.7,81.5,173.4,303500.0,232200.0,175393.745202,0.695397740849423,27.1676400852879,17.245939254294402,19.34667185046405,23.2,8.9,6.1,980.8,906.775,579.7
Kossuth,2007,28.8832810061588,21.380534217198438,5392614.543431411,332.2133234222728,12,0.7402391096994642,0.7402391096994643,252220.75784680847,8.694197062483724,True,5392.61454343141,1042.575,4.0,44.9,100.4,42.6,69.4,167.5,336400.0,202600.0,175393.745202,0.695397740849423,23.392248324262606,27.1676400852879,17.245939254294402,23.3,23.2,8.9,759.425,980.8,906.775
Kossuth,2008,26.697060399497175,18.942042851197954,4777576.4030958675,291.40948325275195,12,0.52786131796435,0.10310573449412133,252220.75784680847,9.161356075821894,True,4777.576403095867,788.675,4.0,46.1,98.1,41.3,66.6,159.9,315500.0,224500.0,175393.745202,0.695397740849423,28.8832810061588,23.392248324262606,27.1676400852879,44.9,23.3,23.2,1042.575,759.425,980.8
Kossuth,2009,18.12900701622261,10.803241750066736,2724801.8214041134,191.84464734607255,12,0.572134349724886,0.10310573449412133,252220.75784680847,9.44983728606163,True,2724.8018214041135,830.375,3.0833333333333335,24.9,86.4,38.8,76.4,176.7,317000.0,223500.0,175393.745202,0.695397740849423,26.697060399497175,28.8832810061588,23.392248324262606,46.1,44.9,23.3,788.675,1042.575,759.425
Kossuth,2010,34.17657827577436,25.298839875433266,6380892.566026835,439.95454562629277,12,0.7402391096994642,0.7402391096994643,252220.75784680847,7.768206651239992,True,6380.892566026835,908.5,3.0,25.7,84.1,36.9,80.4,175.7,307000.0,233000.0,175393.745202,0.695397740849423,18.12900701622261,26.697060399497175,28.8832810061588,24.9,46.1,44.9,830.375,788.675,1042.575
Kossuth,2011,26.63102197346253,19.688264207094903,4965788.9190016715,291.7201172764674,12,0.591548034390155,0.002751259584790495,252220.75784680847,9.128963138398824,True,4965.788919001671,748.3666666666667,3.0,42.7,105.1,35.2,67.0,164.6,321500.0,218000.0,175393.745202,0.695397740849423,34.17657827577436,18.12900701622261,26.697060399497175,25.7,24.9,46.1,908.5,830.375,788.675
Kossuth,2013,30.400448899340372,22.49846615663964,5674580.184418423,190.7444057100819,12,0.714462676075934,0.6371333752053431,252220.75784680847,15.937793187783928,True,5674.580184418423,830.7666666666667,3.0,35.9,96.6,35.3,52.2,148.2,301000.0,197900.0,175393.745202,0.695397740849423,3.832672755475967,26.63102197346253,34.17657827577436,43.4,42.7,25.7,614.0,748.3666666666667,908.5
Kossuth,2014,24.83397705712694,18.38308106706457,4636594.638294342,184.0571941599588,12,0.7402391096994642,0.7402391096994643,252220.75784680847,13.492532671960893,True,4636.594638294342,891.2666666666667,3.0,24.8,89.2,33.4,60.5,158.3,324000.0,213500.0,175393.745202,0.695397740849423,30.400448899340372,3.832672755475967,26.63102197346253,35.9,43.4,42.7,830.7666666666667,614.0,748.3666666666667
Kossuth,2015,31.766254817392657,23.51322155846834,5930522.5608968,231.2575169750187,12,0.7400098380673984,0.7374878501146739,252220.75784680847,13.736312329611394,True,5930.5225608968,1070.6,3.0,22.0,88.3,33.8,95.1,195.2,312500.0,221500.0,175393.745202,0.695397740849423,24.83397705712694,30.400448899340372,3.832672755475967,24.8,35.9,43.4,891.2666666666667,830.7666666666667,614.0
Kossuth,2016,56.26052624562476,41.646241859284615,10504046.683220243,431.74400194681357,12,0.7402391096994642,0.7402391096994643,252220.75784680847,13.030991974859093,True,10504.046683220244,1023.2333333333333,3.0,23.8,94.2,34.1,92.4,196.9,334000.0,199400.0,175393.745202,0.695397740849423,31.766254817392657,24.83397705712694,30.400448899340372,22.0,24.8,35.9,1070.6,891.2666666666667,830.7666666666667
Kossuth,2017,24.937829882498864,18.45212217817673,4654008.239661637,240.94402637708518,12,0.6787817888565747,0.10585699407891183,252220.75784680847,10.350051112481351,True,4654.008239661637,805.9,3.0,28.9,96.1,35.7,94.0,196.9,308000.0,217500.0,175393.745202,0.695397740849423,56.26052624562476,31.766254817392657,24.83397705712694,23.8,22.0,24.8,1023.2333333333333,1070.6,891.2666666666667
Kossuth,2018,38.473508325908014,28.479595550185074,7183145.172838275,597.4601459873663,12,0.7402391096994642,0.7402391096994643,252220.75784680847,6.43951041492926,True,7183.145172838275,1223.55,2.0,27.7,86.5,35.4,81.8,176.0,295500.0,219000.0,175393.745202,0.695397740849423,24.937829882498864,56.26052624562476,31.766254817392657,28.9,23.8,22.0,805.9,1023.2333333333333,1070.6
Kossuth,2019,26.512553799866517,19.62536795113155,4949925.177656868,483.9964368974498,12,0.7400098380673984,0.7374878501146739,252220.75784680847,5.477840698543004,True,4949.925177656867,1088.2,2.0,19.9,87.6,35.5,83.7,186.9,307700.0,203000.0,175393.745202,0.695397740849423,38.473508325908014,24.937829882498864,56.26052624562476,27.7,28.9,23.8,1223.55,805.9,1023.2333333333333
Lee,2001,15.178050549347564,7.614306418121337,1062028.2276176487,290.7976884875058,12,0.4737979528511224,0.3402425121665084,139477.99961006574,5.219453644315915,True,1062.0282276176486,1139.0666666666666,3.0,-0.8,48.6,25.7,74.1,149.2,64000.0,72300.0,14160.367826,0.1015240243306306,2.9994573574581045,,,-9.6,,,826.4666666666667,,
Lee,2002,5.4416787949347585,3.6143875061813855,504127.53917779383,134.47161696132363,12,0.5113162352528923,0.3402425121665084,139477.99961006574,4.046711802759002,True,504.12753917779384,940.7666666666667,3.0,-16.2,42.8,21.9,58.2,139.1,76000.0,66800.0,14160.367826,0.1015240243306306,15.178050549347564,2.9994573574581045,,-0.8,-9.6,,1139.0666666666666,826.4666666666667,
Lee,2003,5.900782315334742,2.895744620242451,403892.66701302654,118.08664233374425,12,0.4938549337469205,0.3402425121665084,139477.99961006574,4.99699390101851,True,403.89266701302654,1002.4333333333334,3.0,-17.8,48.5,20.0,46.7,133.0,75600.0,69700.0,14160.367826,0.1015240243306306,5.4416787949347585,15.178050549347564,2.9994573574581045,-16.2,-0.8,-9.6,940.7666666666667,1139.0666666666666,826.4666666666667
Lee,2004,10.529808866539867,4.685873625898137,653576.2797658378,193.99540864018866,12,0.44501032120233835,0.44501032120233835,139477.99961006574,5.427864989356495,True,653.5762797658379,965.9,3.0,-17.1,53.2,18.9,92.6,181.8,76000.0,68700.0,14160.367826,0.1015240243306306,5.900782315334742,5.4416787949347585,15.178050549347564,-17.8,-16.2,-0.8,1002.4333333333334,940.7666666666667,1139.0666666666666
Lee,2005,8.011895120783876,3.5540571344470964,495712.7796125635,139.5337329642556,12,0.4362796704493525,0.3402425121665084,139477.99961006574,5.741905523903877,True,495.7127796125635,751.0,3.0,-1.9,54.0,17.7,70.3,143.9,76500.0,69200.0,14160.367826,0.1015240243306306,10.529808866539867,5.900782315334742,5.4416787949347585,-17.1,-17.8,-16.2,965.9,1002.4333333333334,940.7666666666667
Lee,2006,5.498809821431551,2.424199630121773,338122.5150648462,90.42905419460968,12,0.4275490196963667,0.3402425121665084,139477.99961006574,6.080799882743134,True,338.1225150648462,760.8333333333334,3.0,-10.5,51.7,17.2,68.8,148.2,72200.0,68300.0,14160.367826,0.1015240243306306,8.011895120783876,10.529808866539867,5.900782315334742,-1.9,-17.1,-17.8,751.0,965.9,1002.4333333333334
Lee,2007,20.865480011936672,9.285353962152909,1295102.596312486,362.0611320439209,12,0.44501032120233835,0.44501032120233835,139477.99961006574,5.7629715440997735,True,1295.1025963124862,939.3,3.0,-30.2,48.9,15.9,70.0,165.0,79000.0,59400.0,14160.367826,0.1015240243306306,5.498809821431551,8.011895120783876,10.529808866539867,-10.5,-1.9,-17.1,760.8333333333334,751.0,965.9
Lee,2010,23.364602124271205,10.397489096086767,1450220.980089653,698.0771739225294,12,0.44501032120233835,0.44501032120233835,139477.99961006574,3.3469941429232497,True,1450.220980089653,1405.7333333333333,3.0,-3.2,44.2,16.7,76.1,140.2,69500.0,61500.0,14160.367826,0.1015240243306306,13.423466004066377,18.455473304500494,20.865480011936672,-25.9,-20.7,-30.2,1340.8666666666666,1158.0,939.3
Lee,2011,18.5158008923146,9.057813713729802,1263365.7376316537,315.43941252817757,12,0.48252860360410815,0.3402425121665084,139477.99961006574,5.869843829569211,True,1263.3657376316537,997.8333333333334,3.0,-0.4,51.3,16.5,55.8,124.0,72100.0,65400.0,14160.367826,0.1015240243306306,23.364602124271205,13.423466004066377,18.455473304500494,-3.2,-25.9,-20.7,1405.7333333333333,1340.8666666666666,1158.0
Lee,2012,1.9762077947486072,0.8762679528544273,122220.10118654292,66.58109487722831,12,0.4275490196963667,0.3402425121665084,139477.99961006574,2.9681215041486175,True,122.22010118654292,727.0,3.0,-6.9,46.8,17.2,62.6,133.5,73300.0,67100.0,14160.367826,0.1015240243306306,18.5158008923146,23.364602124271205,13.423466004066377,-0.4,-3.2,-25.9,997.8333333333334,1405.7333333333333,1340.8666666666666
Lee,2013,12.759133424771791,5.674611282352386,791483.4302272211,240.4574774177013,12,0.4275490196963667,0.3402425121665084,139477.99961006574,5.306191166019662,True,791.4834302272211,974.1999999999999,3.0,-21.2,43.3,18.4,53.9,136.8,72100.0,66300.0,14160.367826,0.1015240243306306,1.9762077947486072,18.5158008923146,23.364602124271205,-6.9,-0.4,-3.2,727.0,997.8333333333334,1405.7333333333333
Lee,2014,9.637678516319616,4.288866412192268,598202.5077673772,264.86192079456254,12,0.44501032120233835,0.44501032120233835,139477.99961006574,3.638755804310195,True,598.2025077673771,1019.3666666666667,3.0,-36.2,41.5,19.0,92.0,188.7,75000.0,65500.0,14160.367826,0.1015240243306306,12.759133424771791,1.9762077947486072,18.5158008923146,-21.2,-6.9,-0.4,974.1999999999999,727.0,997.8333333333334
Lee,2015,23.976093933684034,10.66960926260617,1488175.7565693369,390.5080672991309,12,0.44501032120233835,0.44501032120233835,139477.99961006574,6.139717957559693,True,1488.175756569337,1119.5,3.0,-15.4,44.3,20.6,70.7,151.0,73800.0,62700.0,14160.367826,0.1015240243306306,9.637678516319616,12.759133424771791,1.9762077947486072,-36.2,-21.2,-6.9,1019.3666666666667,974.1999999999999,727.0
Lee,2016,16.197666830940392,7.2081289191652465,1005375.4025766338,274.90848292315366,12,0.44501032120233835,0.44501032120233835,139477.99961006574,5.8920214679109035,True,1005.3754025766339,803.8333333333334,3.0,-24.2,46.8,20.7,108.9,200.6,75800.0,67200.0,14160.367826,0.1015240243306306,23.976093933684034,9.637678516319616,12.759133424771791,-15.4,-36.2,-21.2,1119.5,1019.3666666666667,974.1999999999999
Lee,2017,10.687885918841966,4.7200563982309465,658344.0244719442,190.79822833088838,12,0.410087718190395,0.3402425121665084,139477.99961006574,5.601669372058683,True,658.3440244719442,749.6,3.0,-19.8,47.6,21.2,90.2,178.8,74700.0,68200.0,14160.367826,0.1015240243306306,16.197666830940392,23.976093933684034,9.637678516319616,-24.2,-15.4,-36.2,803.8333333333334,1119.5,1019.3666666666667
Lee,2018,14.378632100265484,6.2483588010836675,871508.5864210986,360.4346250703638,12,0.4362796704493525,0.3402425121665084,139477.99961006574,3.9892482853051363,True,871.5085864210986,1084.8666666666666,3.0,-26.9,43.4,20.1,122.7,213.1,71800.0,70400.0,14160.367826,0.1015240243306306,10.687885918841966,16.197666830940392,23.976093933684034,-19.8,-24.2,-15.4,749.6,803.8333333333334,1119.5
Lee,2019,15.191568551880852,6.760404800839838,942927.7381754256,458.71541748917826,12,0.44501032120233835,0.44501032120233835,139477.99961006574,3.3117632354790523,True,942.9277381754256,1261.5333333333333,3.0,-20.1,43.9,20.0,97.0,181.0,69500.0,67500.0,14160.367826,0.1015240243306306,14.378632100265484,10.687885918841966,16.197666830940392,-26.9,-19.8,-24.2,1084.8666666666666,749.6,803.8333333333334
Linn,2001,32.53646476159776,32.53646476159772,6103566.955736379,313.40915944778783,12,0.9999999999999986,0.9999999999999986,187591.58379555494,10.38146581897143,True,6103.566955736379,1028.5333333333333,6.0,-22.7,51.9,12.3,73.5,160.4,132900.0,120400.0,78718.711348,0.41962816111084655,13.00007614538062,,,-11.0,,,943.5666666666666,,
Linn,2002,10.130671713705986,10.13067171370597,1900428.7516869316,157.83677678849753,12,0.9999999999999986,0.9999999999999986,187591.58379555494,6.418448171481075,True,1900.4287516869315,1034.0,6.0,-28.7,49.2,13.7,73.9,165.5,132500.0,118300.0,78718.711348,0.41962816111084655,32.53646476159776,13.00007614538062,,-22.7,-11.0,,1028.5333333333333,943.5666666666666,
Linn,2003,9.936964100572181,9.936843916427327,1864068.2882118272,144.31648164819453,12,0.9997798494423868,0.9973581933086582,187591.58379555494,6.885536556244404,True,1864.0682882118272,926.95,6.0,-27.7,53.6,14.8,26.1,122.2,137500.0,117500.0,78718.711348,0.41962816111084655,10.130671713705986,32.53646476159776,13.00007614538062,-28.7,-22.7,-11.0,1034.0,1028.5333333333333,943.5666666666666
Linn,2004,22.772836218970053,22.772836218970024,4271992.413833364,277.24385693852116,12,0.9999999999999986,0.9999999999999986,187591.58379555494,8.214009309508318,True,4271.992413833364,967.8666666666667,6.0,-19.5,56.5,16.2,70.0,162.2,143000.0,114600.0,78718.711348,0.41962816111084655,9.936964100572181,10.130671713705986,32.53646476159776,-27.7,-28.7,-22.7,926.95,1034.0,1028.5333333333333
Linn,2005,14.200225030086942,14.200225030086925,2663842.7036472876,178.09657194471802,12,0.9999999999999986,0.9999999999999986,187591.58379555494,7.973328669400081,True,2663.8427036472876,710.1,6.0,-5.1,60.6,17.3,73.7,156.7,140500.0,111900.0,78718.711348,0.41962816111084655,22.772836218970053,9.936964100572181,10.130671713705986,-19.5,-27.7,-28.7,967.8666666666667,926.95,1034.0
Linn,2006,15.646478076663783,15.646478076663758,2935147.603223783,167.52039938386073,12,0.9999999999999986,0.9999999999999986,187591.58379555494,9.340043441999576,True,2935.147603223783,839.4,6.0,-15.5,56.8,19.1,76.8,168.2,136100.0,115300.0,78718.711348,0.41962816111084655,14.200225030086942,22.772836218970053,9.936964100572181,-5.1,-19.5,-27.7,710.1,967.8666666666667,926.95
Linn,2007,36.97740874047361,36.97740874047354,6936650.670281029,419.6662781901349,12,0.9999999999999986,0.9999999999999986,187591.58379555494,8.811146061090128,True,6936.650670281029,1052.9666666666667,6.0,-14.3,63.7,21.4,63.5,162.9,160500.0,90900.0,78718.711348,0.41962816111084655,15.646478076663783,14.200225030086942,22.772836218970053,-15.5,-5.1,-19.5,839.4,710.1,967.8666666666667
Linn,2008,44.742923288320156,44.125768400060586,8277622.780363215,580.290042218064,12,0.8992895855180615,0.5766378580253222,187591.58379555494,7.710441336766289,True,8277.622780363215,1236.4333333333334,6.0,-4.3,67.7,21.3,66.4,159.7,141000.0,107200.0,78718.711348,0.41962816111084655,36.97740874047361,15.646478076663783,14.200225030086942,-14.3,-15.5,-5.1,1052.9666666666667,839.4,710.1
Linn,2009,27.296458034094417,24.142532415213594,4528935.892605443,399.16666682300536,12,0.842553353116767,0.3684522080061788,187591.58379555494,6.838361091458057,True,4528.935892605443,1240.4666666666667,6.0,-25.4,56.2,20.7,69.0,171.3,150500.0,100500.0,78718.711348,0.41962816111084655,44.742923288320156,36.97740874047361,15.646478076663783,-4.3,-14.3,-15.5,1236.4333333333334,1052.9666666666667,839.4
Linn,2010,37.44409899116321,37.44409899116315,7024197.833549836,486.17012796440633,12,0.9999999999999986,0.9999999999999986,187591.58379555494,7.701851026500044,True,7024.197833549836,1041.5,6.0,-11.1,59.3,20.9,78.3,169.6,146000.0,102600.0,78718.711348,0.41962816111084655,27.296458034094417,44.742923288320156,36.97740874047361,-25.4,-4.3,-14.3,1240.4666666666667,1236.4333333333334,1052.9666666666667
Linn,2011,22.337631838244977,22.337631838244945,4190351.7347783823,299.48694530280267,12,0.9999999999999986,0.9999999999999986,187591.58379555494,7.458632901564387,True,4190.351734778383,808.1,6.0,5.0,78.0,20.7,74.3,168.0,163500.0,90000.0,78718.711348,0.41962816111084655,37.44409899116321,27.296458034094417,44.742923288320156,-11.1,-25.4,-4.3,1041.5,1240.4666666666667,1236.4333333333334
Linn,2012,5.612031550824517,5.612031550824509,1052769.886929794,98.11128376885667,12,0.9999999999999986,0.9999999999999986,187591.58379555494,5.7200673920912815,True,1052.769886929794,657.7933333333333,5.25,13.4,69.7,20.1,55.5,131.9,156300.0,93700.0,78718.711348,0.41962816111084655,22.337631838244977,37.44409899116321,27.296458034094417,5.0,-11.1,-25.4,808.1,1041.5,1240.4666666666667
Linn,2013,37.996510258140134,37.99651025814009,7127825.5380285485,400.0625857701737,12,0.9999999999999986,0.9999999999999986,187591.58379555494,9.497641521511389,True,7127.825538028548,1046.6399999999999,5.0,-16.3,66.2,18.9,55.8,157.2,157700.0,94200.0,78718.711348,0.41962816111084655,5.612031550824517,22.337631838244977,37.44409899116321,13.4,5.0,-11.1,657.7933333333333,808.1,1041.5
Linn,2014,22.453962403263223,22.453962403263198,4212174.369713987,343.86344312622356,12,0.9999999999999986,0.9999999999999986,187591.58379555494,6.529906813915354,True,4212.174369713987,972.84,5.0,-19.2,58.1,18.1,71.1,166.5,150700.0,101500.0,78718.711348,0.41962816111084655,37.996510258140134,5.612031550824517,22.337631838244977,-16.3,13.4,5.0,1046.6399999999999,657.7933333333333,808.1
Linn,2015,29.674026653130788,29.670768867198447,5565986.524229601,317.16901714125896,12,0.9997798494423868,0.9973581933086582,187591.58379555494,9.35590333526012,True,5565.986524229601,1061.1200000000001,5.0,-18.9,61.9,17.2,84.2,182.2,148200.0,104600.0,78718.711348,0.41962816111084655,22.453962403263223,37.996510258140134,5.612031550824517,-19.2,-16.3,13.4,972.84,1046.6399999999999,657.7933333333333
Linn,2016,42.97450588570485,42.97450588570481,8061655.62193076,495.1294215302939,12,0.9999999999999986,0.9999999999999986,187591.58379555494,8.679449052509094,True,8061.65562193076,1052.1000000000001,5.0,-18.7,66.0,16.6,91.5,192.8,148500.0,100800.0,78718.711348,0.41962816111084655,29.674026653130788,22.453962403263223,37.996510258140134,-18.9,-19.2,-16.3,1061.1200000000001,972.84,1046.6399999999999
Linn,2017,28.383937199909752,28.383937199909713,5324587.733684631,344.98747425866736,12,0.9999999999999986,0.9999999999999986,187591.58379555494,8.227526886563952,True,5324.587733684631,815.98,5.0,-27.0,67.3,15.8,83.8,193.9,150000.0,104400.0,78718.711348,0.41962816111084655,42.97450588570485,29.674026653130788,22.453962403263223,-18.7,-18.9,-19.2,1052.1000000000001,1061.1200000000001,972.84
Linn,2018,36.33526598248741,36.335265982487364,6816190.093287555,604.6719855884177,12,0.9999999999999986,0.9999999999999986,187591.58379555494,6.009087050250704,True,6816.190093287554,1173.74,5.0,-29.8,60.8,18.2,87.3,196.1,148100.0,103700.0,78718.711348,0.41962816111084655,28.383937199909752,42.97450588570485,29.674026653130788,-27.0,-18.7,-18.9,815.98,1052.1000000000001,1061.1200000000001
Linn,2019,30.07561710206716,30.075617102067113,5641932.645805448,528.1262439065101,12,0.9999999999999986,0.9999999999999986,187591.58379555494,5.694777990883407,True,5641.932645805448,1090.2,5.0,-33.1,61.4,21.5,79.6,195.6,152100.0,95600.0,78718.711348,0.41962816111084655,36.33526598248741,28.383937199909752,42.97450588570485,-29.8,-27.0,-18.7,1173.74,815.98,1052.1000000000001
Louisa,2001,20.794191871129193,19.52900921942506,2110962.974561873,303.84650779974777,12,0.9093582737735603,0.8182679174212624,108093.70566849578,6.843650111928802,True,2110.9629745618727,1145.2666666666667,3.0,13.3,55.9,30.9,68.9,142.4,66700.0,74300.0,27789.382934,0.2570860418017781,7.3841321804258255,,,6.5,,,858.6666666666667,,
Louisa,2002,8.315869277653546,7.8497742623136215,848511.1886746624,167.4430444644519,12,0.9104328066779304,0.8182679174212624,108093.70566849578,4.966386811856494,True,848.5111886746624,842.4333333333333,3.0,-0.2,54.0,30.4,71.8,156.4,76500.0,65900.0,27789.382934,0.2570860418017781,20.794191871129193,7.3841321804258255,,13.3,6.5,,1145.2666666666667,858.6666666666667,
Louisa,2003,5.660316855485036,5.210726794381568,563246.7684308257,108.45218895451922,12,0.8728308619879307,0.7629781905223688,108093.70566849578,5.21918175193196,True,563.2467684308257,722.0,3.0,-1.1,59.2,31.3,29.8,121.4,75800.0,71700.0,27789.382934,0.2570860418017781,8.315869277653546,20.794191871129193,7.3841321804258255,-0.2,13.3,6.5,842.4333333333333,1145.2666666666667,858.6666666666667
Louisa,2004,14.29424092313955,13.213416055165679,1428287.1059424556,230.76521849011854,12,0.9128912181107647,0.8182679174212624,108093.70566849578,6.194278763786769,True,1428.2871059424556,838.9,3.0,3.4,60.3,34.2,79.3,170.4,76500.0,67700.0,27789.382934,0.2570860418017781,5.660316855485036,8.315869277653546,20.794191871129193,-1.1,-0.2,13.3,722.0,842.4333333333333,1145.2666666666667
Louisa,2005,8.923935805952688,8.215651176204746,888060.180115707,139.4343744354395,12,0.89882141080024,0.8182679174212624,108093.70566849578,6.400097423669815,True,888.060180115707,574.5333333333333,3.0,26.6,66.3,35.8,69.4,144.9,80500.0,66100.0,27789.382934,0.2570860418017781,14.29424092313955,5.660316855485036,8.315869277653546,3.4,-1.1,-0.2,838.9,722.0,842.4333333333333
Louisa,2006,7.867440019210312,7.1076289368829455,768289.9503043087,111.25023158201768,12,0.8942139335586656,0.7629781905223688,108093.70566849578,7.071841476042368,True,768.2899503043087,893.1,3.0,12.2,62.8,38.4,70.5,159.5,76200.0,68500.0,27789.382934,0.2570860418017781,8.923935805952688,14.29424092313955,5.660316855485036,26.6,3.4,-1.1,574.5333333333333,838.9,722.0
Louisa,2007,30.14985168592044,27.23835202763926,2944294.4069705126,406.95988854615536,12,0.884504227903914,0.8182679174212624,108093.70566849578,7.408556109455734,True,2944.2944069705127,1135.7,3.0,10.4,67.7,42.3,61.4,161.0,89900.0,53400.0,27789.382934,0.2570860418017781,7.867440019210312,8.923935805952688,14.29424092313955,12.2,26.6,3.4,893.1,574.5333333333333,838.9
Louisa,2008,31.800070165904938,29.64630083433697,3204578.5165465013,635.5790270656867,12,0.9011555969314352,0.8048766213622656,108093.70566849578,5.003322767385529,True,3204.5785165465013,1190.5666666666666,3.0,20.5,72.0,43.4,64.6,159.5,78000.0,55700.0,27789.382934,0.2570860418017781,30.14985168592044,7.867440019210312,8.923935805952688,10.4,12.2,26.6,1135.7,893.1,574.5333333333333
Louisa,2009,25.2033459452175,22.78752393877401,2463187.9055516394,545.8026176716114,12,0.8954735867854908,0.7495868944633719,108093.70566849578,4.61766674053978,True,2463.1879055516392,1300.4333333333334,3.0,21.8,62.7,44.6,76.8,162.3,82400.0,60300.0,27789.382934,0.2570860418017781,31.800070165904938,30.14985168592044,7.867440019210312,20.5,10.4,12.2,1190.5666666666666,1135.7,893.1
Louisa,2010,25.69500088253728,23.533670766790472,2543841.6811647327,531.3790948750736,12,0.9034288880418145,0.8182679174212624,108093.70566849578,4.8355310042029656,True,2543.8416811647326,1255.6,3.0,35.7,62.4,45.7,70.1,142.5,81000.0,64300.0,27789.382934,0.2570860418017781,25.2033459452175,31.800070165904938,30.14985168592044,21.8,20.5,10.4,1300.4333333333334,1190.5666666666666,1135.7
Louisa,2011,16.214121956365968,14.936378148175827,1614528.4633022698,287.7571576186788,12,0.8950410908772343,0.8182679174212624,108093.70566849578,5.634654613127679,True,1614.5284633022698,850.7333333333333,3.0,36.1,69.8,48.0,76.7,158.4,80400.0,62800.0,27789.382934,0.2570860418017781,25.69500088253728,25.2033459452175,31.800070165904938,35.7,21.8,20.5,1255.6,1300.4333333333334,1190.5666666666666
Louisa,2012,4.299991527002354,3.9313675350955006,424956.0852132928,108.80426541364092,12,0.8847516034897153,0.7629781905223688,108093.70566849578,3.9520431581014646,True,424.9560852132928,753.6333333333333,3.0,23.9,59.7,49.3,82.9,168.0,79000.0,65500.0,27789.382934,0.2570860418017781,16.214121956365968,25.69500088253728,25.2033459452175,36.1,35.7,21.8,850.7333333333333,1255.6,1300.4333333333334
Louisa,2013,20.194552639773544,18.799029541007528,2032056.7660590247,359.92505755840415,12,0.8942139335586656,0.7629781905223688,108093.70566849578,5.610765967995053,True,2032.0567660590248,803.5666666666667,3.0,17.9,57.9,49.3,56.2,145.5,86200.0,69400.0,27789.382934,0.2570860418017781,4.299991527002354,16.214121956365968,25.69500088253728,23.9,36.1,35.7,753.6333333333333,850.7333333333333,1255.6
Louisa,2014,14.250608582117637,13.153015933998386,1421758.2330226565,333.0790068403879,12,0.9034288880418145,0.8182679174212624,108093.70566849578,4.278446941853216,True,1421.7582330226564,860.75,2.5,11.3,48.5,54.5,91.9,183.6,81000.0,74500.0,27789.382934,0.2570860418017781,20.194552639773544,4.299991527002354,16.214121956365968,17.9,23.9,36.1,803.5666666666667,753.6333333333333,850.7333333333333
Louisa,2015,24.095815930431716,21.635723341748808,2338685.5108279996,357.1496171888198,12,0.9034288880418145,0.8182679174212624,108093.70566849578,6.746700758100663,True,2338.6855108279997,901.15,2.0,25.2,57.6,58.1,95.1,185.6,85100.0,70100.0,27789.382934,0.2570860418017781,14.250608582117637,20.194552639773544,4.299991527002354,11.3,17.9,23.9,860.75,803.5666666666667,753.6333333333333
Louisa,2016,22.96480094995804,20.76548047081555,2244617.7340772324,357.5950682049551,12,0.9034288880418145,0.8182679174212624,108093.70566849578,6.42201277138302,True,2244.6177340772324,931.65,2.0,27.2,61.4,63.3,94.0,191.5,83700.0,70700.0,27789.382934,0.2570860418017781,24.095815930431716,14.250608582117637,20.194552639773544,25.2,11.3,17.9,901.15,860.75,803.5666666666667
Louisa,2017,15.03778827042423,13.751442647503223,1486444.394056414,234.07142482643079,12,0.8849989790755166,0.7629781905223688,108093.70566849578,6.424444283011089,True,1486.444394056414,727.35,2.0,28.1,62.6,67.6,101.3,203.4,83700.0,71200.0,27789.382934,0.2570860418017781,22.96480094995804,24.095815930431716,14.250608582117637,27.2,25.2,11.3,931.65,901.15,860.75
Louisa,2018,17.260373307919696,15.82618743354657,1710711.2462962293,401.44308983428397,12,0.9082837408691903,0.8182679174212624,108093.70566849578,4.299581620658807,True,1710.7112462962293,1044.35,1.25,30.4,56.4,67.8,101.0,194.8,78800.0,70100.0,27789.382934,0.2570860418017781,15.03778827042423,22.96480094995804,24.095815930431716,28.1,27.2,25.2,727.35,931.65,901.15
Louisa,2019,21.66881990566864,19.917950359579333,2153005.063688078,497.8507301450439,12,0.9034288880418145,0.8182679174212624,108093.70566849578,4.35247326027937,True,2153.005063688078,1052.1,1.0,38.2,57.1,68.8,89.4,177.1,77000.0,65000.0,27789.382934,0.2570860418017781,17.260373307919696,15.03778827042423,22.96480094995804,30.4,28.1,27.2,1044.35,727.35,931.65
Lucas,2001,9.635959822506035,9.635959822506031,1083360.4293119297,269.80373163623324,12,0.9999999999999997,0.9999999999999998,112428.90685177011,3.571470180960231,True,1083.3604293119297,1113.55,4.0,-5.4,36.2,31.5,50.1,123.2,16100.0,20800.0,2880.150262,0.025617524377403073,0.8855207298251551,,,-17.1,,,676.05,,
Lucas,2002,2.7472544923215017,2.747254492321501,308870.8194153211,88.56099954067429,12,0.9999999999999997,0.9999999999999998,112428.90685177011,3.1021042067843223,True,308.8708194153211,725.25,4.0,-22.3,30.6,28.4,57.4,138.7,22000.0,22900.0,2880.150262,0.025617524377403073,9.635959822506035,0.8855207298251551,,-5.4,-17.1,,1113.55,676.05,
Lucas,2003,6.041289558642756,5.287510656152583,594469.0430383206,105.39064244342164,12,0.9181243016430272,0.6724972065721092,112428.90685177011,5.732282694724048,True,594.4690430383206,918.025,4.0,-20.6,32.6,25.2,28.6,107.0,23000.0,24800.0,2880.150262,0.025617524377403073,2.7472544923215017,9.635959822506035,0.8855207298251551,-22.3,-5.4,-17.1,725.25,1113.55,676.05
Lucas,2004,7.207241213488873,7.207241213488871,810302.2510495788,217.15316287579628,12,0.9999999999999997,0.9999999999999998,112428.90685177011,3.3189667228614823,True,810.3022510495788,971.275,4.0,-23.3,36.6,21.7,79.5,161.1,25000.0,25800.0,2880.150262,0.025617524377403073,6.041289558642756,2.7472544923215017,9.635959822506035,-20.6,-22.3,-5.4,918.025,725.25,1113.55
Lucas,2005,5.7370532207058895,5.737053220705889,645010.62215439,140.97677601488513,12,0.9999999999999997,0.9999999999999998,112428.90685177011,4.0695023555512,True,645.0106221543899,730.8333333333334,3.5833333333333335,-23.7,36.5,20.2,82.1,162.5,25000.0,26300.0,2880.150262,0.025617524377403073,7.207241213488873,6.041289558642756,2.7472544923215017,-23.3,-20.6,-22.3,971.275,918.025,725.25
Lucas,2006,2.988383947047103,2.9883839470471028,335980.7404198838,69.30040200380685,12,0.9999999999999997,0.9999999999999998,112428.90685177011,4.312217333000382,True,335.98074041988383,812.1,3.0,-22.0,34.3,19.7,67.7,143.7,23900.0,27100.0,2880.150262,0.025617524377403073,5.7370532207058895,7.207241213488873,6.041289558642756,-23.7,-23.3,-20.6,730.8333333333334,971.275,918.025
Lucas,2007,13.031002551031149,13.031002551031145,1465061.3719950588,368.1108361303479,12,0.9999999999999997,0.9999999999999998,112428.90685177011,3.5399671164303563,True,1465.0613719950588,1159.8666666666668,3.0,-34.9,26.6,20.3,60.5,142.3,29200.0,22300.0,2880.150262,0.025617524377403073,2.988383947047103,5.7370532207058895,7.207241213488873,-22.0,-23.7,-23.3,812.1,730.8333333333334,971.275
Lucas,2010,16.48170054585,16.481700545849996,1853019.5754281383,724.916668427985,12,0.9999999999999997,0.9999999999999998,112428.90685177011,2.273599334057433,True,1853.0195754281383,1405.3333333333335,3.0,-12.1,20.3,22.6,65.9,120.9,26000.0,30000.0,2880.150262,0.025617524377403073,8.956608204684606,13.895881838327863,13.031002551031149,-29.5,-18.4,-34.9,1097.6666666666667,1315.1,1159.8666666666668
Lucas,2011,9.845514191696399,9.845514191696395,1106920.397966015,301.3889594847477,12,0.9999999999999997,0.9999999999999998,112428.90685177011,3.2667136210059637,True,1106.920397966015,948.0666666666667,3.0,45.8,93.5,21.2,67.7,136.6,31700.0,33400.0,2880.150262,0.025617524377403073,16.48170054585,8.956608204684606,13.895881838327863,-12.1,-29.5,-18.4,1405.3333333333335,1097.6666666666667,1315.1
Lucas,2012,1.5882746857303789,1.5882746857303784,178567.9866970052,69.22980081633384,12,0.9999999999999997,0.9999999999999998,112428.90685177011,2.2942066378958104,True,178.56798669700518,699.5999999999999,2.8333333333333335,42.4,85.7,20.9,53.0,117.2,27100.0,38700.0,2880.150262,0.025617524377403073,9.845514191696399,16.48170054585,8.956608204684606,45.8,-12.1,-29.5,948.0666666666667,1405.3333333333335,1097.6666666666667
Lucas,2013,8.680735019264237,8.568685412128099,963367.9340422713,244.515964982846,12,0.9727081005476755,0.6724972065721092,112428.90685177011,3.5501710572858642,True,963.3679340422714,905.0,2.0,44.5,96.4,22.9,43.0,117.8,29000.0,34000.0,2880.150262,0.025617524377403073,1.5882746857303789,9.845514191696399,16.48170054585,42.4,45.8,-12.1,699.5999999999999,948.0666666666667,1405.3333333333335
Lucas,2014,6.870990170090897,6.870990170090895,772497.9138125773,322.19328100839687,12,0.9999999999999997,0.9999999999999998,112428.90685177011,2.1325678017201817,True,772.4979138125773,1078.1499999999999,2.0,58.3,116.7,21.0,80.3,159.7,31200.0,38200.0,2880.150262,0.025617524377403073,8.680735019264237,1.5882746857303789,9.845514191696399,44.5,42.4,45.8,905.0,699.5999999999999,948.0666666666667
Lucas,2015,11.061339365847966,11.06133936584796,1243614.2932187386,429.64119582052683,12,0.9999999999999997,0.9999999999999998,112428.90685177011,2.5745527834506348,True,1243.6142932187386,1244.4,2.0,-20.3,38.2,24.9,74.8,158.2,33000.0,27000.0,2880.150262,0.025617524377403073,6.870990170090897,8.680735019264237,1.5882746857303789,58.3,44.5,42.4,1078.1499999999999,905.0,699.5999999999999
Lucas,2016,7.681746647875216,7.681746647875214,863650.3783328598,231.40844514448523,12,0.9999999999999997,0.9999999999999998,112428.90685177011,3.319561930023314,True,863.6503783328599,825.75,2.0,-18.1,39.6,22.4,108.9,189.0,30000.0,39600.0,2880.150262,0.025617524377403073,11.061339365847966,6.870990170090897,8.680735019264237,-20.3,58.3,44.5,1244.4,1078.1499999999999,905.0
Lucas,2017,5.85757471276911,4.881248191477124,548793.398239953,173.2559016963212,12,0.8826126850827105,0.5738606012762004,112428.90685177011,3.3808803367842137,True,548.7933982399529,880.1,2.0,-22.3,40.0,23.9,68.0,154.2,30175.0,37400.0,2880.150262,0.025617524377403073,7.681746647875216,11.061339365847966,6.870990170090897,-18.1,-20.3,58.3,825.75,1244.4,1078.1499999999999
Lucas,2018,8.540138504957138,7.712211648903519,867075.5250957101,342.3006013843319,12,0.8635405027383788,0.6724972065721092,112428.90685177011,2.4949236052811807,True,867.0755250957101,1071.15,2.0,-22.1,37.7,23.5,69.6,152.9,30350.0,38800.0,2880.150262,0.025617524377403073,5.85757471276911,7.681746647875216,11.061339365847966,-22.3,-18.1,-20.3,880.1,825.75,1244.4
Lucas,2019,7.756258845043155,7.756258845043154,872027.7032075747,442.6633207706206,12,0.9999999999999997,0.9999999999999998,112428.90685177011,1.7521801516196314,True,872.0277032075746,1142.1,2.0,-19.0,38.0,23.5,73.9,154.4,30525.0,38650.0,2880.150262,0.025617524377403073,8.540138504957138,5.85757471276911,7.681746647875216,-22.1,-22.3,-18.1,1071.15,880.1,825.75
Lyon,2001,17.677250803560053,13.812162301672972,2104653.9990171073,242.9841304820468,12,0.7813523977886493,0.7813523977886493,152376.8656238701,7.275063918162409,True,2104.6539990171073,927.8,1.0,40.1,61.8,60.3,73.6,155.6,148100.0,142300.0,59422.473496,0.3899704410686563,1.1868522582829735,,,46.6,,,680.6,,
Lyon,2002,4.223819078099088,4.049839490352398,617101.8478196702,55.172494102353795,12,0.9453380994471617,0.7813523977886493,152376.8656238701,7.655660935435017,True,617.1018478196702,514.3,1.0,55.3,65.0,73.4,76.1,159.2,144500.0,138700.0,59422.473496,0.3899704410686563,17.677250803560053,1.1868522582829735,,40.1,46.6,,927.8,680.6,
Lyon,2003,2.8575707283592147,2.826805789458246,430739.8059250572,45.71877371415298,12,0.9635587329647742,0.7813523977886493,152376.8656238701,6.250322342907915,True,430.7398059250572,508.7,1.0,58.7,74.4,74.4,49.6,139.7,144000.0,138400.0,59422.473496,0.3899704410686563,4.223819078099088,17.677250803560053,1.1868522582829735,55.3,40.1,46.6,514.3,927.8,680.6
Lyon,2004,8.345430113455427,8.31317978538623,1266736.279064871,108.93390939113571,12,0.9635587329647742,0.7813523977886493,152376.8656238701,7.66100304313004,True,1266.7362790648708,805.9,1.0,54.0,72.6,76.4,81.0,176.0,149000.0,138000.0,59422.473496,0.3899704410686563,2.8575707283592147,4.223819078099088,17.677250803560053,58.7,55.3,40.1,508.7,514.3,927.8
Lyon,2005,12.30699338227776,12.30699338227775,1875301.0768451958,135.11182010364288,12,0.9999999999999992,0.9999999999999992,152376.8656238701,9.10874664617588,True,1875.301076845196,950.9,1.0,64.9,80.7,78.1,89.9,183.8,153000.0,133900.0,59422.473496,0.3899704410686563,8.345430113455427,2.8575707283592147,4.223819078099088,54.0,58.7,55.3,805.9,508.7,514.3
Lyon,2006,19.111893847667407,19.111893847667393,2912210.480643684,179.10719334289848,12,0.9999999999999992,0.9999999999999992,152376.8656238701,10.670645601083104,True,2912.210480643684,737.4000000000001,1.0,71.1,76.1,82.0,88.7,175.7,149000.0,133500.0,59422.473496,0.3899704410686563,12.30699338227776,8.345430113455427,2.8575707283592147,64.9,54.0,58.7,950.9,805.9,508.7
Lyon,2007,13.28470604117357,13.28470604117356,2024281.8672885187,174.3111085835366,12,0.9999999999999992,0.9999999999999992,152376.8656238701,7.621261862841648,True,2024.2818672885187,677.9,1.0,99.4,96.9,93.8,79.7,171.0,161500.0,119900.0,59422.473496,0.3899704410686563,19.111893847667407,12.30699338227776,8.345430113455427,71.1,64.9,54.0,737.4000000000001,950.9,805.9
Lyon,2010,24.808015459663505,24.253622222107094,3695690.934230122,287.6993579432917,12,0.9635587329647742,0.7813523977886493,152376.8656238701,8.622895663379758,True,3695.690934230122,1032.6,1.0,80.5,76.9,103.2,84.7,184.3,169500.0,131500.0,59422.473496,0.3899704410686563,5.089913910175537,13.333499693997513,13.28470604117357,78.1,88.7,99.4,577.8,761.2,677.9
Lyon,2011,24.310868350738932,24.310868350738915,3704413.9198801406,274.72494742168334,12,0.9999999999999992,0.9999999999999992,152376.8656238701,8.84916662243399,True,3704.4139198801404,638.5,1.0,106.3,98.2,107.9,74.8,174.6,180400.0,120800.0,59422.473496,0.3899704410686563,24.808015459663505,5.089913910175537,13.333499693997513,80.5,78.1,88.7,1032.6,577.8,761.2
Lyon,2012,4.799984386820038,4.783251740139212,728856.9076523354,90.00008896124079,12,0.9453380994471617,0.7813523977886493,152376.8656238701,5.333310713600724,True,728.8569076523354,506.3,1.0,124.2,99.0,115.4,72.9,163.1,170700.0,123600.0,59422.473496,0.3899704410686563,24.310868350738932,24.808015459663505,5.089913910175537,106.3,80.5,78.1,638.5,1032.6,577.8
Lyon,2013,6.404540987623835,5.2998760162821625,807578.4955561991,84.61651580540475,12,0.8542349318590993,0.7813523977886493,152376.8656238701,7.568901799682416,True,807.5784955561991,688.8,1.0,116.4,94.3,125.8,80.7,184.4,172800.0,115600.0,59422.473496,0.3899704410686563,4.799984386820038,24.310868350738932,24.808015459663505,124.2,106.3,80.5,506.3,638.5,1032.6
Lyon,2014,12.803255449623961,10.003854345064273,1524355.9692586279,168.07984416191002,12,0.7813523977886493,0.7813523977886493,152376.8656238701,7.61736513587595,True,1524.355969258628,701.8,1.0,124.3,80.3,138.9,77.3,172.2,164400.0,122900.0,59422.473496,0.3899704410686563,6.404540987623835,4.799984386820038,24.310868350738932,116.4,124.2,106.3,688.8,506.3,638.5
Lyon,2015,8.915750894521624,6.9663433395207655,1061509.5629358983,111.35205726480413,12,0.7813523977886493,0.7813523977886493,152376.8656238701,8.006812908107529,True,1061.5095629358982,853.0,1.0,133.6,85.6,151.2,94.0,197.2,156400.0,123500.0,59422.473496,0.3899704410686563,12.803255449623961,6.404540987623835,4.799984386820038,124.3,116.4,124.2,701.8,688.8,506.3
Lyon,2016,38.972731394324036,30.451437123328056,4640094.542595089,270.006125634843,12,0.7813523977886493,0.7813523977886493,152376.8656238701,14.434017488562784,True,4640.0945425950895,836.5,1.0,152.1,91.3,165.2,103.2,207.6,172100.0,121500.0,59422.473496,0.3899704410686563,8.915750894521624,12.803255449623961,6.404540987623835,133.6,124.3,116.4,853.0,701.8,688.8
Lyon,2017,24.714843141359772,19.311001949471816,2942549.94911696,224.23465124045032,12,0.7813523977886493,0.7813523977886493,152376.8656238701,11.021866158793477,True,2942.5499491169603,675.1,1.0,166.6,93.1,182.4,100.0,208.9,172200.0,122800.0,59422.473496,0.3899704410686563,38.972731394324036,8.915750894521624,12.803255449623961,152.1,133.6,124.3,836.5,853.0,701.8
Lyon,2019,53.044912261282754,41.4467693858418,6315528.809249949,550.159786231482,12,0.7813523977886493,0.7813523977886493,152376.8656238701,9.641728383063585,True,6315.528809249949,1122.1,1.0,160.9,85.4,179.2,73.9,177.6,163000.0,110600.0,59422.473496,0.3899704410686563,51.307302518935934,24.714843141359772,38.972731394324036,158.2,166.6,152.1,1152.1,675.1,836.5
Madison,2001,12.384629590611855,12.361869365320642,1798697.5975185446,217.0257455381328,12,0.9829507361641167,0.9488522084923507,145503.68915598796,5.706525536821988,True,1798.6975975185446,768.5,1.0,1.9,45.6,35.5,67.0,146.2,57900.0,66600.0,38497.374493999996,0.2645800578480776,1.3122829007571957,,,5.8,,,659.4,,
Madison,2002,3.1819726599549396,3.087479771179139,449239.6969010503,80.3569503216898,12,0.9744261042461752,0.9488522084923507,145503.68915598796,3.959797686717421,True,449.23969690105025,649.5,1.0,-22.2,41.4,16.6,77.9,158.1,62500.0,62900.0,38497.374493999996,0.2645800578480776,12.384629590611855,1.3122829007571957,,1.9,5.8,,768.5,659.4,
Madison,2003,8.118424885588343,8.093545153403053,1177640.678170711,131.48249768666224,12,0.9786884202051459,0.9488522084923507,145503.68915598796,6.174528951325121,True,1177.640678170711,783.6,1.0,-23.4,44.4,16.3,25.8,109.9,62500.0,64600.0,38497.374493999996,0.2645800578480776,3.1819726599549396,12.384629590611855,1.3122829007571957,-22.2,1.9,5.8,649.5,768.5,659.4
Madison,2004,10.051399399965355,10.039082341435128,1460723.5164195448,231.39583962345762,12,0.9872130521230873,0.9488522084923507,145503.68915598796,4.343811633053407,True,1460.723516419545,971.1,1.0,-23.0,49.7,16.5,81.6,170.8,64000.0,61700.0,38497.374493999996,0.2645800578480776,8.118424885588343,3.1819726599549396,12.384629590611855,-23.4,-22.2,1.9,783.6,649.5,768.5
Madison,2005,8.186312385864396,8.110899381174352,1180165.782333888,178.23807477051548,12,0.9744261042461752,0.9488522084923507,145503.68915598796,4.592908892448715,True,1180.165782333888,670.6,1.0,-17.7,47.3,16.4,81.7,163.1,66000.0,61700.0,38497.374493999996,0.2645800578480776,10.051399399965355,8.118424885588343,3.1819726599549396,-23.0,-23.4,-22.2,971.1,783.6,649.5
Madison,2006,3.8159250971176126,3.747860341501645,545327.5061299102,95.79234710814055,12,0.9659014723282336,0.9488522084923507,145503.68915598796,3.98353857308642,True,545.3275061299103,862.1,1.0,-14.6,48.8,16.5,87.7,167.6,61300.0,66500.0,38497.374493999996,0.2645800578480776,8.186312385864396,10.051399399965355,8.118424885588343,-17.7,-23.0,-23.4,670.6,971.1,783.6
Madison,2007,17.327823857791046,17.30574166156144,2518049.255337667,380.5116094023362,12,0.9957376840410288,0.9488522084923507,145503.68915598796,4.553822650774728,True,2518.049255337667,1143.1,1.0,-26.1,43.9,15.5,84.6,170.1,72600.0,57800.0,38497.374493999996,0.2645800578480776,3.8159250971176126,8.186312385864396,10.051399399965355,-14.6,-17.7,-23.0,862.1,670.6,971.1
Madison,2008,20.364413114683053,15.69398615646986,2283532.8833293696,563.5021075527019,12,0.7517877372842108,0.007150949136844675,145503.68915598796,3.613901854444876,True,2283.5328833293697,1247.8,1.0,-15.3,54.5,15.5,68.1,153.4,62000.0,70500.0,38497.374493999996,0.2645800578480776,17.327823857791046,3.8159250971176126,8.186312385864396,-26.1,-14.6,-17.7,1143.1,862.1,670.6
Madison,2009,14.676043181860253,9.321640959345475,1356333.1485723297,324.51470858753527,12,0.74752542132524,0.007150949136844675,145503.68915598796,4.5224585491789835,True,1356.3331485723297,1005.4,1.0,-22.9,49.5,14.1,79.8,166.3,74500.0,67000.0,38497.374493999996,0.2645800578480776,20.364413114683053,17.327823857791046,3.8159250971176126,-15.3,-26.1,-14.6,1247.8,1143.1,862.1
Madison,2010,20.633117410239535,20.633117410239525,3002194.701978496,651.8162865190656,12,0.9999999999999996,0.9999999999999996,145503.68915598796,3.1654804945773654,True,3002.1947019784957,1250.1,1.0,-24.1,30.4,13.8,84.3,152.6,68000.0,72500.0,38497.374493999996,0.2645800578480776,14.676043181860253,20.364413114683053,17.327823857791046,-22.9,-15.3,-26.1,1005.4,1247.8,1143.1
Madison,2011,10.386709013310584,10.385467135141399,1511123.7817713427,300.11043955710835,12,0.9957376840410288,0.9488522084923507,145503.68915598796,3.4609622473109893,True,1511.1237817713427,1061.1,1.0,19.0,84.7,13.2,73.5,152.4,73600.0,69400.0,38497.374493999996,0.2645800578480776,20.633117410239535,14.676043181860253,20.364413114683053,-24.1,-22.9,-15.3,1250.1,1005.4,1247.8
Madison,2012,2.148733106349286,2.1437435785225634,311922.59927949245,86.13952877901386,12,0.9829507361641167,0.9488522084923507,145503.68915598796,2.494479754889001,True,311.92259927949243,666.6,1.0,39.4,94.1,12.6,49.8,117.1,70300.0,72200.0,38497.374493999996,0.2645800578480776,10.386709013310584,20.633117410239535,14.676043181860253,19.0,-24.1,-22.9,1061.1,1250.1,1005.4
Madison,2013,11.320235399943742,11.313823033750687,1646202.9898687163,202.6588773374669,12,0.9786884202051459,0.9488522084923507,145503.68915598796,5.58585715497344,True,1646.2029898687163,825.3,1.0,22.9,91.1,12.1,56.3,136.6,69200.0,70500.0,38497.374493999996,0.2645800578480776,2.148733106349286,10.386709013310584,20.633117410239535,39.4,19.0,-24.1,666.6,1061.1,1250.1
Madison,2014,8.566000961768559,8.55773909113467,1245182.6085945058,329.238071242461,12,0.9957376840410288,0.9488522084923507,145503.68915598796,2.601765017466736,True,1245.1826085945058,1097.1,1.0,15.6,90.8,11.6,76.9,163.7,69000.0,69600.0,38497.374493999996,0.2645800578480776,11.320235399943742,2.148733106349286,10.386709013310584,22.9,39.4,19.0,825.3,666.6,1061.1
Madison,2015,12.047277100715194,12.047277100715187,1752923.2624385147,419.5047152203124,12,0.9999999999999996,0.9999999999999996,145503.68915598796,2.8717858616650576,True,1752.9232624385147,1173.9,1.0,-24.7,46.8,11.1,97.6,180.2,68100.0,71800.0,38497.374493999996,0.2645800578480776,8.566000961768559,11.320235399943742,2.148733106349286,15.6,22.9,39.4,1097.1,825.3,666.6
Madison,2016,6.966511262450376,6.966511262450371,1013653.0892332683,268.29370448219356,12,0.9999999999999996,0.9999999999999996,145503.68915598796,2.5965988564270384,True,1013.6530892332682,868.0,1.0,-28.5,49.1,10.6,102.3,190.5,73800.0,71000.0,38497.374493999996,0.2645800578480776,12.047277100715194,8.566000961768559,11.320235399943742,-24.7,15.6,22.9,1173.9,1097.1,825.3
Madison,2017,6.039946685660716,5.918784462445571,861204.9746049716,199.46125330329295,12,0.9068317046583863,0.03542383042358545,145503.68915598796,3.028130318862787,True,861.2049746049715,712.5,1.0,-22.8,49.8,10.5,97.0,180.1,65500.0,74100.0,38497.374493999996,0.2645800578480776,6.966511262450376,12.047277100715194,8.566000961768559,-28.5,-24.7,15.6,868.0,1173.9,1097.1
Madison,2018,9.420128008352318,9.38034038277074,1364874.1312320346,375.7615360918666,12,0.9872130521230873,0.9488522084923507,145503.68915598796,2.506943128433793,True,1364.8741312320346,1053.9,1.0,-26.6,45.9,11.4,87.5,171.4,68500.0,67600.0,38497.374493999996,0.2645800578480776,6.039946685660716,6.966511262450376,12.047277100715194,-22.8,-28.5,-24.7,712.5,868.0,1173.9
Madison,2019,8.0640923578814,8.050435054127643,1171367.999686258,415.33398310445534,12,0.991475368082058,0.9488522084923507,145503.68915598796,1.9415922332204882,True,1171.367999686258,1123.8,1.0,-26.3,46.3,12.4,93.0,178.0,66500.0,67700.0,38497.374493999996,0.2645800578480776,9.420128008352318,6.039946685660716,6.966511262450376,-26.6,-22.8,-28.5,1053.9,712.5,868.0
Mahaska,2001,19.53548086495587,19.511602213353996,2896957.6340089804,263.53397621765265,12,0.9872244676031174,0.9233468056187029,148473.59034545426,7.412888897794916,True,2896.95763400898,873.475,4.0,16.3,58.8,36.7,68.4,147.6,107200.0,106000.0,62680.600482,0.42216666503558464,2.521604125426525,,,18.5,,,809.675,,
Mahaska,2002,8.782718578704907,8.738897840208672,1297495.5379979175,114.73958885689308,12,0.980836701404676,0.9233468056187029,148473.59034545426,7.654479736422097,True,1297.4955379979176,731.375,4.0,6.7,56.7,38.9,74.0,162.9,118500.0,102800.0,62680.600482,0.42216666503558464,19.53548086495587,2.521604125426525,,16.3,18.5,,873.475,809.675,
Mahaska,2003,10.964205698317596,10.707119874179122,1589724.5299785428,129.27922108081435,12,0.9440187151826068,0.6348373597164688,148473.59034545426,8.481027041046069,True,1589.724529978543,855.7,4.0,6.2,58.4,38.7,49.4,140.3,116800.0,105500.0,62680.600482,0.42216666503558464,8.782718578704907,19.53548086495587,2.521604125426525,6.7,16.3,18.5,731.375,873.475,809.675
Mahaska,2004,18.792681623425228,18.79268162342524,2790216.912848985,212.50329456444658,12,1.0000000000000004,1.0000000000000004,148473.59034545426,8.84347777381207,True,2790.216912848985,846.2249999999999,4.0,8.5,64.6,39.7,88.2,184.0,120000.0,102300.0,62680.600482,0.42216666503558464,10.964205698317596,8.782718578704907,19.53548086495587,6.2,6.7,16.3,855.7,731.375,873.475
Mahaska,2005,13.211839499920506,13.206295145392371,1960786.0553981483,150.13193534100438,12,0.993612233801559,0.9233468056187029,148473.59034545426,8.800152659000632,True,1960.7860553981482,643.05,4.0,26.3,68.6,40.9,87.7,170.9,120000.0,101400.0,62680.600482,0.42216666503558464,18.792681623425228,10.964205698317596,8.782718578704907,8.5,6.2,6.7,846.2249999999999,855.7,731.375
Mahaska,2006,11.910841760578892,11.861659631814549,1761143.1929912448,124.10468751011989,12,0.9631820137779313,0.6348373597164688,148473.59034545426,9.597414891848985,True,1761.1431929912449,793.925,4.0,20.2,65.5,41.6,78.7,165.6,119800.0,102900.0,62680.600482,0.42216666503558464,13.211839499920506,18.792681623425228,10.964205698317596,26.3,8.5,6.2,643.05,846.2249999999999,855.7
Mahaska,2007,31.39607057702079,31.396070577020804,4661487.321309556,397.8525700201426,12,1.0000000000000004,1.0000000000000004,148473.59034545426,7.891383126023608,True,4661.487321309556,1165.5249999999999,4.0,20.2,71.3,44.4,81.5,177.0,133900.0,90400.0,62680.600482,0.42216666503558464,11.910841760578892,13.211839499920506,18.792681623425228,20.2,26.3,8.5,793.925,643.05,846.2249999999999
Mahaska,2008,29.253615956766367,27.249856086468768,4045883.9695549468,551.0934314097778,12,0.8941582756749483,0.3069181999038444,148473.59034545426,5.308286088972486,True,4045.883969554947,1176.625,4.0,22.6,74.4,42.9,67.3,162.0,129500.0,96800.0,62680.600482,0.42216666503558464,31.39607057702079,11.910841760578892,13.211839499920506,20.2,20.2,26.3,1165.5249999999999,793.925,643.05
Mahaska,2009,23.98457009078153,21.59886380736376,3206860.8568617865,431.12350065397357,12,0.8941582756749483,0.3069181999038444,148473.59034545426,5.563271325826406,True,3206.8608568617865,1121.0249999999999,4.0,13.4,64.7,43.4,84.7,179.4,131100.0,94200.0,62680.600482,0.42216666503558464,29.253615956766367,31.39607057702079,11.910841760578892,22.6,20.2,20.2,1176.625,1165.5249999999999,793.925
Mahaska,2010,29.532464002257523,29.532464002257534,4384790.96216306,728.0093288080859,12,1.0000000000000004,1.0000000000000004,148473.59034545426,4.056605160624628,True,4384.79096216306,1358.875,4.0,37.5,63.3,44.1,66.7,136.6,125000.0,94400.0,62680.600482,0.42216666503558464,23.98457009078153,29.253615956766367,31.39607057702079,13.4,22.6,20.2,1121.0249999999999,1176.625,1165.5249999999999
Mahaska,2011,16.849721313502418,16.837850965613775,2499976.1865663505,272.372228768844,12,0.9695697799763728,0.7114905540977664,148473.59034545426,6.186284625883201,True,2499.9761865663504,921.95,4.0,33.2,76.5,44.3,79.0,166.6,127900.0,94400.0,62680.600482,0.42216666503558464,29.532464002257523,23.98457009078153,29.253615956766367,37.5,13.4,22.6,1358.875,1121.0249999999999,1176.625
Mahaska,2012,3.072199263788051,3.0112138353707905,447085.729435407,64.17408754052438,12,0.8429697446520005,0.6348373597164688,148473.59034545426,4.787289358571762,True,447.08572943540696,681.6500000000001,4.0,42.6,74.2,44.4,73.4,149.4,132100.0,94600.0,62680.600482,0.42216666503558464,16.849721313502418,29.532464002257523,23.98457009078153,33.2,37.5,13.4,921.95,1358.875,1121.0249999999999
Mahaska,2013,21.10878865839456,21.085979755185015,3130711.1202038815,276.34283513260937,12,0.915097106127559,0.6348373597164688,148473.59034545426,7.638623468658063,True,3130.7111202038814,837.825,4.0,14.9,63.5,42.8,65.1,156.5,124400.0,108400.0,62680.600482,0.42216666503558464,3.072199263788051,16.849721313502418,29.532464002257523,42.6,33.2,37.5,681.6500000000001,921.95,1358.875
Mahaska,2014,17.329919292379348,17.060907243157132,2533094.1529423054,303.72675817666664,12,0.9759575461748143,0.7114905540977664,148473.59034545426,5.705759807405304,True,2533.0941529423053,1158.725,4.0,9.3,64.7,43.8,71.6,170.8,135000.0,102800.0,62680.600482,0.42216666503558464,21.10878865839456,3.072199263788051,16.849721313502418,14.9,42.6,33.2,837.825,681.6500000000001,921.95
Mahaska,2015,33.042887923103564,33.04288792310358,4905996.205325639,432.28430559264643,12,1.0000000000000004,1.0000000000000004,148473.59034545426,7.643786160083452,True,4905.996205325639,1095.175,4.0,11.2,62.7,44.3,88.9,184.7,131300.0,105400.0,62680.600482,0.42216666503558464,17.329919292379348,21.10878865839456,3.072199263788051,9.3,14.9,42.6,1158.725,837.825,681.6500000000001
Mahaska,2016,18.542628409770973,18.54262840977098,2753090.614440318,280.61495885591904,12,1.0000000000000004,1.0000000000000004,148473.59034545426,6.607854579588408,True,2753.0906144403184,731.675,4.0,11.1,66.8,45.9,94.1,195.7,134300.0,101000.0,62680.600482,0.42216666503558464,33.042887923103564,17.329919292379348,21.10878865839456,11.2,9.3,14.9,1095.175,1158.725,837.825
Mahaska,2017,13.498621299777412,13.477685264459858,2001080.3207603786,196.97585040616588,12,0.9504064813810484,0.6348373597164688,148473.59034545426,6.852932109161169,True,2001.0803207603785,624.675,4.0,24.5,68.0,47.1,86.2,176.8,131700.0,104800.0,62680.600482,0.42216666503558464,18.542628409770973,33.042887923103564,17.329919292379348,11.1,11.2,9.3,731.675,1095.175,1158.725
Mahaska,2018,20.62622642445906,20.566740980635377,3053617.8750999225,425.94870755940485,12,0.993612233801559,0.9233468056187029,148473.59034545426,4.842420239432802,True,3053.6178750999225,1108.45,2.0,9.8,61.4,48.4,98.5,198.5,128600.0,98400.0,62680.600482,0.42216666503558464,13.498621299777412,18.542628409770973,33.042887923103564,24.5,11.1,11.2,624.675,731.675,1095.175
Mahaska,2019,20.17989180409004,20.179891804090044,2996180.988936055,458.61787678838203,12,1.0000000000000004,1.0000000000000004,148473.59034545426,4.400153771895281,True,2996.180988936055,1127.3,2.0,14.9,62.1,49.6,83.5,180.3,127200.0,99100.0,62680.600482,0.42216666503558464,20.62622642445906,13.498621299777412,18.542628409770973,9.8,24.5,11.1,1108.45,624.675,731.675
Marion,2001,13.915397070563817,13.91539707056383,2054092.8834759356,234.32527339076088,12,1.0000000000000009,1.0000000000000009,147612.95513594043,5.93849603553369,True,2054.0928834759357,896.2571428571429,7.0,-8.1,49.3,19.2,73.1,149.7,66500.0,71500.0,39095.095715999996,0.2648486759173431,1.4372755782751145,,,-8.1,,,708.5857142857143,,
Marion,2002,4.769247701217775,4.76924770121778,704002.7469520471,94.46715625860212,12,1.0000000000000009,1.0000000000000009,147612.95513594043,5.048577611632605,True,704.0027469520471,825.9571428571428,7.0,-23.7,44.1,16.7,76.5,161.0,74000.0,71700.0,39095.095715999996,0.2648486759173431,13.915397070563817,1.4372755782751145,,-8.1,-8.1,,896.2571428571429,708.5857142857143,
Marion,2003,8.947701662630807,8.947701662630818,1320796.6840957026,131.28048832659567,12,1.0000000000000009,1.0000000000000009,147612.95513594043,6.815713269111997,True,1320.7966840957026,897.9571428571428,7.0,-27.3,45.3,15.6,29.9,118.1,75500.0,72600.0,39095.095715999996,0.2648486759173431,4.769247701217775,13.915397070563817,1.4372755782751145,-23.7,-8.1,-8.1,825.9571428571428,896.2571428571429,708.5857142857143
Marion,2004,12.228915955025968,12.22891595502598,1805146.422230436,219.27099252174108,12,1.0000000000000009,1.0000000000000009,147612.95513594043,5.5770787619404105,True,1805.146422230436,831.2142857142857,7.0,-21.6,51.7,14.2,80.6,168.1,76500.0,71400.0,39095.095715999996,0.2648486759173431,8.947701662630807,4.769247701217775,13.915397070563817,-27.3,-23.7,-8.1,897.9571428571428,825.9571428571428,896.2571428571429
Marion,2005,9.680556659079555,9.680556659079564,1428975.5758076408,165.89266498056176,12,1.0000000000000009,1.0000000000000009,147612.95513594043,5.835433809092078,True,1428.9755758076408,665.1,7.0,-16.8,51.5,13.6,88.0,169.9,75500.0,72600.0,39095.095715999996,0.2648486759173431,12.228915955025968,8.947701662630807,4.769247701217775,-21.6,-27.3,-23.7,831.2142857142857,897.9571428571428,825.9571428571428
Marion,2006,6.3908463828375375,6.390846382837544,943371.7203904855,103.98001161746588,12,1.0000000000000009,1.0000000000000009,147612.95513594043,6.146225878824623,True,943.3717203904855,796.1285714285714,7.0,-17.6,51.7,13.2,75.7,158.2,75900.0,73600.0,39095.095715999996,0.2648486759173431,9.680556659079555,12.228915955025968,8.947701662630807,-16.8,-21.6,-27.3,665.1,831.2142857142857,897.9571428571428
Marion,2007,21.146189153182682,21.146189153182696,3121451.4707648684,382.6313257493287,12,1.0000000000000009,1.0000000000000009,147612.95513594043,5.52651801620552,True,3121.4514707648686,1231.257142857143,7.0,-31.8,45.0,12.6,76.1,165.5,88200.0,63900.0,39095.095715999996,0.2648486759173431,6.3908463828375375,9.680556659079555,12.228915955025968,-17.6,-16.8,-21.6,796.1285714285714,665.1,831.2142857142857
Marion,2008,22.153250164742165,19.565781991000055,2888162.899237083,551.9979511530429,12,0.8428527057021288,0.09707625957955678,147612.95513594043,4.013284853407023,True,2888.162899237083,1187.5285714285715,7.0,-10.0,57.0,11.4,70.2,148.6,81000.0,76600.0,39095.095715999996,0.2648486759173431,21.146189153182682,6.3908463828375375,9.680556659079555,-31.8,-17.6,-16.8,1231.257142857143,796.1285714285714,665.1
Marion,2009,14.89346053788914,11.85882482147372,1750516.1763371765,358.0402809969229,12,0.8428527057021288,0.09707625957955678,147612.95513594043,4.159716470007223,True,1750.5161763371764,1105.6571428571428,7.0,-25.1,47.8,10.7,88.3,171.9,82800.0,75900.0,39095.095715999996,0.2648486759173431,22.153250164742165,21.146189153182682,6.3908463828375375,-10.0,-31.8,-17.6,1187.5285714285715,1231.257142857143,796.1285714285714
Marion,2010,22.02207235198864,22.02207235198866,3250743.1780945365,669.1226726083554,12,1.0000000000000009,1.0000000000000009,147612.95513594043,3.29118609389558,True,3250.7431780945367,1446.9,7.0,-18.7,37.3,10.4,73.0,139.4,78000.0,69800.0,39095.095715999996,0.2648486759173431,14.89346053788914,22.153250164742165,21.146189153182682,-25.1,-10.0,-31.8,1105.6571428571428,1187.5285714285715,1231.257142857143
Marion,2011,13.853136253218409,13.853136253218425,2044902.3802384012,289.2394786488098,12,1.0000000000000009,1.0000000000000009,147612.95513594043,4.7895039494379255,True,2044.9023802384013,973.9285714285713,7.0,-17.2,53.8,9.6,79.2,159.8,79400.0,73900.0,39095.095715999996,0.2648486759173431,22.02207235198864,14.89346053788914,22.153250164742165,-18.7,-25.1,-10.0,1446.9,1105.6571428571428,1187.5285714285715
Marion,2012,2.0998192614506936,2.0998192614506954,309960.5264341051,74.98163772792357,12,1.0000000000000009,1.0000000000000009,147612.95513594043,2.8004446489553128,True,309.96052643410513,635.9761904761905,6.5,-8.0,51.9,9.5,68.4,137.8,81700.0,73400.0,39095.095715999996,0.2648486759173431,13.853136253218409,22.02207235198864,14.89346053788914,-17.2,-18.7,-25.1,973.9285714285713,1446.9,1105.6571428571428
Marion,2013,12.95843931193614,12.95843931193615,1912833.5207846377,211.84668998362815,12,1.0000000000000009,1.0000000000000009,147612.95513594043,6.116894870029637,True,1912.8335207846376,779.9666666666666,6.0,-20.7,52.6,9.8,71.8,154.9,75800.0,76300.0,39095.095715999996,0.2648486759173431,2.0998192614506936,13.853136253218409,22.02207235198864,-8.0,-17.2,-18.7,635.9761904761905,973.9285714285713,1446.9
Marion,2014,10.645133317834668,10.64513331783468,1571359.5868616353,299.41344868557076,12,1.0000000000000009,1.0000000000000009,147612.95513594043,3.5553290490346887,True,1571.3595868616353,1122.7666666666667,6.0,-25.4,54.1,9.4,74.4,163.3,79000.0,73300.0,39095.095715999996,0.2648486759173431,12.95843931193614,2.0998192614506936,13.853136253218409,-20.7,-8.0,-17.2,779.9666666666666,635.9761904761905,973.9285714285713
Marion,2015,19.218092881627474,19.21809288162749,2836839.482334016,413.24557714843615,12,1.0000000000000009,1.0000000000000009,147612.95513594043,4.650525969144108,True,2836.839482334016,1184.81,5.75,-31.4,44.1,9.3,101.9,186.7,76800.0,77500.0,39095.095715999996,0.2648486759173431,10.645133317834668,12.95843931193614,2.0998192614506936,-25.4,-20.7,-8.0,1122.7666666666667,779.9666666666666,635.9761904761905
Marion,2016,12.893414812303769,12.89341481230378,1903235.0622376679,284.1585218720487,12,1.0000000000000009,1.0000000000000009,147612.95513594043,4.53740212588431,True,1903.2350622376678,787.1,5.0,-39.2,46.6,9.1,98.8,193.7,79500.0,74800.0,39095.095715999996,0.2648486759173431,19.218092881627474,10.645133317834668,12.95843931193614,-31.4,-25.4,-20.7,1184.81,1122.7666666666667,779.9666666666666
Marion,2017,8.689723986185617,8.686483777659156,1282237.540160675,201.524183376303,12,0.9590481753685833,0.5085781044229905,147612.95513594043,4.312000594965533,True,1282.237540160675,701.38,5.0,-32.5,47.3,9.1,95.4,184.3,72000.0,77500.0,39095.095715999996,0.2648486759173431,12.893414812303769,19.218092881627474,10.645133317834668,-39.2,-31.4,-25.4,787.1,1184.81,1122.7666666666667
Marion,2018,13.753215513593329,13.753215513593343,2030152.784582974,395.6884967063572,12,1.0000000000000009,1.0000000000000009,147612.95513594043,3.4757683450675776,True,2030.152784582974,1120.8999999999999,3.0,-37.2,43.2,8.9,106.8,196.1,72800.0,73300.0,39095.095715999996,0.2648486759173431,8.689723986185617,12.893414812303769,19.218092881627474,-32.5,-39.2,-31.4,701.38,787.1,1184.81
Marion,2019,11.391211295895499,11.39121129589551,1681490.3619650416,433.3401440843735,12,1.0000000000000009,1.0000000000000009,147612.95513594043,2.628699752699942,True,1681.4903619650415,1108.1,3.0,-31.9,43.7,9.0,93.6,178.2,72800.0,69400.0,39095.095715999996,0.2648486759173431,13.753215513593329,8.689723986185617,12.893414812303769,-37.2,-32.5,-39.2,1120.8999999999999,701.38,787.1
Marshall,2001,29.620147279890507,29.620147279890478,4394192.838427249,299.91319706506897,12,0.999999999999999,0.999999999999999,148351.4851194047,9.876240048704538,True,4394.19283842725,750.94,5.0,-1.0,58.8,19.6,83.7,163.1,134900.0,129200.0,83601.652624,0.5635376858998812,7.137971739226968,,,7.8,,,690.48,,
Marshall,2002,13.595679614714008,13.595679614713994,2016939.262050437,132.66554926553454,12,0.999999999999999,0.999999999999999,148351.4851194047,10.248086025334128,True,2016.939262050437,707.82,5.0,-7.3,61.0,22.2,91.4,181.9,137500.0,125400.0,83601.652624,0.5635376858998812,29.620147279890507,7.137971739226968,,-1.0,7.8,,750.94,690.48,
Marshall,2003,15.671468563404003,15.66947285369953,2324589.5688845217,156.64730531075338,12,0.9890004781993945,0.8680057383927453,148351.4851194047,10.004301403279998,True,2324.5895688845217,914.54,5.0,-13.6,65.4,20.8,36.1,135.9,137500.0,126500.0,83601.652624,0.5635376858998812,13.595679614714008,29.620147279890507,7.137971739226968,-7.3,-1.0,7.8,707.82,750.94,690.48
Marshall,2004,21.53872632157511,21.53872632157509,3195302.0373860765,234.48593483088143,12,0.999999999999999,0.999999999999999,148351.4851194047,9.185508860951302,True,3195.3020373860763,921.38,5.0,-2.2,71.6,19.3,83.9,177.0,142500.0,122400.0,83601.652624,0.5635376858998812,15.671468563404003,13.595679614714008,29.620147279890507,-13.6,-7.3,-1.0,914.54,707.82,750.94
Marshall,2005,18.221877954721798,18.22187795472178,2703242.656247517,187.59955611537325,12,0.999999999999999,0.999999999999999,148351.4851194047,9.713177542656545,True,2703.242656247517,833.92,5.0,-0.1,73.1,18.4,105.4,197.0,142500.0,120900.0,83601.652624,0.5635376858998812,21.53872632157511,15.671468563404003,13.595679614714008,-2.2,-13.6,-7.3,921.38,914.54,707.82
Marshall,2006,16.862574897898387,16.85064388112341,2499818.0449828673,153.4780061896668,12,0.9890004781993945,0.8680057383927453,148351.4851194047,10.98696504895937,True,2499.8180449828674,853.3,5.0,1.0,73.0,17.8,97.1,186.9,141600.0,122900.0,83601.652624,0.5635376858998812,18.221877954721798,21.53872632157511,15.671468563404003,-0.1,-2.2,-13.6,833.92,921.38,914.54
Marshall,2007,45.412502814005656,45.41250281400562,6737012.235446881,442.28070848706597,12,0.999999999999999,0.999999999999999,148351.4851194047,10.267800955947347,True,6737.01223544688,1044.52,5.0,7.6,85.3,18.4,87.8,183.9,158300.0,107700.0,83601.652624,0.5635376858998812,16.862574897898387,18.221877954721798,21.53872632157511,1.0,-0.1,-2.2,853.3,833.92,921.38
Marshall,2008,47.512806395082286,45.46277203099128,6744469.7484424915,597.4116062235458,12,0.8656061399482646,0.25963397049321935,148351.4851194047,7.953110702925219,True,6744.469748442491,1185.54,5.0,14.5,87.1,19.7,80.9,173.2,141500.0,122000.0,83601.652624,0.5635376858998812,45.412502814005656,16.862574897898387,18.221877954721798,7.6,1.0,-0.1,1044.52,853.3,833.92
Marshall,2009,31.672419819824974,28.338978219828658,4204129.505678045,449.8659918942816,12,0.814908492623304,0.25963397049321935,148351.4851194047,7.04041212060946,True,4204.129505678045,1037.48,5.0,4.7,76.3,19.7,85.7,177.0,153000.0,119100.0,83601.652624,0.5635376858998812,47.512806395082286,45.412502814005656,16.862574897898387,14.5,7.6,1.0,1185.54,1044.52,853.3
Marshall,2010,40.03523262441508,40.035232624415045,5939286.216932813,579.0107134745911,12,0.999999999999999,0.999999999999999,148351.4851194047,6.914420008598332,True,5939.286216932813,1133.28,5.0,-4.4,66.8,20.3,94.5,186.0,148000.0,121800.0,83601.652624,0.5635376858998812,31.672419819824974,47.512806395082286,45.412502814005656,4.7,14.5,7.6,1037.48,1185.54,1044.52
Marshall,2011,18.203489903955667,18.197387972552715,2699609.5310221887,244.59477659207386,12,0.9890004781993945,0.8680057383927453,148351.4851194047,7.442305251806246,True,2699.6095310221885,722.28,5.0,23.5,89.1,20.9,87.9,174.4,158600.0,114700.0,83601.652624,0.5635376858998812,40.03523262441508,31.672419819824974,47.512806395082286,-4.4,4.7,14.5,1133.28,1037.48,1185.54
Marshall,2012,3.833161102789016,3.6761240316472463,545358.4595780023,64.57331395728662,12,0.9182348310494199,0.8107835422365726,148351.4851194047,5.936138116319292,True,545.3584595780023,609.66,5.0,16.5,79.6,20.2,87.9,171.2,152000.0,117100.0,83601.652624,0.5635376858998812,18.203489903955667,40.03523262441508,31.672419819824974,23.5,-4.4,4.7,722.28,1133.28,1037.48
Marshall,2013,33.66430043848483,33.654674466399335,4992720.93830045,343.69738508497466,12,0.9670014345981855,0.8680057383927453,148351.4851194047,9.794750236508717,True,4992.72093830045,941.08,5.0,12.8,83.0,20.0,66.0,156.2,152900.0,118000.0,83601.652624,0.5635376858998812,3.833161102789016,18.203489903955667,40.03523262441508,16.5,23.5,-4.4,609.66,722.28,1133.28
Marshall,2014,31.733574787510793,31.6490814884187,4695188.241471973,320.08407208990485,12,0.9890004781993945,0.8680057383927453,148351.4851194047,9.914137426556328,True,4695.188241471973,1095.46,5.0,-7.9,66.1,20.2,91.4,185.6,148000.0,127500.0,83601.652624,0.5635376858998812,33.66430043848483,3.833161102789016,18.203489903955667,12.8,16.5,23.5,941.08,609.66,722.28
Marshall,2015,45.72406450389245,45.72406450389241,6783232.8748478955,404.5249886881058,12,0.999999999999999,0.999999999999999,148351.4851194047,11.303149566156053,True,6783.232874847896,1130.975,4.416666666666667,-4.9,69.7,20.5,100.4,195.5,147700.0,125500.0,83601.652624,0.5635376858998812,31.733574787510793,33.66430043848483,3.833161102789016,-7.9,12.8,16.5,1095.46,941.08,609.66
Marshall,2016,37.106597537154386,37.10659753715434,5504818.852364892,351.70647883504955,12,0.999999999999999,0.999999999999999,148351.4851194047,10.55044469469594,True,5504.818852364892,857.45,4.0,-7.9,74.3,20.7,103.7,206.6,152800.0,122000.0,83601.652624,0.5635376858998812,45.72406450389245,31.733574787510793,33.66430043848483,-4.9,-7.9,12.8,1130.975,1095.46,941.08
Marshall,2017,23.697841045273737,23.6935719345385,3514976.5842722333,244.16726195224444,12,0.9890004781993945,0.8680057383927453,148351.4851194047,9.705576765614339,True,3514.976584272233,654.975,4.0,-4.4,75.7,21.6,113.8,215.5,146000.0,128200.0,83601.652624,0.5635376858998812,37.106597537154386,45.72406450389245,31.733574787510793,-7.9,-4.9,-7.9,857.45,1130.975,1095.46
Marshall,2018,33.173290615210526,33.1732906152105,4921306.9290640885,476.6951425855975,12,0.999999999999999,0.999999999999999,148351.4851194047,6.959015868145495,True,4921.306929064089,1205.6166666666668,2.3333333333333335,-16.9,68.2,22.1,104.2,211.4,149300.0,119400.0,83601.652624,0.5635376858998812,23.697841045273737,37.106597537154386,45.72406450389245,-4.4,-7.9,-4.9,654.975,857.45,1130.975
Marshall,2019,29.516363219476116,29.516363219476084,4378796.318933051,472.93572034491456,12,0.999999999999999,0.999999999999999,148351.4851194047,6.241094074676718,True,4378.796318933051,997.2,2.0,-17.5,69.0,22.4,97.4,206.3,147900.0,113700.0,83601.652624,0.5635376858998812,33.173290615210526,23.697841045273737,37.106597537154386,-16.9,-4.4,-7.9,1205.6166666666668,654.975,857.45
Mills,2001,9.349647832460827,5.56737641237141,635255.7169401587,154.38987016906506,12,0.5954637556552839,0.5954637556552839,114103.24538655956,6.0558687057787335,True,635.2557169401588,678.3,2.0,-13.3,56.8,3.5,71.7,145.3,93800.0,98400.0,7015.23181,0.061481439780558055,2.1429942175838734,,,-5.3,,,762.1999999999999,,
Mills,2002,3.0144256705273422,1.7949812309159086,204813.1838554666,68.49130560291813,12,0.5954637556552839,0.5954637556552839,114103.24538655956,4.401180038826578,True,204.8131838554666,668.75,2.0,-7.6,59.8,2.3,52.0,121.7,101500.0,92200.0,7015.23181,0.061481439780558055,9.349647832460827,2.1429942175838734,,-13.3,-5.3,,678.3,762.1999999999999,
Mills,2003,6.313973929083627,3.759742628921686,428998.8357781596,96.15714019196369,12,0.5954637556552839,0.5954637556552839,114103.24538655956,6.566307937693134,True,428.9988357781596,628.0,2.0,-13.4,66.1,2.2,30.1,111.8,96500.0,99600.0,7015.23181,0.061481439780558055,3.0144256705273422,9.349647832460827,2.1429942175838734,-7.6,-13.3,-5.3,668.75,678.3,762.1999999999999
Mills,2004,14.396683617113018,8.572703295627013,978173.267767097,184.6781420235712,12,0.5954637556552839,0.5954637556552839,114103.24538655956,7.795553636919041,True,978.173267767097,720.6999999999999,2.0,-24.6,64.8,2.2,82.7,174.3,99000.0,94700.0,7015.23181,0.061481439780558055,6.313973929083627,3.0144256705273422,9.349647832460827,-13.4,-7.6,-13.3,628.0,668.75,678.3
Mills,2005,9.260055059041553,5.514027163031595,629168.3944515489,131.86405315973437,12,0.5954637556552839,0.5954637556552839,114103.24538655956,7.022425624839793,True,629.1683944515489,659.4,2.0,-7.3,73.8,2.2,83.7,167.0,99000.0,95000.0,7015.23181,0.061481439780558055,14.396683617113018,6.313973929083627,3.0144256705273422,-24.6,-13.4,-7.6,720.6999999999999,628.0,668.75
Mills,2006,4.5018457774812575,2.6806859940398713,305874.97178224474,82.98450760785653,12,0.5954637556552839,0.5954637556552839,114103.24538655956,5.424923166086301,True,305.87497178224476,766.4,2.0,-10.2,68.7,2.0,86.7,167.6,98000.0,95700.0,7015.23181,0.061481439780558055,9.260055059041553,14.396683617113018,6.313973929083627,-7.3,-24.6,-13.4,659.4,720.6999999999999,628.0
Mills,2007,35.722512375298585,21.271461380437653,2427142.7776228026,374.7892867875948,12,0.5954637556552839,0.5954637556552839,114103.24538655956,9.531358988802603,True,2427.1427776228024,1142.2,2.0,13.1,88.3,2.4,84.6,162.2,101000.0,90800.0,7015.23181,0.061481439780558055,4.5018457774812575,9.260055059041553,14.396683617113018,-10.2,-7.3,-24.6,766.4,659.4,720.6999999999999
Mills,2010,35.37775739276311,21.066172283756206,2403718.6254489743,475.186227042358,12,0.5954637556552839,0.5954637556552839,114103.24538655956,7.445030049157873,True,2403.7186254489743,937.0,2.0,-19.8,60.9,1.1,85.9,167.7,97000.0,92000.0,7015.23181,0.061481439780558055,11.192935389498965,24.143766775213642,35.722512375298585,-12.9,-0.1,13.1,834.05,1092.25,1142.2
Mills,2011,17.13346906847846,10.20235983891982,1164122.3682222485,246.44692297174112,12,0.5954637556552839,0.5954637556552839,114103.24538655956,6.952194355635379,True,1164.1223682222485,877.25,2.0,-9.8,73.1,1.0,68.8,152.7,96700.0,86000.0,7015.23181,0.061481439780558055,35.37775739276311,11.192935389498965,24.143766775213642,-19.8,-12.9,-0.1,937.0,834.05,1092.25
Mills,2012,5.635611460954889,3.4064478683757087,388686.7570217962,108.90259402643834,12,0.6239102764125358,0.5954637556552839,114103.24538655956,5.174910213421297,True,388.6867570217962,628.95,2.0,-6.7,69.2,1.2,51.0,128.1,101100.0,93200.0,7015.23181,0.061481439780558055,17.13346906847846,35.37775739276311,11.192935389498965,-9.8,-19.8,-12.9,877.25,937.0,834.05
Mills,2013,14.05681189085004,8.370322001065418,955080.9052520858,168.65092003446364,12,0.5954637556552839,0.5954637556552839,114103.24538655956,8.334856334004906,True,955.0809052520858,859.15,2.0,-25.6,60.4,0.9,82.9,169.8,98900.0,93200.0,7015.23181,0.061481439780558055,5.635611460954889,17.13346906847846,35.37775739276311,-6.7,-9.8,-19.8,628.95,877.25,937.0
Mills,2014,27.2545791536569,16.229114061640747,1851794.5841818585,348.4512549175964,12,0.5954637556552839,0.5954637556552839,114103.24538655956,7.821633232488202,True,1851.7945841818585,1057.55,2.0,-30.9,56.9,0.8,96.4,185.0,97000.0,94200.0,7015.23181,0.061481439780558055,14.05681189085004,5.635611460954889,17.13346906847846,-25.6,-6.7,-9.8,859.15,628.95,877.25
Mills,2015,35.836638233755615,21.339419192731864,2434896.9845549427,399.75301810217707,12,0.5954637556552839,0.5954637556552839,114103.24538655956,8.964694851808662,True,2434.8969845549427,1241.55,2.0,-32.5,56.8,0.7,96.2,186.2,97700.0,92300.0,7015.23181,0.061481439780558055,27.2545791536569,14.05681189085004,5.635611460954889,-30.9,-25.6,-6.7,1057.55,859.15,628.95
Mills,2016,37.05870374273859,22.067114910367636,2517929.4275910864,448.6011522125275,12,0.5954637556552839,0.5954637556552839,114103.24538655956,8.260947070680238,True,2517.9294275910866,944.75,2.0,-29.7,60.5,0.7,97.9,188.8,98400.0,90400.0,7015.23181,0.061481439780558055,35.836638233755615,27.2545791536569,14.05681189085004,-32.5,-30.9,-25.6,1241.55,1057.55,859.15
Mills,2017,20.22433420405203,12.042858000772437,1374129.18161763,291.11101979438666,12,0.5954637556552839,0.5954637556552839,114103.24538655956,6.947292554688102,True,1374.12918161763,930.85,2.0,-24.6,61.5,0.7,105.3,192.1,91200.0,98400.0,7015.23181,0.061481439780558055,37.05870374273859,35.836638233755615,27.2545791536569,-29.7,-32.5,-30.9,944.75,1241.55,1057.55
Mills,2018,22.249351011376056,13.248682114126677,1511717.6263167188,328.19176798346774,12,0.5954637556552839,0.5954637556552839,114103.24538655956,6.77937510379506,True,1511.7176263167187,1003.0,1.5833333333333333,-33.5,55.5,0.6,101.2,190.8,86950.0,95333.0,7015.23181,0.061481439780558055,20.22433420405203,37.05870374273859,35.836638233755615,-24.6,-29.7,-32.5,930.85,944.75,1241.55
Mills,2019,25.165887045113408,14.985373614279885,1709879.7627194521,418.28373678262767,12,0.5954637556552839,0.5954637556552839,114103.24538655956,6.01646318804681,True,1709.8797627194522,941.3,1.0,-36.7,56.1,0.6,93.4,186.8,82700.0,92267.0,7015.23181,0.061481439780558055,22.249351011376056,20.22433420405203,37.05870374273859,-33.5,-24.6,-29.7,1003.0,930.85,944.75
Mitchell,2001,31.911520818139127,31.393419421519663,3816262.881788153,342.4782516416109,12,0.9875170377918886,0.9833560503891845,121562.51061877537,9.317824026832861,True,3816.262881788153,863.65,2.0,17.5,63.9,39.4,43.0,128.8,123300.0,110200.0,72247.377522,0.594322848008384,19.581019012419443,,,29.8,,,936.6999999999999,,
Mitchell,2002,7.125643266641177,7.1256432666411795,866211.0852666737,118.76945083113178,12,1.0000000000000004,1.0000000000000004,121562.51061877537,5.999558991623634,True,866.2110852666736,823.05,2.0,15.0,65.4,42.9,75.6,168.9,124500.0,104700.0,72247.377522,0.594322848008384,31.911520818139127,19.581019012419443,,17.5,29.8,,863.65,936.6999999999999,
Mitchell,2003,13.22646390042553,13.226463900425536,1607842.1583443282,151.49107832118443,12,1.0000000000000004,1.0000000000000004,121562.51061877537,8.730853359155176,True,1607.8421583443283,654.5,2.0,20.4,71.9,41.7,30.9,124.1,128000.0,105500.0,72247.377522,0.594322848008384,7.125643266641177,31.911520818139127,19.581019012419443,15.0,17.5,29.8,823.05,863.65,936.6999999999999
Mitchell,2004,25.31156819786786,25.311568197867874,3076937.777831171,341.79435056429224,12,1.0000000000000004,1.0000000000000004,121562.51061877537,7.40549636238259,True,3076.9377778311714,1032.2,2.0,20.7,75.9,41.3,58.8,155.3,132000.0,101300.0,72247.377522,0.594322848008384,13.22646390042553,7.125643266641177,31.911520818139127,20.4,15.0,17.5,654.5,823.05,863.65
Mitchell,2005,17.541526592399457,17.541526592399464,2132392.012658091,238.32636244284686,12,1.0000000000000004,1.0000000000000004,121562.51061877537,7.36029636528611,True,2132.3920126580906,967.0500000000001,2.0,29.2,83.9,42.4,81.3,178.4,130000.0,100000.0,72247.377522,0.594322848008384,25.31156819786786,13.22646390042553,7.125643266641177,20.7,20.4,15.0,1032.2,654.5,823.05
Mitchell,2006,25.634473762653766,25.634473762653776,3116190.988979318,248.38907034748755,12,1.0000000000000004,1.0000000000000004,121562.51061877537,10.320290553361321,True,3116.1909889793183,894.7,2.0,31.4,79.3,43.5,76.9,168.3,132800.0,96800.0,72247.377522,0.594322848008384,17.541526592399457,25.31156819786786,13.22646390042553,29.2,20.7,20.4,967.0500000000001,1032.2,654.5
Mitchell,2007,28.280345923961605,28.280345923961626,3437829.851684225,375.98178853827585,12,1.0000000000000004,1.0000000000000004,121562.51061877537,7.521732909965823,True,3437.8298516842246,948.8,2.0,41.3,94.4,46.4,64.6,164.1,152600.0,80800.0,72247.377522,0.594322848008384,25.634473762653766,17.541526592399457,25.31156819786786,31.4,29.2,20.7,894.7,967.0500000000001,1032.2
Mitchell,2008,33.873825052898674,33.40469211376243,4060758.239796168,426.27609505412033,12,0.7793522375069043,0.11740895002761612,121562.51061877537,7.946451946501487,True,4060.7582397961683,1144.25,2.0,40.5,95.4,45.5,52.8,153.2,144500.0,86700.0,72247.377522,0.594322848008384,28.280345923961605,25.634473762653766,17.541526592399457,41.3,31.4,29.2,948.8,894.7,967.0500000000001
Mitchell,2010,27.716881015056224,27.716881015056234,3369333.6427121074,376.1012056513984,12,1.0000000000000004,1.0000000000000004,121562.51061877537,7.369527297061237,True,3369.3336427121076,1035.3,2.0,27.7,88.1,44.0,71.4,175.8,146000.0,88100.0,72247.377522,0.594322848008384,14.771975159787736,33.873825052898674,28.280345923961605,19.7,40.5,41.3,897.0,1144.25,948.8
Mitchell,2011,27.945996308079586,27.945996308079597,3397185.4729531836,333.04612989872624,12,1.0000000000000004,1.0000000000000004,121562.51061877537,8.391028689202152,True,3397.1854729531838,805.9,2.0,49.3,107.7,43.7,61.3,163.4,155000.0,83100.0,72247.377522,0.594322848008384,27.716881015056224,14.771975159787736,33.873825052898674,27.7,19.7,40.5,1035.3,897.0,1144.25
Mitchell,2012,4.670088295011966,4.669942134352201,567689.890296256,91.54458454705193,12,0.9997278997661844,0.9967347971942074,121562.51061877537,5.101435893907675,True,567.6898902962561,648.25,2.0,64.8,104.4,43.7,45.3,128.6,144400.0,83000.0,72247.377522,0.594322848008384,27.945996308079586,27.716881015056224,14.771975159787736,49.3,27.7,19.7,805.9,1035.3,897.0
Mitchell,2013,51.90135661866645,51.90135661866649,6309259.215085493,418.3805092315773,12,1.0000000000000004,1.0000000000000004,121562.51061877537,12.405299834352128,True,6309.259215085493,1199.85,2.0,31.6,71.5,55.7,47.9,143.5,102200.0,69800.0,72247.377522,0.594322848008384,4.670088295011966,27.945996308079586,27.716881015056224,64.8,49.3,27.7,648.25,805.9,1035.3
Mitchell,2014,29.791026445342403,29.791026445342418,3621471.968606155,317.4135062902036,12,1.0000000000000004,1.0000000000000004,121562.51061877537,9.385557279375876,True,3621.471968606155,1015.05,2.0,31.9,93.1,40.3,56.8,158.3,153000.0,81800.0,72247.377522,0.594322848008384,51.90135661866645,4.670088295011966,27.945996308079586,31.6,64.8,49.3,1199.85,648.25,805.9
Mitchell,2015,28.09388244741696,28.093882447416973,3415162.8833367527,308.07734009298974,12,1.0000000000000004,1.0000000000000004,121562.51061877537,9.119100560572592,True,3415.1628833367527,1059.85,2.0,21.3,88.3,39.0,84.9,190.9,146400.0,91400.0,72247.377522,0.594322848008384,29.791026445342403,51.90135661866645,4.670088295011966,31.9,31.6,64.8,1015.05,1199.85,648.25
Mitchell,2016,54.771689362052655,54.77168936205268,6658184.069682795,601.6634820267286,12,1.0000000000000004,1.0000000000000004,121562.51061877537,9.103376056255222,True,6658.184069682795,1286.35,2.0,24.1,94.2,37.9,79.7,187.7,156200.0,83900.0,72247.377522,0.594322848008384,28.09388244741696,29.791026445342403,51.90135661866645,21.3,31.9,31.6,1059.85,1015.05,1199.85
Mitchell,2017,31.867405834155793,31.867405834155804,3873881.8601073897,405.85880610116084,12,1.0000000000000004,1.0000000000000004,121562.51061877537,7.851845359790666,True,3873.88186010739,908.7,2.0,21.5,96.0,38.3,74.9,187.7,144900.0,92500.0,72247.377522,0.594322848008384,54.771689362052655,28.09388244741696,29.791026445342403,24.1,21.3,31.9,1286.35,1059.85,1015.05
Mitchell,2018,46.76410391958838,46.76410391958841,5684761.87930248,647.1546086445203,12,1.0000000000000004,1.0000000000000004,121562.51061877537,7.226110004460423,True,5684.76187930248,1285.3,2.0,22.9,86.7,39.9,76.8,180.5,139500.0,88700.0,72247.377522,0.594322848008384,31.867405834155793,54.771689362052655,28.09388244741696,21.5,24.1,21.3,908.7,1286.35,1059.85
Mitchell,2019,37.09147571483853,37.09147571483855,4508932.91045111,606.4541043838336,12,1.0000000000000004,1.0000000000000004,121562.51061877537,6.116122464456567,True,4508.932910451111,1276.2,2.0,19.3,87.9,42.2,57.2,168.0,148600.0,76900.0,72247.377522,0.594322848008384,46.76410391958838,31.867405834155793,54.771689362052655,22.9,21.5,24.1,1285.3,908.7,1286.35
Monona,2001,6.570362596546773,5.15900831468127,934189.1451581622,125.68644900943796,12,0.7851938517659168,0.7851938517659168,181079.20906033227,5.2275823275533835,True,934.1891451581622,805.9857142857143,7.0,-3.2,60.4,9.8,67.6,141.0,155400.0,150100.0,2210.799618,0.012209019629986356,2.0885875581698774,,,-0.2,,,481.8857142857143,,
Monona,2002,3.4973789996151248,2.7461204877930285,497265.32591393543,70.84797851448513,12,0.7851938517659168,0.7851938517659168,181079.20906033227,4.936455595412751,True,497.26532591393544,636.0,7.0,-9.5,62.2,7.6,60.1,139.4,163000.0,142000.0,2210.799618,0.012209019629986356,6.570362596546773,2.0885875581698774,,-3.2,-0.2,,805.9857142857143,481.8857142857143,
Monona,2003,6.893067901484778,5.935261875622574,1074752.5260036802,93.63917249198525,12,0.8030943641187571,0.7851938517659168,181079.20906033227,7.361308006085561,True,1074.7525260036803,694.4,7.0,-7.2,68.4,7.2,46.2,129.0,155000.0,150200.0,2210.799618,0.012209019629986356,3.4973789996151248,6.570362596546773,2.0885875581698774,-9.5,-3.2,-0.2,636.0,805.9857142857143,481.8857142857143
Monona,2004,8.260754972707277,6.870446950967017,1244095.099772079,110.45447896749359,12,0.8030943641187571,0.7851938517659168,181079.20906033227,7.47887731663502,True,1244.0950997720788,693.9142857142857,7.0,-15.0,70.0,6.9,60.8,152.7,163000.0,137700.0,2210.799618,0.012209019629986356,6.893067901484778,3.4973789996151248,6.570362596546773,-7.2,-9.5,-3.2,694.4,636.0,805.9857142857143
Monona,2005,5.894783877904849,4.68301068514438,847995.8708870289,82.00136923969836,12,0.8030943641187571,0.7851938517659168,181079.20906033227,7.188640790465088,True,847.9958708870289,608.8,7.0,-1.5,79.3,6.7,58.5,146.0,163000.0,133900.0,2210.799618,0.012209019629986356,8.260754972707277,6.893067901484778,3.4973789996151248,-15.0,-7.2,-9.5,693.9142857142857,694.4,636.0
Monona,2006,4.865430859409948,3.8613589718845645,699211.8285268749,70.08757872889423,12,0.8030943641187571,0.7851938517659168,181079.20906033227,6.941930292998023,True,699.2118285268749,693.3142857142857,7.0,14.6,73.6,6.5,70.2,135.7,163300.0,140700.0,2210.799618,0.012209019629986356,5.894783877904849,8.260754972707277,6.893067901484778,-1.5,-15.0,-7.2,608.8,693.9142857142857,694.4
Monona,2007,15.692252514363451,12.32146019463643,2231160.266513133,191.85121415910865,12,0.7851938517659168,0.7851938517659168,181079.20906033227,8.179386605992152,True,2231.160266513133,954.4571428571429,7.0,10.8,88.1,6.9,66.3,150.5,180500.0,123900.0,2210.799618,0.012209019629986356,4.865430859409948,5.894783877904849,8.260754972707277,14.6,-1.5,-15.0,693.3142857142857,608.8,693.9142857142857
Monona,2010,22.518050158479245,17.681034538194435,3201667.7495446657,276.36086627379694,12,0.7851938517659168,0.7851938517659168,181079.20906033227,8.14806034663754,True,3201.6677495446656,897.0,7.0,-13.4,69.7,5.3,75.5,163.9,171000.0,145500.0,2210.799618,0.012209019629986356,8.633747983826789,12.757880101529755,15.692252514363451,-20.3,-1.1,10.8,818.9857142857143,910.4,954.4571428571429
Monona,2011,15.640301945336343,12.280668927240606,2223773.816076528,196.39622512888926,12,0.7851938517659168,0.7851938517659168,181079.20906033227,7.963646926040487,True,2223.773816076528,651.3642857142858,6.916666666666667,-0.1,84.7,4.9,58.7,148.4,184500.0,122300.0,2210.799618,0.012209019629986356,22.518050158479245,8.633747983826789,12.757880101529755,-13.4,-20.3,-1.1,897.0,818.9857142857143,910.4
Monona,2012,3.3927190647585665,2.675482449121171,484474.2457416623,64.44678041472812,12,0.8030943641187571,0.7851938517659168,181079.20906033227,5.264373243978567,True,484.4742457416623,558.1333333333333,6.0,10.6,80.9,4.4,40.3,115.0,181900.0,131300.0,2210.799618,0.012209019629986356,15.640301945336343,22.518050158479245,8.633747983826789,-0.1,-13.4,-20.3,651.3642857142858,897.0,818.9857142857143
Monona,2013,7.793759067749575,6.119611702141831,1108134.4467801966,94.24271835341811,12,0.7851938517659168,0.7851938517659168,181079.20906033227,8.26987931154779,True,1108.1344467801966,734.6333333333333,6.0,-10.8,81.1,4.3,71.1,167.3,193900.0,123900.0,2210.799618,0.012209019629986356,3.3927190647585665,15.640301945336343,22.518050158479245,10.6,-0.1,-13.4,558.1333333333333,651.3642857142858,897.0
Monona,2014,11.549053835218164,9.550000991159365,1729306.6260045266,164.6883474163932,12,0.8030943641187571,0.7851938517659168,181079.20906033227,7.012672126715725,True,1729.3066260045266,996.2666666666667,6.0,-17.0,63.2,4.5,70.8,155.5,175500.0,145600.0,2210.799618,0.012209019629986356,7.793759067749575,3.3927190647585665,15.640301945336343,-10.8,10.6,-0.1,734.6333333333333,558.1333333333333,651.3642857142858
Monona,2015,23.622218162520678,18.54802046628441,3358660.8756696368,231.26487294759968,12,0.7851938517659168,0.7851938517659168,181079.20906033227,10.214356318554712,True,3358.660875669637,1020.6666666666666,6.0,-14.0,69.4,4.8,81.7,169.9,175300.0,140900.0,2210.799618,0.012209019629986356,11.549053835218164,7.793759067749575,3.3927190647585665,-17.0,-10.8,10.6,996.2666666666667,734.6333333333333,558.1333333333333
Monona,2016,31.885118270421785,25.035998828764292,4533498.865948043,301.54613009457404,12,0.7851938517659168,0.7851938517659168,181079.20906033227,10.573877456302172,True,4533.498865948043,779.6166666666667,6.0,-13.6,74.0,5.2,90.3,183.1,172000.0,137000.0,2210.799618,0.012209019629986356,23.622218162520678,11.549053835218164,7.793759067749575,-14.0,-17.0,-10.8,1020.6666666666666,996.2666666666667,734.6333333333333
Monona,2017,14.900976861971138,11.70015541732592,2118654.88885234,189.80198890844716,12,0.7851938517659168,0.7851938517659168,181079.20906033227,7.850801220612482,True,2118.6548888523403,847.9666666666667,6.0,-14.7,75.3,5.8,95.7,191.5,166600.0,142200.0,2210.799618,0.012209019629986356,31.885118270421785,23.622218162520678,11.549053835218164,-13.6,-14.0,-17.0,779.6166666666667,1020.6666666666666,996.2666666666667
Monona,2018,18.859753222168525,14.808562275869166,2681522.7442350625,265.46339449010054,12,0.7851938517659168,0.7851938517659168,181079.20906033227,7.104464726066715,True,2681.5227442350624,966.3166666666667,1.8333333333333333,-17.0,67.9,5.3,91.4,181.6,164800.0,138000.0,2210.799618,0.012209019629986356,14.900976861971138,31.885118270421785,23.622218162520678,-14.7,-13.6,-14.0,847.9666666666667,779.6166666666667,1020.6666666666666
Monona,2019,20.75250597947938,16.294740103822633,2950638.649843879,306.98960402932937,12,0.7851938517659168,0.7851938517659168,181079.20906033227,6.760002849313657,True,2950.638649843879,815.1,1.0,-28.8,68.7,5.0,86.4,188.9,171000.0,126600.0,2210.799618,0.012209019629986356,18.859753222168525,14.900976861971138,31.885118270421785,-17.0,-14.7,-13.6,966.3166666666667,847.9666666666667,779.6166666666667
Monroe,2001,12.783655085400198,12.783655085400184,1436069.096101103,264.25711094537604,12,0.9999999999999988,0.9999999999999988,112336.34563100757,4.837582246951408,True,1436.0690961011028,1116.2,1.0,24.3,35.5,58.0,70.0,139.2,13300.0,21500.0,7053.67698,0.06279069289977876,1.14604324752229,,,-8.3,,,884.6,,
Monroe,2002,4.334568064780738,4.334568064780732,486929.536286336,107.68494295767515,12,0.9999999999999988,0.9999999999999988,112336.34563100757,4.025231332930558,True,486.92953628633603,740.5,1.0,-13.1,29.0,44.3,60.8,147.2,25000.0,26900.0,7053.67698,0.06279069289977876,12.783655085400198,1.14604324752229,,24.3,-8.3,,1116.2,884.6,
Monroe,2003,6.957784836009812,6.887429093674522,773708.6151760785,119.50353623488505,12,0.9941357187160272,0.9765428748641128,112336.34563100757,5.822241797375968,True,773.7086151760785,662.3,1.0,-16.1,30.1,38.4,15.1,99.7,26000.0,26800.0,7053.67698,0.06279069289977876,4.334568064780738,12.783655085400198,1.14604324752229,-13.1,24.3,-8.3,740.5,1116.2,884.6
Monroe,2004,9.716898162446153,9.716898162446142,1091560.830437852,192.07451707605372,12,0.9999999999999988,0.9999999999999988,112336.34563100757,5.058921042919324,True,1091.560830437852,891.7,1.0,-21.0,36.7,32.3,76.2,166.2,27500.0,25900.0,7053.67698,0.06279069289977876,6.957784836009812,4.334568064780738,12.783655085400198,-16.1,-13.1,24.3,662.3,740.5,1116.2
Monroe,2005,8.198205678222683,8.198205678222672,920956.4666229109,142.27893598667183,12,0.9999999999999988,0.9999999999999988,112336.34563100757,5.762065636329092,True,920.956466622911,680.4,1.0,-19.5,35.9,26.1,81.1,162.6,27000.0,28300.0,7053.67698,0.06279069289977876,9.716898162446153,6.957784836009812,4.334568064780738,-21.0,-16.1,-13.1,891.7,662.3,740.5
Monroe,2006,5.194298532569565,5.19429853256956,583508.5152653696,88.90442914949023,12,0.9999999999999988,0.9999999999999988,112336.34563100757,5.842564405689511,True,583.5085152653695,737.5999999999999,1.0,-22.3,33.3,23.0,60.5,139.1,25900.0,27400.0,7053.67698,0.06279069289977876,8.198205678222683,9.716898162446153,6.957784836009812,-19.5,-21.0,-16.1,680.4,891.7,662.3
Monroe,2007,19.389368194108723,19.3893681941087,2178130.76702026,363.5513799901184,12,0.9999999999999988,0.9999999999999988,112336.34563100757,5.33332267770122,True,2178.13076702026,1101.2,1.0,-41.4,25.1,22.8,69.2,158.5,31600.0,23000.0,7053.67698,0.06279069289977876,5.194298532569565,8.198205678222683,9.716898162446153,-22.3,-19.5,-21.0,737.5999999999999,680.4,891.7
Monroe,2010,21.09129235872208,21.091292358722058,2369318.70821403,670.5344616880752,12,0.9999999999999988,0.9999999999999988,112336.34563100757,3.14544494933558,True,2369.3187082140303,1441.0,1.0,-13.9,20.2,22.4,73.8,130.3,26500.0,30900.0,7053.67698,0.06279069289977876,10.172787215341193,19.5269748022045,19.389368194108723,-30.5,-23.2,-41.4,1097.7,1221.9,1101.2
Monroe,2011,17.719359757014114,17.719359757014097,1990528.1220241014,292.74044800009455,12,0.9999999999999988,0.9999999999999988,112336.34563100757,6.052924998259343,True,1990.5281220241015,787.6,1.0,24.9,73.0,20.9,65.1,134.1,32000.0,33600.0,7053.67698,0.06279069289977876,21.09129235872208,10.172787215341193,19.5269748022045,-13.9,-30.5,-23.2,1441.0,1097.7,1221.9
Monroe,2012,1.7051911877803474,1.705191187780345,191554.9466374412,67.19274459906457,12,0.9999999999999988,0.9999999999999988,112336.34563100757,2.5377608817069905,True,191.5549466374412,690.5999999999999,1.0,43.8,75.0,27.7,41.1,100.0,29600.0,35700.0,7053.67698,0.06279069289977876,17.719359757014114,21.09129235872208,10.172787215341193,24.9,-13.9,-30.5,787.6,1441.0,1097.7
Monroe,2013,10.592402309805117,10.58582714621159,1189173.137086928,217.88970770988422,12,0.9980452395720083,0.9765428748641128,112336.34563100757,4.861359639762648,True,1189.173137086928,925.9,1.0,20.0,74.7,21.6,30.1,106.4,28600.0,32700.0,7053.67698,0.06279069289977876,1.7051911877803474,17.719359757014114,21.09129235872208,43.8,24.9,-13.9,690.5999999999999,787.6,1441.0
Monroe,2014,8.947600097401327,8.94760009740132,1005140.6971097114,264.35688898587614,12,0.9999999999999988,0.9999999999999988,112336.34563100757,3.384666891687991,True,1005.1406971097114,912.1999999999999,1.0,27.5,93.6,20.8,84.6,171.5,31200.0,33200.0,7053.67698,0.06279069289977876,10.592402309805117,1.7051911877803474,17.719359757014114,20.0,43.8,24.9,925.9,690.5999999999999,787.6
Monroe,2015,23.148994685516826,23.148994685516797,2600473.4680025727,396.7398785704072,12,0.9999999999999988,0.9999999999999988,112336.34563100757,5.834804096056783,True,2600.4734680025726,1075.5,1.0,-32.9,33.8,23.4,84.0,174.1,29650.0,27900.0,7053.67698,0.06279069289977876,8.947600097401327,10.592402309805117,1.7051911877803474,27.5,20.0,43.8,912.1999999999999,925.9,690.5999999999999
Monroe,2016,17.54660286647048,17.54660286647046,1971121.2442578538,290.19779573869744,12,0.9999999999999988,0.9999999999999988,112336.34563100757,6.0464287200409865,True,1971.1212442578537,543.0,1.0,-26.3,34.8,22.5,111.0,194.6,28100.0,33100.0,7053.67698,0.06279069289977876,23.148994685516826,8.947600097401327,10.592402309805117,-32.9,27.5,20.0,1075.5,912.1999999999999,925.9
Monroe,2017,9.831461072370072,9.72196975072567,1092130.5541317193,196.89062271398396,12,0.9941357187160272,0.9765428748641128,112336.34563100757,4.993361764441107,True,1092.1305541317192,741.4,1.0,-27.2,35.1,24.6,86.2,173.1,28400.0,28900.0,7053.67698,0.06279069289977876,17.54660286647048,23.148994685516826,8.947600097401327,-26.3,-32.9,27.5,543.0,1075.5,912.1999999999999
Monroe,2018,14.807131870365156,14.691697416062206,1650411.598836945,376.5946474894464,12,0.9902261978600463,0.9765428748641128,112336.34563100757,3.9318487315410153,True,1650.411598836945,870.2,1.0,-24.8,33.4,24.5,91.3,174.0,26000.0,30500.0,7053.67698,0.06279069289977876,9.831461072370072,17.54660286647048,23.148994685516826,-27.2,-26.3,-32.9,741.4,543.0,1075.5
Monroe,2019,13.286740247665337,13.286740247665323,1492583.844771151,454.17167475419046,12,0.9999999999999988,0.9999999999999988,112336.34563100757,2.9254885291682857,True,1492.583844771151,1165.5,1.0,-18.2,33.6,27.6,102.4,181.8,25100.0,25900.0,7053.67698,0.06279069289977876,14.807131870365156,9.831461072370072,17.54660286647048,-24.8,-27.2,-26.3,870.2,741.4,543.0
Montgomery,2001,10.182635866210571,7.615668966412971,838414.1255959056,187.44361974397677,12,0.6872277270851073,0.23825140567780423,110090.67349086788,5.4323726142926105,True,838.4141255959056,888.275,4.0,-9.4,56.5,7.8,71.8,145.5,84300.0,88800.0,38284.914344,0.34775801736898054,1.44547881674753,,,-4.9,,,645.3583333333333,,
Montgomery,2002,1.729466647738448,1.3189368455363544,145202.64561701805,56.21934195285504,12,0.7311141475758309,0.5015699286221462,110090.67349086788,3.0762840468477215,True,145.20264561701805,723.05,4.0,-11.6,56.8,9.4,71.8,149.6,90000.0,86800.0,38284.914344,0.34775801736898054,10.182635866210571,1.44547881674753,,-9.4,-4.9,,888.275,645.3583333333333,
Montgomery,2003,4.8355141049121135,3.6578518422641637,402695.3728446737,86.45145151738849,12,0.7091709373304691,0.5015699286221462,110090.67349086788,5.593328995684379,True,402.69537284467367,710.0749999999999,4.0,-7.7,63.7,8.9,33.4,113.7,88000.0,93600.0,38284.914344,0.34775801736898054,1.729466647738448,10.182635866210571,1.44547881674753,-11.6,-9.4,-4.9,723.05,888.275,645.3583333333333
Montgomery,2004,13.256664269237527,10.300732926025239,1134014.6252756768,176.2491404047938,12,0.7770229913665677,0.7770229913665678,110090.67349086788,7.521548325734109,True,1134.0146252756767,924.725,4.0,-13.8,67.8,8.3,88.0,177.9,92000.0,88500.0,38284.914344,0.34775801736898054,4.8355141049121135,1.729466647738448,10.182635866210571,-7.7,-11.6,-9.4,710.0749999999999,723.05,888.275
Montgomery,2005,7.565080560735778,5.878241527231986,647139.568674957,124.32870183294219,12,0.7770229913665677,0.7770229913665678,110090.67349086788,6.084741857033796,True,647.139568674957,717.0,4.0,-1.0,72.7,8.4,79.8,161.9,92500.0,90000.0,38284.914344,0.34775801736898054,13.256664269237527,4.8355141049121135,1.729466647738448,-13.8,-7.7,-11.6,924.725,710.0749999999999,723.05
Montgomery,2006,3.5998117805061316,2.7971365180454844,307938.6431175285,77.86766304552549,12,0.7770229913665677,0.7770229913665678,110090.67349086788,4.6229867954320065,True,307.9386431175285,813.3499999999999,4.0,-7.1,67.1,8.7,86.1,169.0,90900.0,88700.0,38284.914344,0.34775801736898054,7.565080560735778,13.256664269237527,4.8355141049121135,-1.0,-13.8,-7.7,717.0,924.725,710.0749999999999
Montgomery,2007,33.98021057392522,26.198950505851112,2884260.105943063,433.7855884867714,12,0.7540685694711994,0.5015699286221462,110090.67349086788,7.833411592225238,True,2884.2601059430626,1291.925,4.0,16.8,84.9,8.6,85.8,162.5,94500.0,85400.0,38284.914344,0.34775801736898054,3.5998117805061316,7.565080560735778,13.256664269237527,-7.1,-1.0,-13.8,813.3499999999999,717.0,924.725
Montgomery,2010,29.538176124017234,22.95184197139641,2526783.740486999,530.6671116721151,12,0.7770229913665677,0.7770229913665678,110090.67349086788,5.566234551627551,True,2526.7837404869992,1002.85,4.0,-16.7,57.9,6.6,83.0,164.2,90000.0,86800.0,38284.914344,0.34775801736898054,10.392363107772791,20.58514521140058,33.98021057392522,-8.8,-0.1,16.8,850.4250000000001,1089.875,1291.925
Montgomery,2011,12.628572317690603,9.812691038980983,1080285.7652392206,232.81280784446813,12,0.7770229913665677,0.7770229913665678,110090.67349086788,5.424346037752008,True,1080.2857652392206,867.6916666666667,3.0833333333333335,7.7,84.3,6.2,70.4,153.2,94000.0,84100.0,38284.914344,0.34775801736898054,29.538176124017234,10.392363107772791,20.58514521140058,-16.7,-8.8,-0.1,1002.85,850.4250000000001,1089.875
Montgomery,2012,5.905731750828953,4.39549373764234,483902.8659019372,126.86568884407662,12,0.733136570875844,0.5137044684222258,110090.67349086788,4.655105572387938,True,483.90286590193716,822.9666666666667,3.0,9.2,76.7,8.7,62.1,138.3,95100.0,85500.0,38284.914344,0.34775801736898054,12.628572317690603,29.538176124017234,10.392363107772791,7.7,-16.7,-8.8,867.6916666666667,1002.85,850.4250000000001
Montgomery,2013,16.981318621547448,13.1948749926636,1452632.674570146,179.31742489823102,12,0.7770229913665677,0.7770229913665678,110090.67349086788,9.469976847584638,True,1452.632674570146,745.9666666666667,3.0,-2.7,74.0,6.4,71.2,154.3,93600.0,87200.0,38284.914344,0.34775801736898054,5.905731750828953,12.628572317690603,29.538176124017234,9.2,7.7,-16.7,822.9666666666667,867.6916666666667,1002.85
Montgomery,2014,23.03747332464746,17.900646436245083,1970694.2220881248,393.68162950756283,12,0.7770229913665677,0.7770229913665678,110090.67349086788,5.851802979342449,True,1970.694222088125,1081.7,3.0,-3.6,72.4,6.8,84.8,167.6,92200.0,90800.0,38284.914344,0.34775801736898054,16.981318621547448,5.905731750828953,12.628572317690603,-2.7,9.2,7.7,745.9666666666667,822.9666666666667,867.6916666666667
Montgomery,2015,30.665184299167333,23.82755323494611,2623191.3832747247,461.7836592357992,12,0.7770229913665677,0.7770229913665678,110090.67349086788,6.64059537098277,True,2623.1913832747246,1182.8,3.0,-22.5,61.5,7.4,86.1,177.5,93000.0,89200.0,38284.914344,0.34775801736898054,23.03747332464746,16.981318621547448,5.905731750828953,-3.6,-2.7,9.2,1081.7,745.9666666666667,822.9666666666667
Montgomery,2016,26.819209696590313,20.83914254453187,2294195.2376997117,415.3686330048199,12,0.7770229913665677,0.7770229913665678,110090.67349086788,6.45672483802577,True,2294.1952376997115,1009.5,3.0,-15.5,65.3,8.0,101.9,190.7,96700.0,88800.0,38284.914344,0.34775801736898054,30.665184299167333,23.03747332464746,16.981318621547448,-22.5,-3.6,-2.7,1182.8,1081.7,745.9666666666667
Montgomery,2017,14.837235195706135,11.43999864544686,1259437.1556118613,286.09902491252456,12,0.7540685694711994,0.5015699286221462,110090.67349086788,5.186048851527073,True,1259.4371556118613,893.7666666666667,3.0,-17.2,66.4,8.9,102.1,194.6,93400.0,93000.0,38284.914344,0.34775801736898054,26.819209696590313,30.665184299167333,23.03747332464746,-15.5,-22.5,-3.6,1009.5,1182.8,1081.7
Montgomery,2018,17.64606638230523,13.331023062739959,1467621.3072993343,337.592373407507,12,0.7540685694711994,0.5015699286221462,110090.67349086788,5.227033479516642,True,1467.6213072993344,1092.2,2.0,-23.6,60.1,9.3,88.5,181.5,91700.0,87900.0,38284.914344,0.34775801736898054,14.837235195706135,26.819209696590313,30.665184299167333,-17.2,-15.5,-22.5,893.7666666666667,1009.5,1182.8
Montgomery,2019,17.468189890129448,13.573185162187622,1494281.09592149,433.8596497118838,12,0.7770229913665677,0.7770229913665678,110090.67349086788,4.0262305798037845,True,1494.28109592149,1068.8999999999999,2.0,-24.0,60.8,9.8,105.5,200.1,91600.0,87300.0,38284.914344,0.34775801736898054,17.64606638230523,14.837235195706135,26.819209696590313,-23.6,-17.2,-15.5,1092.2,893.7666666666667,1009.5
Muscatine,2001,27.963882693931676,27.78682896700143,3231954.8948156605,318.9240187619516,12,0.9480112132781023,0.6880672796686057,116312.47662890237,8.76819588643282,True,3231.9548948156607,1073.6333333333332,3.0,-12.7,54.0,14.8,71.4,152.9,82500.0,77500.0,32841.078272,0.2823521536453928,8.101857671605963,,,-8.7,,,981.1,,
Muscatine,2002,9.029289538910183,8.74780260795137,1017478.5863915948,220.84872223444688,12,0.9480112132781023,0.6880672796686057,116312.47662890237,4.088449979495439,True,1017.4785863915948,865.1333333333333,3.0,-25.4,51.1,13.6,75.7,165.8,86000.0,72800.0,32841.078272,0.2823521536453928,27.963882693931676,8.101857671605963,,-12.7,-8.7,,1073.6333333333332,981.1,
Muscatine,2003,4.503065873911636,4.186800508700958,486977.1363181567,126.21645507852617,12,0.8700280331952532,0.6880672796686057,116312.47662890237,3.567732805607662,True,486.97713631815674,692.2,3.0,-24.7,56.4,13.9,42.1,137.1,84500.0,74700.0,32841.078272,0.2823521536453928,9.029289538910183,27.963882693931676,8.101857671605963,-25.4,-12.7,-8.7,865.1333333333333,1073.6333333333332,981.1
Muscatine,2004,14.948445863363407,14.493099601759956,1685728.3087100592,247.36191138378766,12,0.9480112132781023,0.6880672796686057,116312.47662890237,6.043147782833288,True,1685.728308710059,880.0,3.0,-17.0,62.6,14.0,79.6,173.2,89500.0,71100.0,32841.078272,0.2823521536453928,4.503065873911636,9.029289538910183,27.963882693931676,-24.7,-25.4,-12.7,692.2,865.1333333333333,1073.6333333333332
Muscatine,2005,8.536021428881352,8.148705431427912,947796.1100487687,136.7079913131382,12,0.9220168199171526,0.6880672796686057,116312.47662890237,6.243981311472174,True,947.7961100487687,526.2333333333333,3.0,0.9,64.0,15.3,63.9,142.3,88000.0,70400.0,32841.078272,0.2823521536453928,14.948445863363407,4.503065873911636,9.029289538910183,-17.0,-24.7,-25.4,880.0,692.2,865.1333333333333
Muscatine,2006,7.650439805979611,7.011060194553944,815473.7750228834,121.31589339297972,12,0.9220168199171526,0.6880672796686057,116312.47662890237,6.306213960933766,True,815.4737750228834,847.2666666666667,3.0,-11.1,60.2,16.9,74.3,162.5,87100.0,70600.0,32841.078272,0.2823521536453928,8.536021428881352,14.948445863363407,4.503065873911636,0.9,-17.0,-24.7,526.2333333333333,880.0,692.2
Muscatine,2007,22.637249026734988,20.62185099453811,2398578.561846921,333.6396246925762,12,0.8700280331952532,0.6880672796686057,116312.47662890237,6.784940202349619,True,2398.5785618469213,1134.5666666666666,3.0,-17.5,66.6,18.8,59.1,162.0,104600.0,55400.0,32841.078272,0.2823521536453928,7.650439805979611,8.536021428881352,14.948445863363407,-11.1,0.9,-17.0,847.2666666666667,526.2333333333333,880.0
Muscatine,2008,27.350198719271038,24.91132950464576,2897498.430803996,503.4734928877348,12,0.7617387754997771,0.04695510199910351,116312.47662890237,5.432301621759782,True,2897.498430803996,1209.5666666666666,3.0,-1.9,73.2,19.7,55.3,150.1,94000.0,61700.0,32841.078272,0.2823521536453928,22.637249026734988,7.650439805979611,8.536021428881352,-17.5,-11.1,0.9,1134.5666666666666,847.2666666666667,526.2333333333333
Muscatine,2009,20.299979329802994,16.518605182275138,1921319.8792054425,433.04937374215456,12,0.7617387754997771,0.04695510199910351,116312.47662890237,4.687682412373138,True,1921.3198792054425,1296.4666666666667,3.0,-10.6,59.7,20.6,72.2,163.1,95500.0,64700.0,32841.078272,0.2823521536453928,27.350198719271038,22.637249026734988,7.650439805979611,-1.9,-17.5,-11.1,1209.5666666666666,1134.5666666666666,847.2666666666667
Muscatine,2010,22.111183175341623,20.837489909389685,2423660.0580908763,415.0846596385795,12,0.9220168199171526,0.6880672796686057,116312.47662890237,5.32690926101537,True,2423.660058090876,1294.3,3.0,7.9,67.1,22.2,69.4,150.8,91500.0,66800.0,32841.078272,0.2823521536453928,20.299979329802994,27.350198719271038,22.637249026734988,-10.6,-1.9,-17.5,1296.4666666666667,1209.5666666666666,1134.5666666666666
Muscatine,2011,16.432226374303372,15.523968375050863,1805631.2088109232,274.6712852556424,12,0.896022426556203,0.6880672796686057,116312.47662890237,5.982506092331258,True,1805.6312088109232,808.4333333333333,3.0,5.1,68.7,23.3,85.9,172.8,94000.0,67100.0,32841.078272,0.2823521536453928,22.111183175341623,20.299979329802994,27.350198719271038,7.9,-10.6,-1.9,1294.3,1296.4666666666667,1209.5666666666666
Muscatine,2012,3.561317404342267,3.2713690775868143,380501.0393813302,102.85933981841791,12,0.896022426556203,0.6880672796686057,116312.47662890237,3.4623179680418095,True,380.5010393813302,701.0,3.0,5.0,65.0,23.6,76.0,159.6,94000.0,67800.0,32841.078272,0.2823521536453928,16.432226374303372,22.111183175341623,20.299979329802994,5.1,7.9,-10.6,808.4333333333333,1294.3,1296.4666666666667
Muscatine,2013,22.28492888330706,22.145960221524067,2575851.48069062,339.69181521709066,12,0.9220168199171526,0.6880672796686057,116312.47662890237,6.560337307233965,True,2575.85148069062,880.2666666666667,3.0,-4.3,59.6,23.4,67.8,155.1,87600.0,69600.0,32841.078272,0.2823521536453928,3.561317404342267,16.432226374303372,22.111183175341623,5.0,5.1,7.9,701.0,808.4333333333333,1294.3
Muscatine,2014,16.570458596503588,16.230568224623735,1887817.5873003532,316.5632851183544,12,0.9220168199171526,0.6880672796686057,116312.47662890237,5.234485291087482,True,1887.8175873003531,1014.1999999999999,3.0,-16.6,55.3,23.1,90.5,185.5,87800.0,69200.0,32841.078272,0.2823521536453928,22.28492888330706,3.561317404342267,16.432226374303372,-4.3,5.0,5.1,880.2666666666667,701.0,808.4333333333333
Muscatine,2015,23.164743366394404,20.6107871854039,2397291.7028055717,330.32402953133584,12,0.9220168199171526,0.6880672796686057,116312.47662890237,7.012733345273298,True,2397.2917028055717,1069.6666666666667,3.0,-11.8,55.5,22.7,90.9,180.9,88100.0,71200.0,32841.078272,0.2823521536453928,16.570458596503588,22.28492888330706,3.561317404342267,-16.6,-4.3,5.0,1014.1999999999999,880.2666666666667,701.0
Muscatine,2016,26.787797913391035,24.2784362949228,2823885.054139503,401.98783014226734,12,0.9220168199171526,0.6880672796686057,116312.47662890237,6.663833057809382,True,2823.8850541395027,874.1333333333333,3.0,-17.4,59.0,22.1,100.1,198.6,90800.0,69400.0,32841.078272,0.2823521536453928,23.164743366394404,16.570458596503588,22.28492888330706,-11.8,-16.6,-4.3,1069.6666666666667,1014.1999999999999,880.2666666666667
Muscatine,2017,17.133848279371445,16.196715330762682,1883880.0733743191,283.3179103893445,12,0.9220168199171526,0.6880672796686057,116312.47662890237,6.047569762118309,True,1883.8800733743192,852.8833333333333,2.4166666666666665,-15.6,60.0,22.5,105.1,203.2,83700.0,74300.0,32841.078272,0.2823521536453928,26.787797913391035,23.164743366394404,16.570458596503588,-17.4,-11.8,-16.6,874.1333333333333,1069.6666666666667,1014.1999999999999
Muscatine,2018,22.805227897195426,21.913625641671903,2548828.070301479,471.90024858003505,12,0.9480112132781023,0.6880672796686057,116312.47662890237,4.8326373986488,True,2548.8280703014793,1235.45,2.0,-25.6,54.3,21.1,103.1,204.1,90600.0,72100.0,32841.078272,0.2823521536453928,17.133848279371445,26.787797913391035,23.164743366394404,-15.6,-17.4,-11.8,852.8833333333333,874.1333333333333,1069.6666666666667
Muscatine,2019,21.939537179054483,20.747985476824756,2413249.575869985,477.84934178611667,12,0.9220168199171526,0.6880672796686057,116312.47662890237,4.591308444006296,True,2413.2495758699847,1225.5,2.0,-11.8,54.9,22.0,88.9,177.6,83100.0,68300.0,32841.078272,0.2823521536453928,22.805227897195426,17.133848279371445,26.787797913391035,-25.6,-15.6,-17.4,1235.45,852.8833333333333,874.1333333333333
O'Brien,2001,13.778900885851677,13.778900885851687,2045819.4751682095,184.91708874276233,12,1.0000000000000009,1.0000000000000009,148474.79433347814,7.451394016385078,True,2045.8194751682095,767.52,5.0,26.7,62.1,41.9,87.3,164.6,149200.0,161100.0,76993.130244,0.5185602754301277,1.3584086598660656,,,36.5,,,680.5,,
O'Brien,2002,3.842549463580176,3.8425494635801787,570521.7413212839,59.4592922713044,12,1.0000000000000009,1.0000000000000009,148474.79433347814,6.462487723612926,True,570.5217413212839,576.48,5.0,36.7,67.3,49.0,81.3,160.9,149000.0,152400.0,76993.130244,0.5185602754301277,13.778900885851677,1.3584086598660656,,26.7,36.5,,767.52,680.5,
O'Brien,2003,6.5707238564784225,6.570723856478428,975586.8732127132,84.38783952892143,12,1.0000000000000009,1.0000000000000009,148474.79433347814,7.786339706239904,True,975.5868732127132,661.38,5.0,35.6,76.4,48.9,60.8,150.5,151500.0,158400.0,76993.130244,0.5185602754301277,3.842549463580176,13.778900885851677,1.3584086598660656,36.7,26.7,36.5,576.48,767.52,680.5
O'Brien,2004,11.599576250622128,11.599576250622137,1722244.6981666193,160.0482685557802,12,1.0000000000000009,1.0000000000000009,148474.79433347814,7.247548727201276,True,1722.2446981666194,850.26,5.0,36.8,77.0,51.8,79.0,171.0,157000.0,148000.0,76993.130244,0.5185602754301277,6.5707238564784225,3.842549463580176,13.778900885851677,35.6,36.7,26.7,661.38,576.48,767.52
O'Brien,2005,12.711900704655712,12.711900704655724,1887396.8427113541,138.6560255995864,12,1.0000000000000009,1.0000000000000009,148474.79433347814,9.167939618697416,True,1887.396842711354,820.14,5.0,51.0,86.5,53.8,100.0,189.3,158500.0,147900.0,76993.130244,0.5185602754301277,11.599576250622128,6.5707238564784225,3.842549463580176,36.8,35.6,36.7,850.26,661.38,576.48
O'Brien,2006,13.530852789412357,13.530852789412366,2008990.5850645704,144.22851784759823,12,1.0000000000000009,1.0000000000000009,148474.79433347814,9.381537709282977,True,2008.9905850645705,732.22,5.0,50.2,75.4,56.6,99.8,181.6,163200.0,146200.0,76993.130244,0.5185602754301277,12.711900704655712,11.599576250622128,6.5707238564784225,51.0,36.8,35.6,820.14,850.26,661.38
O'Brien,2007,17.359924962294365,17.359924962294382,2577511.288421272,237.49706590177593,12,1.0000000000000009,1.0000000000000009,148474.79433347814,7.309532392065039,True,2577.5112884212717,811.7,5.0,79.6,104.0,61.7,88.1,174.2,170500.0,138400.0,76993.130244,0.5185602754301277,13.530852789412357,12.711900704655712,11.599576250622128,50.2,51.0,36.8,732.22,820.14,850.26
O'Brien,2010,37.99556289104273,37.99556289104276,5641383.385832308,407.8813015104688,12,1.0000000000000009,1.0000000000000009,148474.79433347814,9.315348055999946,True,5641.383385832308,1074.075,4.0,38.6,76.4,56.9,88.4,183.1,158000.0,148000.0,76993.130244,0.5185602754301277,8.016955376068239,15.747433757996465,17.359924962294365,53.4,59.7,79.6,704.125,789.3399999999999,811.7
O'Brien,2011,25.508513564875678,25.5085135648757,3787371.3052976565,284.0253310910379,12,1.0000000000000009,1.0000000000000009,148474.79433347814,8.981069916154592,True,3787.3713052976564,632.7,4.0,57.4,94.3,56.8,89.5,183.2,165900.0,138600.0,76993.130244,0.5185602754301277,37.99556289104273,8.016955376068239,15.747433757996465,38.6,53.4,59.7,1074.075,704.125,789.3399999999999
O'Brien,2012,5.154028754998557,5.154028754998562,765243.3593872439,82.09910036444614,12,1.0000000000000009,1.0000000000000009,148474.79433347814,6.277813925023913,True,765.2433593872439,601.975,4.0,73.9,94.9,64.6,77.7,163.3,166200.0,138100.0,76993.130244,0.5185602754301277,25.508513564875678,37.99556289104273,8.016955376068239,57.4,38.6,53.4,632.7,1074.075,704.125
O'Brien,2013,9.639149709615527,9.639149709615534,1431170.770684772,109.5316910283373,12,1.0000000000000009,1.0000000000000009,148474.79433347814,8.800329492878687,True,1431.170770684772,761.35,4.0,55.1,90.3,64.2,90.4,189.8,165500.0,131600.0,76993.130244,0.5185602754301277,5.154028754998557,25.508513564875678,37.99556289104273,73.9,57.4,38.6,601.975,632.7,1074.075
O'Brien,2014,6.895941192642458,6.895941192642464,1023873.4503133497,127.41934185586992,12,1.0000000000000009,1.0000000000000009,148474.79433347814,5.4120050317343384,True,1023.8734503133497,785.8249999999999,4.0,52.3,77.4,66.0,91.1,182.2,162500.0,137300.0,76993.130244,0.5185602754301277,9.639149709615527,5.154028754998557,25.508513564875678,55.1,73.9,57.4,761.35,601.975,632.7
O'Brien,2015,14.459805664271972,14.459805664271983,2146916.672104845,154.28582596037353,12,1.0000000000000009,1.0000000000000009,148474.79433347814,9.37208948020008,True,2146.916672104845,914.05,4.0,48.6,82.5,66.5,107.0,207.4,153700.0,137200.0,76993.130244,0.5185602754301277,6.895941192642458,9.639149709615527,5.154028754998557,52.3,55.1,73.9,785.8249999999999,761.35,601.975
O'Brien,2016,44.43733007613745,44.437330076137485,6597823.443783396,362.8255129756185,12,1.0000000000000009,1.0000000000000009,148474.79433347814,12.247575897211945,True,6597.823443783396,997.375,4.0,55.3,88.1,67.0,110.5,210.3,166200.0,139500.0,76993.130244,0.5185602754301277,14.459805664271972,6.895941192642458,9.639149709615527,48.6,52.3,55.1,914.05,785.8249999999999,761.35
O'Brien,2017,19.293623452655495,19.293623452655506,2864616.774080597,223.81321630291654,12,1.0000000000000009,1.0000000000000009,148474.79433347814,8.620412936894146,True,2864.6167740805968,807.4,4.0,58.7,89.8,69.9,107.8,208.8,164100.0,139700.0,76993.130244,0.5185602754301277,44.43733007613745,14.459805664271972,6.895941192642458,55.3,48.6,52.3,997.375,914.05,785.8249999999999
O'Brien,2018,37.227414857381504,37.21953988664946,5526163.529856965,476.3541242120905,12,0.9998467338029403,0.9981608056352728,148474.79433347814,7.815071386010816,True,5526.163529856965,1267.725,4.0,52.0,80.7,67.9,104.7,201.3,155700.0,143300.0,76993.130244,0.5185602754301277,19.293623452655495,44.43733007613745,14.459805664271972,58.7,55.3,48.6,807.4,997.375,914.05
O'Brien,2019,31.804064109408944,31.804064109408973,4722101.877613251,442.3674691223709,12,1.0000000000000009,1.0000000000000009,148474.79433347814,7.189512414307091,True,4722.101877613251,1038.95,4.0,42.1,81.7,67.2,87.3,194.1,145000.0,131100.0,76993.130244,0.5185602754301277,37.227414857381504,19.293623452655495,44.43733007613745,52.0,58.7,55.3,1267.725,807.4,997.375
Osceola,2001,14.380273874181825,14.380273874181858,1487669.3993279175,211.23331184843087,12,1.0000000000000024,1.0000000000000024,103452.09085335005,6.807768030688408,True,1487.6693993279175,777.65,2.0,24.9,58.1,38.9,69.3,141.4,106100.0,122000.0,50469.200432,0.4878509464206317,1.2736985008354678,,,37.0,,,641.35,,
Osceola,2002,3.786439161044235,3.7864391610442443,391715.0480990317,60.07109148944286,12,1.0000000000000024,1.0000000000000024,103452.09085335005,6.303263461942721,True,391.71504809903166,573.0,2.0,31.9,68.3,41.2,88.1,165.7,109000.0,109300.0,50469.200432,0.4878509464206317,14.380273874181825,1.2736985008354678,,24.9,37.0,,777.65,641.35,
Osceola,2003,5.194484816673776,5.194484816673788,537380.3151908842,73.759943518774,12,1.0000000000000024,1.0000000000000024,103452.09085335005,7.042419731994008,True,537.3803151908842,578.5,2.0,32.4,75.3,45.6,43.1,131.6,108500.0,112500.0,50469.200432,0.4878509464206317,3.786439161044235,14.380273874181825,1.2736985008354678,31.9,24.9,37.0,573.0,777.65,641.35
Osceola,2004,9.726693875201873,9.726693875201896,1006246.8184801099,146.60405560087355,12,1.0000000000000024,1.0000000000000024,103452.09085335005,6.6346690310414,True,1006.2468184801099,802.4,2.0,31.3,76.4,49.2,80.0,174.3,115000.0,107700.0,50469.200432,0.4878509464206317,5.194484816673776,3.786439161044235,14.380273874181825,32.4,31.9,24.9,578.5,573.0,777.65
Osceola,2005,13.012124793186535,13.012124793186565,1346131.5162998654,146.61449855264027,12,1.0000000000000024,1.0000000000000024,103452.09085335005,8.875060053160214,True,1346.1315162998656,875.8,2.0,51.2,87.9,54.0,91.8,182.5,113000.0,109000.0,50469.200432,0.4878509464206317,9.726693875201873,5.194484816673776,3.786439161044235,31.3,32.4,31.9,802.4,578.5,573.0
Osceola,2006,16.510612758908366,16.5106127589084,1708057.4111790722,169.98349250480345,12,1.0000000000000024,1.0000000000000024,103452.09085335005,9.713068319526263,True,1708.0574111790722,713.3,2.0,50.2,73.5,61.0,85.8,170.1,116100.0,107300.0,50469.200432,0.4878509464206317,13.012124793186535,9.726693875201873,5.194484816673776,51.2,31.3,32.4,875.8,802.4,578.5
Osceola,2007,15.840754690617736,15.840754690617775,1638759.1934394212,227.54271374842205,12,1.0000000000000024,1.0000000000000024,103452.09085335005,6.961662023654927,True,1638.7591934394213,782.05,2.0,81.3,104.1,67.6,82.6,173.0,130500.0,96400.0,50469.200432,0.4878509464206317,16.510612758908366,13.012124793186535,9.726693875201873,50.2,51.2,31.3,713.3,875.8,802.4
Osceola,2010,30.57844019608257,30.578440196082646,3163403.5733188726,363.38617396627467,12,1.0000000000000024,1.0000000000000024,103452.09085335005,8.414860659756556,True,3163.4035733188725,966.35,2.0,45.8,76.1,65.2,87.4,182.9,113000.0,103500.0,50469.200432,0.4878509464206317,6.980756525283611,15.131104848061305,15.840754690617736,64.1,69.3,81.3,673.15,778.25,782.05
Osceola,2011,25.273079326218923,25.273079326218983,2614552.8985999287,294.360658388806,12,1.0000000000000024,1.0000000000000024,103452.09085335005,8.585753090970805,True,2614.5528985999285,723.1,2.0,62.2,94.1,64.7,78.9,175.5,114900.0,96100.0,50469.200432,0.4878509464206317,30.57844019608257,6.980756525283611,15.131104848061305,45.8,64.1,69.3,966.35,673.15,778.25
Osceola,2012,5.196618742705086,5.196618742705098,537601.0743005495,90.62633425644691,12,1.0000000000000024,1.0000000000000024,103452.09085335005,5.734115569543091,True,537.6010743005495,658.3000000000001,2.0,66.4,94.7,62.5,75.4,166.2,119400.0,95400.0,50469.200432,0.4878509464206317,25.273079326218923,30.57844019608257,6.980756525283611,62.2,45.8,64.1,723.1,966.35,673.15
Osceola,2013,8.318885687362158,8.31888568736218,860606.1179276257,99.03156603276913,12,1.0000000000000024,1.0000000000000024,103452.09085335005,8.400236430280698,True,860.6061179276256,690.05,1.5,54.2,90.3,62.1,70.5,168.7,121800.0,97600.0,50469.200432,0.4878509464206317,5.196618742705086,25.273079326218923,30.57844019608257,66.4,62.2,45.8,658.3000000000001,723.1,966.35
Osceola,2014,9.177477423730137,9.17747742373016,949429.2282443015,145.35947883454895,12,1.0000000000000024,1.0000000000000024,103452.09085335005,6.31364221811508,True,949.4292282443015,715.0,1.0,51.0,78.1,65.8,79.1,172.0,123900.0,99000.0,50469.200432,0.4878509464206317,8.318885687362158,5.196618742705086,25.273079326218923,54.2,66.4,62.2,690.05,658.3000000000001,723.1
Osceola,2015,12.603708701034648,12.603708701034677,1303880.017628598,146.08231439698812,12,1.0000000000000024,1.0000000000000024,103452.09085335005,8.62781285541743,True,1303.8800176285981,812.3,1.0,54.7,84.4,69.1,101.2,200.0,122000.0,103000.0,50469.200432,0.4878509464206317,9.177477423730137,8.318885687362158,5.196618742705086,51.0,54.2,66.4,715.0,690.05,658.3000000000001
Osceola,2016,40.63333413523667,40.63333413523677,4203603.374633045,334.9168537910882,12,1.0000000000000024,1.0000000000000024,103452.09085335005,12.132364697472829,True,4203.603374633045,1021.4,1.0,63.7,90.0,73.9,91.8,192.0,121800.0,101100.0,50469.200432,0.4878509464206317,12.603708701034648,9.177477423730137,8.318885687362158,54.7,51.0,54.2,812.3,715.0,690.05
Osceola,2017,19.773052747994782,19.77305274799483,2045563.6493336435,228.39540528598735,12,1.0000000000000024,1.0000000000000024,103452.09085335005,8.657377639990514,True,2045.5636493336435,772.9,1.0,67.0,91.7,77.4,99.6,201.7,123900.0,100700.0,50469.200432,0.4878509464206317,40.63333413523667,12.603708701034648,9.177477423730137,63.7,54.7,51.0,1021.4,812.3,715.0
Osceola,2018,39.39343551506663,37.970810799658345,3928159.7686216193,482.91516514582787,12,0.9684918185889355,0.6219018230671999,103452.09085335005,8.157423572144566,True,3928.159768621619,1365.9,1.0,77.9,82.6,82.8,99.9,187.4,112300.0,102900.0,50469.200432,0.4878509464206317,19.773052747994782,40.63333413523667,12.603708701034648,67.0,63.7,54.7,772.9,1021.4,812.3
Osceola,2019,35.94327832702827,35.94327832702834,3718407.2950549843,482.17697883422886,12,1.0000000000000024,1.0000000000000024,103452.09085335005,7.454374618616014,True,3718.4072950549844,1138.3,1.0,77.8,83.7,89.9,75.3,171.1,116400.0,90200.0,50469.200432,0.4878509464206317,39.39343551506663,19.773052747994782,40.63333413523667,77.9,67.0,63.7,1365.9,772.9,1021.4
Page,2001,10.578002548723719,3.659980664347517,507608.93087382865,202.56553542435375,12,0.3055518597548164,0.0115496412446012,138691.69742303065,5.222014952624543,True,507.6089308738286,907.6666666666666,3.0,0.0,57.2,15.5,76.6,149.3,94300.0,101600.0,59579.491664,0.42958225164894726,1.1946754356327405,,,1.5,,,774.4666666666666,,
Page,2002,1.20991486553865,0.42855675307709473,59437.26352636489,51.29652233391809,12,0.33243332570187095,0.17283843692692838,138691.69742303065,2.3586684057500613,True,59.437263526364895,688.1333333333333,3.0,0.7,55.0,12.3,48.8,115.4,103000.0,99000.0,59579.491664,0.42958225164894726,10.578002548723719,1.1946754356327405,,0.0,1.5,,907.6666666666666,774.4666666666666,
Page,2003,4.056756368656488,1.4468171832536747,200661.53100626016,81.16389635031081,12,0.3189925927283437,0.17283843692692838,138691.69742303065,4.998227723256601,True,200.66153100626016,768.6666666666666,3.0,-8.6,59.4,11.1,33.1,112.2,97000.0,104600.0,59579.491664,0.42958225164894726,1.20991486553865,10.578002548723719,1.1946754356327405,0.7,0.0,1.5,688.1333333333333,907.6666666666666,774.4666666666666
Page,2004,12.56079883943841,4.576555990407632,634730.3186611738,170.97341266336636,12,0.3643523034568595,0.3643523034568595,138691.69742303065,7.346638663737541,True,634.7303186611738,898.8,3.0,-12.3,67.0,9.7,85.5,174.5,103500.0,101500.0,59579.491664,0.42958225164894726,4.056756368656488,1.20991486553865,10.578002548723719,-8.6,0.7,0.0,768.6666666666666,688.1333333333333,907.6666666666666
Page,2005,6.716818148715766,2.4472881643854274,339418.54960190784,119.75965951972437,12,0.3643523034568595,0.3643523034568595,138691.69742303065,5.608581533758876,True,339.41854960190784,859.1666666666667,3.0,-2.4,71.4,8.7,87.9,170.4,103500.0,103900.0,59579.491664,0.42958225164894726,12.56079883943841,4.056756368656488,1.20991486553865,-12.3,-8.6,0.7,898.8,768.6666666666666,688.1333333333333
Page,2006,3.1460928571512254,1.1462861793922212,158980.37595246776,73.9464802137189,12,0.3643523034568595,0.3643523034568595,138691.69742303065,4.254553899061104,True,158.98037595246777,901.1666666666666,3.0,-2.7,68.9,8.2,78.9,158.7,104300.0,103200.0,59579.491664,0.42958225164894726,6.716818148715766,12.56079883943841,4.056756368656488,-2.4,-12.3,-8.6,859.1666666666667,898.8,768.6666666666666
Page,2007,32.85070552123792,11.892059421752347,1649329.9070583773,455.06655416305625,12,0.3483928145793653,0.17283843692692838,138691.69742303065,7.218879353077459,True,1649.3299070583773,1152.0333333333333,3.0,8.6,74.9,7.3,88.6,162.2,107000.0,100700.0,59579.491664,0.42958225164894726,3.1460928571512254,6.716818148715766,12.56079883943841,-2.7,-2.4,-12.3,901.1666666666666,859.1666666666667,898.8
Page,2010,26.971984735207066,9.827304767075946,1362965.5792392038,551.8326585239591,12,0.3643523034568595,0.3643523034568595,138691.69742303065,4.887710851936831,True,1362.9655792392039,1009.3666666666667,3.0,-15.2,57.2,6.5,79.2,158.1,109000.0,107200.0,59579.491664,0.42958225164894726,9.895105040220631,18.9304879372735,32.85070552123792,-10.0,7.1,8.6,864.4333333333333,1103.9666666666665,1152.0333333333333
Page,2011,10.784597148044659,3.9293928127443483,544974.1590413705,227.54607826134915,12,0.3643523034568595,0.3643523034568595,138691.69742303065,4.739522311458146,True,544.9741590413705,908.2666666666667,3.0,-0.4,72.2,6.5,51.8,130.9,107000.0,101200.0,59579.491664,0.42958225164894726,26.971984735207066,9.895105040220631,18.9304879372735,-15.2,-10.0,7.1,1009.3666666666667,864.4333333333333,1103.9666666666665
Page,2012,6.034044641075908,2.1016571712482834,291482.4004817094,134.25173167648194,12,0.33747083750980494,0.2030635077745323,138691.69742303065,4.494574904714577,True,291.4824004817094,780.9666666666666,3.0,7.3,67.9,6.7,74.6,141.9,111200.0,112600.0,59579.491664,0.42958225164894726,10.784597148044659,26.971984735207066,9.895105040220631,-0.4,-15.2,-10.0,908.2666666666667,1009.3666666666667,864.4333333333333
Page,2013,18.020843918091007,6.565935991792992,910640.8078727404,182.71907372749254,12,0.3643523034568595,0.3643523034568595,138691.69742303065,9.862595924149286,True,910.6408078727404,682.4666666666667,3.0,-10.1,66.6,6.3,69.2,152.2,113700.0,110500.0,59579.491664,0.42958225164894726,6.034044641075908,10.784597148044659,26.971984735207066,7.3,-0.4,-15.2,780.9666666666666,908.2666666666667,1009.3666666666667
Page,2014,21.447163312294006,7.814323355449768,1083781.7703797605,415.8903156440916,12,0.3643523034568595,0.3643523034568595,138691.69742303065,5.15692780176395,True,1083.7817703797605,895.2,3.0,-10.7,69.4,6.2,99.7,186.0,111600.0,114800.0,59579.491664,0.42958225164894726,18.020843918091007,6.034044641075908,10.784597148044659,-10.1,7.3,-0.4,682.4666666666667,780.9666666666666,908.2666666666667
Page,2015,28.398655549772442,10.347115564637516,1435059.0210918374,488.3031715894179,12,0.3643523034568595,0.3643523034568595,138691.69742303065,5.81578355457642,True,1435.0590210918374,1181.7,3.0,-21.5,55.9,6.5,84.6,168.5,108200.0,108000.0,59579.491664,0.42958225164894726,21.447163312294006,18.020843918091007,6.034044641075908,-10.7,-10.1,7.3,895.2,682.4666666666667,780.9666666666666
Page,2016,22.310492978169563,8.128879507854169,1127408.097091585,399.4526799091452,12,0.3643523034568595,0.3643523034568595,138691.69742303065,5.5852655646831675,True,1127.408097091585,1087.5666666666666,3.0,-23.1,59.3,6.4,101.7,190.5,116800.0,108200.0,59579.491664,0.42958225164894726,28.398655549772442,21.447163312294006,18.020843918091007,-21.5,-10.7,-10.1,1181.7,895.2,682.4666666666667
Page,2017,12.514939148184657,4.521014373584896,627027.1575464088,283.8354001720647,12,0.3483928145793653,0.17283843692692838,138691.69742303065,4.409224198460777,True,627.0271575464088,924.9666666666666,3.0,-22.3,60.2,6.8,102.7,192.0,108400.0,114200.0,59579.491664,0.42958225164894726,22.310492978169563,28.398655549772442,21.447163312294006,-23.1,-21.5,-10.7,1087.5666666666666,1181.7,895.2
Page,2018,15.327250813188153,5.394439202070842,748163.9295805442,339.07827482271927,12,0.3483928145793653,0.17283843692692838,138691.69742303065,4.520269197783821,True,748.1639295805443,953.75,2.0,-32.0,54.6,6.2,84.5,177.3,113800.0,107700.0,59579.491664,0.42958225164894726,12.514939148184657,22.310492978169563,28.398655549772442,-22.3,-23.1,-21.5,924.9666666666666,1087.5666666666666,1181.7
Page,2019,14.281239530912423,5.203402519307101,721668.7277779757,443.02955983368645,12,0.3643523034568595,0.3643523034568595,138691.69742303065,3.2235410062194516,True,721.6687277779757,1083.1,2.0,-29.0,55.2,5.9,100.7,190.8,111300.0,109700.0,59579.491664,0.42958225164894726,15.327250813188153,12.514939148184657,22.310492978169563,-32.0,-22.3,-23.1,953.75,924.9666666666666,1087.5666666666666
Palo Alto,2001,17.98838018982383,17.98838018982383,2652123.8210412767,272.30849773074874,12,1.0,1.0,147435.3884593569,6.605882790925699,True,2652.1238210412766,743.35,2.0,21.0,62.6,39.8,59.9,141.3,145900.0,147000.0,97545.51344,0.6616153317009782,2.0038309598400943,,,30.0,,,566.25,,
Palo Alto,2002,4.614152101592183,4.614152101592183,680289.3075088018,67.4173632989817,12,1.0,1.0,147435.3884593569,6.844159836286385,True,680.2893075088018,596.1,2.0,26.9,67.1,46.1,63.6,149.9,149500.0,136200.0,97545.51344,0.6616153317009782,17.98838018982383,2.0038309598400943,,21.0,30.0,,743.35,566.25,
Palo Alto,2003,9.835950109520464,9.835950109520464,1450167.1252640036,100.42180903283743,12,1.0,1.0,147435.3884593569,9.794635452448539,True,1450.1671252640037,640.65,2.0,26.9,75.4,45.9,38.2,132.6,155500.0,139400.0,97545.51344,0.6616153317009782,4.614152101592183,17.98838018982383,2.0038309598400943,26.9,21.0,30.0,596.1,743.35,566.25
Palo Alto,2004,9.999869464272534,9.999869464272534,1474334.6390078824,160.14381812953542,12,1.0,1.0,147435.3884593569,6.244305637938485,True,1474.3346390078825,868.65,2.0,27.6,77.2,48.2,62.5,160.3,160000.0,130500.0,97545.51344,0.6616153317009782,9.835950109520464,4.614152101592183,17.98838018982383,26.9,26.9,21.0,640.65,596.1,743.35
Palo Alto,2005,15.717564965621703,15.717564965621703,2317325.2963416143,194.1198299589441,12,1.0,1.0,147435.3884593569,8.096836355639674,True,2317.3252963416144,835.15,2.0,39.3,86.3,50.3,78.5,175.8,163000.0,123500.0,97545.51344,0.6616153317009782,9.999869464272534,9.835950109520464,4.614152101592183,27.6,26.9,26.9,868.65,640.65,596.1
Palo Alto,2006,17.06886037452394,16.73254239807243,2466968.888372468,206.4798770016503,12,0.9288053055221557,0.14566366626586874,147435.3884593569,8.266597511769884,True,2466.968888372468,603.6,2.0,41.2,76.5,52.7,74.2,162.2,164700.0,122100.0,97545.51344,0.6616153317009782,15.717564965621703,9.999869464272534,9.835950109520464,39.3,27.6,26.9,835.15,868.65,640.65
Palo Alto,2007,18.095631391829627,18.095631391829627,2667936.443671735,282.8602467379643,12,1.0,1.0,147435.3884593569,6.39737524113561,True,2667.936443671735,926.5500000000001,2.0,57.5,99.4,55.3,62.2,159.4,184500.0,102400.0,97545.51344,0.6616153317009782,17.06886037452394,15.717564965621703,9.999869464272534,41.2,39.3,27.6,603.6,835.15,868.65
Palo Alto,2008,17.564679139505376,14.38733200224851,2121201.882645246,229.23478836413645,12,0.6897094048700095,0.008961716865167847,147435.3884593569,7.662309575632174,True,2121.2018826452463,730.0500000000001,2.0,51.7,94.4,54.5,64.5,161.7,172000.0,114600.0,97545.51344,0.6616153317009782,18.095631391829627,17.06886037452394,15.717564965621703,57.5,41.2,39.3,926.5500000000001,603.6,835.15
Palo Alto,2009,9.512405144464397,6.062821962907962,893874.5112612562,155.7359347020443,12,0.6921231916433488,0.008961716865167847,147435.3884593569,6.1080348364451895,True,893.8745112612562,682.4,2.0,35.8,86.8,50.4,68.1,169.5,181000.0,119700.0,97545.51344,0.6616153317009782,17.564679139505376,18.095631391829627,17.06886037452394,51.7,57.5,41.2,730.0500000000001,926.5500000000001,603.6
Palo Alto,2010,23.47915537890491,23.47915537890491,3461658.393986445,449.7995951484984,12,1.0,1.0,147435.3884593569,5.219914742509588,True,3461.658393986445,1083.15,2.0,41.6,87.8,48.8,66.7,161.7,179000.0,123500.0,97545.51344,0.6616153317009782,9.512405144464397,17.564679139505376,18.095631391829627,35.8,51.7,57.5,682.4,730.0500000000001,926.5500000000001
Palo Alto,2011,19.864753307742603,19.8637374947039,2928617.8537863633,343.35728654428596,12,0.9951724264533214,0.9710345587199284,147435.3884593569,5.785446846831504,True,2928.6178537863634,719.45,2.0,57.1,104.4,49.0,67.1,163.4,180500.0,114800.0,97545.51344,0.6616153317009782,23.47915537890491,9.512405144464397,17.564679139505376,41.6,35.8,51.7,1083.15,682.4,730.0500000000001
Palo Alto,2012,4.819812908116253,4.585493868324606,676064.0697544377,83.04906676069213,12,0.8503692507242936,0.11669822498579727,147435.3884593569,5.803572630147259,True,676.0640697544377,609.55,2.0,53.5,100.9,47.8,64.7,159.9,179700.0,117100.0,97545.51344,0.6616153317009782,19.864753307742603,23.47915537890491,9.512405144464397,57.1,41.6,35.8,719.45,1083.15,682.4
Palo Alto,2013,12.526528794274624,12.526528794274624,1846853.638831199,111.89364869222557,12,1.0,1.0,147435.3884593569,11.195031121677037,True,1846.8536388311989,696.6,2.0,47.5,93.1,52.9,44.5,143.0,172500.0,105000.0,97545.51344,0.6616153317009782,4.819812908116253,19.864753307742603,23.47915537890491,53.5,57.1,41.6,609.55,719.45,1083.15
Palo Alto,2014,11.286079916531216,11.286079916531216,1663967.576677126,143.7930985936896,12,1.0,1.0,147435.3884593569,7.848832820844789,True,1663.967576677126,998.35,2.0,47.3,90.1,52.3,53.8,148.9,187400.0,106100.0,97545.51344,0.6616153317009782,12.526528794274624,4.819812908116253,19.864753307742603,47.5,53.5,57.1,696.6,609.55,719.45
Palo Alto,2015,17.459736766158244,16.540637550067643,2438675.3225596487,175.03543738031112,12,0.9288053055221557,0.14566366626586874,147435.3884593569,9.974972512693137,True,2438.6753225596485,885.3000000000001,2.0,42.8,90.7,54.4,88.2,190.5,173100.0,116500.0,97545.51344,0.6616153317009782,11.286079916531216,12.526528794274624,4.819812908116253,47.3,47.5,53.5,998.35,696.6,609.55
Palo Alto,2016,32.97462460032957,32.97462460032957,4861626.587251055,333.7083696978263,12,1.0,1.0,147435.3884593569,9.881269873509067,True,4861.626587251055,917.4499999999999,2.0,51.2,96.8,58.7,82.1,186.4,179100.0,104600.0,97545.51344,0.6616153317009782,17.459736766158244,11.286079916531216,12.526528794274624,42.8,47.3,47.5,885.3000000000001,998.35,696.6
Palo Alto,2017,17.92906015129162,17.927857879272402,2643200.6906746696,266.51077347750356,12,0.9975862132266607,0.9710345587199284,147435.3884593569,6.72733035042016,True,2643.2006906746697,680.95,2.0,58.2,98.7,61.7,83.6,185.8,169800.0,110900.0,97545.51344,0.6616153317009782,32.97462460032957,17.459736766158244,11.286079916531216,51.2,42.8,47.3,917.4499999999999,885.3000000000001,998.35
Palo Alto,2018,26.656177971355387,26.656177971355387,3930063.9540485344,567.8857507211724,12,1.0,1.0,147435.3884593569,4.6939332317291,True,3930.0639540485345,1198.9,1.0,67.4,88.9,65.7,68.6,155.8,159400.0,114200.0,97545.51344,0.6616153317009782,17.92906015129162,32.97462460032957,17.459736766158244,58.2,51.2,42.8,680.95,917.4499999999999,885.3000000000001
Palo Alto,2019,21.500799335138677,21.277489217819593,3137054.88826901,529.3457375117923,12,0.9288053055221557,0.14566366626586874,147435.3884593569,4.0617686724377755,True,3137.05488826901,991.5,1.0,60.3,89.9,74.0,80.8,184.4,157100.0,107200.0,97545.51344,0.6616153317009782,26.656177971355387,17.92906015129162,32.97462460032957,67.4,58.2,51.2,1198.9,680.95,917.4499999999999
Plymouth,2001,16.62484096993476,7.660390534372866,1715914.302715917,150.18042587307212,12,0.4607797781781084,0.46077977817810833,223998.27985485262,11.069911989719328,True,1715.9143027159168,827.22,5.0,32.2,59.6,50.5,66.5,144.4,207100.0,198900.0,39352.880698,0.17568385223091915,1.6251633796187832,,,43.6,,,800.14,,
Plymouth,2002,4.5058104652447035,2.9851201612642733,668661.7812832373,50.9803628663376,12,0.6550200176123763,0.46077977817810833,223998.27985485262,8.838325605995042,True,668.6617812832372,694.54,5.0,33.6,63.0,56.2,77.4,163.0,205500.0,195500.0,39352.880698,0.17568385223091915,16.62484096993476,1.6251633796187832,,32.2,43.6,,827.22,800.14,
Plymouth,2003,5.405805194205577,4.44114534497255,994808.9178592374,58.65700282823286,12,0.6999550360975336,0.46077977817810833,223998.27985485262,9.215958766314,True,994.8089178592375,697.16,5.0,38.2,70.9,56.6,50.2,139.5,213000.0,201100.0,39352.880698,0.17568385223091915,4.5058104652447035,16.62484096993476,1.6251633796187832,33.6,32.2,43.6,694.54,827.22,800.14
Plymouth,2004,12.339118848943324,9.440840017945064,2114731.924404551,116.31237939782652,12,0.6999550360975336,0.46077977817810833,223998.27985485262,10.608603239677082,True,2114.7319244045507,946.1,5.0,38.6,72.8,60.9,76.2,171.3,214000.0,191400.0,39352.880698,0.17568385223091915,5.405805194205577,4.5058104652447035,16.62484096993476,38.2,33.6,32.2,697.16,694.54,827.22
Plymouth,2005,9.949500423975293,7.229788417913164,1619460.1693270854,97.93507654991379,12,0.7431195337495932,0.7197667640904656,223998.27985485262,10.159281816565906,True,1619.4601693270854,880.64,5.0,52.7,78.1,63.9,79.7,169.0,217500.0,189200.0,39352.880698,0.17568385223091915,12.339118848943324,5.405805194205577,4.5058104652447035,38.6,38.2,33.6,946.1,697.16,694.54
Plymouth,2006,11.155399253639066,8.150964161347417,1825801.9513003728,103.91233691859021,12,0.7431195337495932,0.7197667640904656,223998.27985485262,10.735394453094369,True,1825.8019513003728,770.63,4.75,64.5,71.8,67.6,81.5,156.4,218200.0,191000.0,39352.880698,0.17568385223091915,9.949500423975293,12.339118848943324,5.405805194205577,52.7,38.6,38.2,880.64,946.1,697.16
Plymouth,2007,14.888097648188381,10.715957867699421,2400356.1293617445,158.98770008857744,12,0.7197667640904656,0.7197667640904656,223998.27985485262,9.364307830035731,True,2400.3561293617445,942.825,4.0,82.4,92.8,73.2,71.5,155.1,232400.0,175700.0,39352.880698,0.17568385223091915,11.155399253639066,9.949500423975293,12.339118848943324,64.5,52.7,38.6,770.63,880.64,946.1
Plymouth,2009,7.701821981154815,4.52946799684308,1014593.0399504551,102.79499216986115,12,0.5408056240919242,0.005883306144450396,223998.27985485262,7.4924097162516645,True,1014.593039950455,809.275,4.0,50.1,82.0,67.9,89.3,189.1,231500.0,187100.0,39352.880698,0.17568385223091915,13.358429714990095,14.888097648188381,11.155399253639066,63.3,82.4,64.5,881.3,942.825,770.63
Plymouth,2010,41.00940430077415,26.931387103350872,6032584.385255757,355.69698516545674,12,0.676602266438406,0.46077977817810833,223998.27985485262,11.529308937408658,True,6032.584385255756,928.3642857142856,6.5,45.9,69.9,66.9,93.7,184.6,224000.0,194500.0,39352.880698,0.17568385223091915,7.701821981154815,13.358429714990095,14.888097648188381,50.1,63.3,82.4,809.275,881.3,942.825
Plymouth,2011,22.6637946239174,16.312646118467914,3654004.670417751,222.24456019766575,12,0.7197667640904656,0.7197667640904656,223998.27985485262,10.197682500647069,True,3654.004670417751,708.6714285714286,6.666666666666667,63.1,84.6,66.4,75.8,163.7,236500.0,181500.0,39352.880698,0.17568385223091915,41.00940430077415,7.701821981154815,13.358429714990095,45.9,50.1,63.3,928.3642857142856,809.275,881.3
Plymouth,2012,4.206689204909115,3.010213352446065,674282.6129440279,64.61762516265102,12,0.678372787271504,0.46077977817810833,223998.27985485262,6.510126601403762,True,674.2826129440278,535.5166666666667,6.0,79.3,84.2,67.4,44.8,117.1,222000.0,190900.0,39352.880698,0.17568385223091915,22.6637946239174,41.00940430077415,7.701821981154815,63.1,45.9,50.1,708.6714285714286,928.3642857142856,809.275
Plymouth,2013,9.645234302157741,4.667845438726588,1045589.3489030759,110.771246031079,12,0.5471087734822274,0.46077977817810833,223998.27985485262,8.707344773797692,True,1045.589348903076,754.26,5.083333333333333,48.7,76.9,69.0,83.5,180.7,236500.0,183200.0,39352.880698,0.17568385223091915,4.206689204909115,22.6637946239174,41.00940430077415,79.3,63.1,45.9,535.5166666666667,708.6714285714286,928.3642857142856
Plymouth,2014,7.531858419125427,3.7195613797352824,833175.3508752458,121.60364732378238,12,0.484132547837236,0.46077977817810833,223998.27985485262,6.193776736869634,True,833.1753508752457,772.26,5.0,44.4,66.0,71.7,95.1,188.4,216500.0,193500.0,39352.880698,0.17568385223091915,9.645234302157741,4.206689204909115,22.6637946239174,48.7,79.3,63.1,754.26,535.5166666666667,708.6714285714286
Plymouth,2015,13.763150001024375,6.341781204504042,1420548.0810247408,119.31507107329385,12,0.4607797781781084,0.46077977817810833,223998.27985485262,11.535131209509847,True,1420.548081024741,938.3199999999999,5.0,43.2,71.5,73.3,102.2,203.8,200500.0,193600.0,39352.880698,0.17568385223091915,7.531858419125427,9.645234302157741,4.206689204909115,44.4,48.7,79.3,772.26,754.26,535.5166666666667
Plymouth,2016,49.80483800906054,22.949062210011533,5140550.459324585,306.88827397057304,12,0.4607797781781084,0.46077977817810833,223998.27985485262,16.2289804575056,True,5140.550459324585,897.6999999999999,5.0,54.1,76.3,77.4,119.0,218.6,202000.0,195200.0,39352.880698,0.17568385223091915,13.763150001024375,7.531858419125427,9.645234302157741,43.2,44.4,48.7,938.3199999999999,772.26,754.26
Plymouth,2017,25.842384469860797,11.907648183615851,2667292.7102467106,190.30031718177733,12,0.4607797781781084,0.46077977817810833,223998.27985485262,13.57979053980021,True,2667.2927102467106,756.96,5.0,61.2,77.7,79.0,102.1,197.6,211000.0,195400.0,39352.880698,0.17568385223091915,49.80483800906054,13.763150001024375,7.531858419125427,54.1,43.2,44.4,897.6999999999999,938.3199999999999,772.26
Plymouth,2018,56.14972097396663,25.872655975147023,5795430.433709308,436.02025361309154,12,0.4607797781781084,0.46077977817810833,223998.27985485262,12.877778155643165,True,5795.430433709307,1028.575,4.0,53.6,70.0,82.8,109.7,208.9,214500.0,197500.0,39352.880698,0.17568385223091915,25.842384469860797,49.80483800906054,13.763150001024375,61.2,54.1,43.2,756.96,897.6999999999999,938.3199999999999
Plymouth,2019,48.48390769676556,22.34040423372352,5004212.119616134,413.1386319051021,12,0.4607797781781084,0.46077977817810833,223998.27985485262,11.735505700154981,True,5004.212119616134,1015.15,4.0,51.6,71.0,83.8,98.9,202.1,229300.0,196800.0,39352.880698,0.17568385223091915,56.14972097396663,25.842384469860797,49.80483800906054,53.6,61.2,54.1,1028.575,756.96,897.6999999999999
Pocahontas,2001,21.699981541441936,21.69998154144193,3251445.6032506377,244.69262833748385,12,0.9999999999999997,0.9999999999999997,149836.3303692739,8.868261250401456,True,3251.4456032506378,705.8,1.0,9.6,65.5,20.3,65.4,141.6,166900.0,167000.0,104068.647074,0.6945488241571403,3.1369948928450504,,,11.9,,,776.4999999999999,,
Pocahontas,2002,9.946364784337295,9.946364784337291,1490326.7997992737,93.75039064456718,12,0.9999999999999997,0.9999999999999997,149836.3303692739,10.609411561863913,True,1490.3267997992737,856.5,1.0,0.8,66.9,20.1,79.4,165.6,169500.0,156500.0,104068.647074,0.6945488241571403,21.699981541441936,3.1369948928450504,,9.6,11.9,,705.8,776.4999999999999,
Pocahontas,2003,17.445007107869056,17.44500710786905,2613895.848308999,146.2505825584075,12,0.9999999999999997,0.9999999999999997,149836.3303692739,11.928162474773126,True,2613.895848308999,705.0,1.0,3.5,77.0,20.4,41.2,135.1,169500.0,158900.0,104068.647074,0.6945488241571403,9.946364784337295,21.699981541441936,3.1369948928450504,0.8,9.6,11.9,856.5,705.8,776.4999999999999
Pocahontas,2004,19.254132400069714,19.254132400069704,2884968.543270585,189.52320770414076,12,0.9999999999999997,0.9999999999999997,149836.3303692739,10.159247847961073,True,2884.968543270585,781.8000000000001,1.0,0.4,79.3,20.5,70.2,169.6,174000.0,154400.0,104068.647074,0.6945488241571403,17.445007107869056,9.946364784337295,21.699981541441936,3.5,0.8,9.6,705.0,856.5,705.8
Pocahontas,2005,18.160937497331588,18.160937497331584,2721168.2306659096,181.83454573102395,12,0.9999999999999997,0.9999999999999997,149836.3303692739,9.987616722839832,True,2721.1682306659095,839.0,1.0,14.4,87.1,21.1,77.7,171.5,176000.0,149800.0,104068.647074,0.6945488241571403,19.254132400069714,17.445007107869056,9.946364784337295,0.4,3.5,0.8,781.8000000000001,705.0,856.5
Pocahontas,2006,18.038857357353407,17.94030648646293,2688109.689631687,168.43822719319914,12,0.9827824348633617,0.793389218360345,149836.3303692739,10.709479467901776,True,2688.109689631687,658.6,1.0,19.5,82.7,22.0,85.2,170.4,173500.0,151800.0,104068.647074,0.6945488241571403,18.160937497331588,19.254132400069714,17.445007107869056,14.4,0.4,3.5,839.0,781.8000000000001,705.0
Pocahontas,2007,31.965646337448785,31.965646337448774,4789615.145085346,351.0891823809474,12,0.9999999999999997,0.9999999999999997,149836.3303692739,9.104708416440081,True,4789.615145085346,992.9,1.0,35.8,103.2,22.4,74.6,164.4,187500.0,137300.0,104068.647074,0.6945488241571403,18.038857357353407,18.160937497331588,19.254132400069714,19.5,14.4,0.4,658.6,839.0,781.8000000000001
Pocahontas,2008,29.500851652623716,26.3911130518596,3954347.5340512916,346.34145251687966,12,0.8190598787849628,0.34510977568640366,149836.3303692739,8.517851801521196,True,3954.347534051292,930.6999999999999,1.0,28.8,97.1,23.0,80.8,172.1,176000.0,149600.0,104068.647074,0.6945488241571403,31.965646337448785,18.038857357353407,18.160937497331588,35.8,19.5,14.4,992.9,658.6,839.0
Pocahontas,2009,18.400488298871302,14.857087261106788,2226131.4351803274,219.95387186495498,12,0.8190598787849628,0.34510977568640366,149836.3303692739,8.365612363563505,True,2226.1314351803276,741.2,1.0,16.4,90.2,23.4,77.7,174.9,181500.0,146100.0,104068.647074,0.6945488241571403,29.500851652623716,31.965646337448785,18.038857357353407,28.8,35.8,19.5,930.6999999999999,992.9,658.6
Pocahontas,2010,36.677906494012596,36.67790649401258,5495682.914690206,530.1954690336488,12,0.9999999999999997,0.9999999999999997,149836.3303692739,6.917808362425827,True,5495.6829146902055,1025.8,1.0,15.8,82.7,24.3,70.4,161.6,175000.0,147000.0,104068.647074,0.6945488241571403,18.400488298871302,29.500851652623716,31.965646337448785,16.4,28.8,35.8,741.2,930.6999999999999,992.9
Pocahontas,2011,21.691955127971756,21.69195512797175,3250242.9549102406,272.0628167526341,12,0.9999999999999997,0.9999999999999997,149836.3303692739,7.973142154039591,True,3250.2429549102408,674.1,1.0,33.0,103.1,25.1,74.6,169.8,183700.0,140200.0,104068.647074,0.6945488241571403,36.677906494012596,18.400488298871302,29.500851652623716,15.8,16.4,28.8,1025.8,741.2,930.6999999999999
Pocahontas,2012,4.809649356192148,4.681581290268791,701470.9608593262,65.15719474375518,12,0.965564869726724,0.793389218360345,149836.3303692739,7.381609007427558,True,701.4709608593262,684.7,1.0,37.2,101.0,27.1,63.6,154.5,187700.0,140000.0,104068.647074,0.6945488241571403,21.691955127971756,36.677906494012596,18.400488298871302,33.0,15.8,16.4,674.1,1025.8,741.2
Pocahontas,2013,32.244690208342575,32.24469020834257,4831426.0547121065,163.8503928829527,12,0.9999999999999997,0.9999999999999997,149836.3303692739,19.679348728432238,True,4831.426054712107,704.8,1.0,30.3,92.4,30.3,52.7,145.1,178000.0,132800.0,104068.647074,0.6945488241571403,4.809649356192148,21.691955127971756,36.677906494012596,37.2,33.0,15.8,684.7,674.1,1025.8
Pocahontas,2014,28.24544806299677,28.245448062996758,4232194.28739535,199.65469308259318,12,0.9999999999999997,0.9999999999999997,149836.3303692739,14.147149574546784,True,4232.194287395349,901.4,1.0,23.3,84.5,32.1,69.3,162.6,182900.0,140200.0,104068.647074,0.6945488241571403,32.244690208342575,4.809649356192148,21.691955127971756,30.3,37.2,33.0,704.8,684.7,674.1
Pocahontas,2015,53.07078231165402,52.54158487082961,7872638.268830869,336.12421753383836,12,0.9827824348633617,0.793389218360345,149836.3303692739,15.789038558732017,True,7872.6382688308695,1109.6,1.0,21.7,89.4,34.8,91.8,194.3,181100.0,137900.0,104068.647074,0.6945488241571403,28.24544806299677,32.244690208342575,4.809649356192148,23.3,30.3,37.2,901.4,704.8,684.7
Pocahontas,2016,39.19514696631861,39.1951469663186,5872856.989717558,359.52424362661424,12,0.9999999999999997,0.9999999999999997,149836.3303692739,10.901948244420739,True,5872.8569897175585,944.0,1.0,31.9,95.6,38.2,97.1,199.0,182500.0,135500.0,104068.647074,0.6945488241571403,53.07078231165402,28.24544806299677,32.244690208342575,21.7,23.3,30.3,1109.6,901.4,704.8
Pocahontas,2017,22.76801176635215,22.76801176635214,3411475.332874655,247.7602949465977,12,0.9999999999999997,0.9999999999999997,149836.3303692739,9.189532072223104,True,3411.4753328746547,806.0,1.0,43.5,97.5,40.7,94.7,189.4,180800.0,142200.0,104068.647074,0.6945488241571403,39.19514696631861,53.07078231165402,28.24544806299677,31.9,21.7,23.3,944.0,1109.6,901.4
Pocahontas,2018,41.30572551549529,41.30572551549527,6189098.334482295,515.325932242481,12,0.9999999999999997,0.9999999999999997,149836.3303692739,8.01545641915403,True,6189.098334482295,1329.0,1.0,34.8,87.6,40.0,76.6,169.4,175600.0,145000.0,104068.647074,0.6945488241571403,22.76801176635215,39.19514696631861,53.07078231165402,43.5,31.9,21.7,806.0,944.0,1109.6
Pocahontas,2019,31.369652458754405,31.27154707025807,4685613.857977488,475.6934711860031,12,0.9827824348633617,0.793389218360345,149836.3303692739,6.594509775495408,True,4685.613857977488,927.1,1.0,34.5,88.6,39.6,81.3,175.0,177300.0,143150.0,104068.647074,0.6945488241571403,41.30572551549529,22.76801176635215,39.19514696631861,34.8,43.5,31.9,1329.0,806.0,944.0
Polk,2001,18.853954551752896,18.853954551752885,2888480.8835066343,224.45223514441489,12,0.9999999999999994,0.9999999999999994,153202.91960914305,8.399985208265832,True,2888.480883506634,751.5333333333334,9.0,-29.1,44.9,6.9,66.5,147.4,86200.0,84400.0,47294.034075999996,0.30870191114280515,2.4428136499569164,,,-30.5,,,610.1111111111111,,
Polk,2002,8.181779857969234,8.181779857969229,1253472.5618401656,92.52712692026974,12,0.9999999999999994,0.9999999999999994,153202.91960914305,8.84257420531326,True,1253.4725618401656,661.5444444444444,9.0,-43.6,42.2,5.7,72.6,164.1,90500.0,79800.0,47294.034075999996,0.30870191114280515,18.853954551752896,2.4428136499569164,,-29.1,-30.5,,751.5333333333334,610.1111111111111,
Polk,2003,14.574909711845473,14.574909711845464,2232918.7208943786,146.37351546013647,12,0.9999999999999994,0.9999999999999994,153202.91960914305,9.957340756644477,True,2232.9187208943786,834.7333333333333,9.0,-42.7,45.5,5.9,36.7,130.8,88000.0,80700.0,47294.034075999996,0.30870191114280515,8.181779857969234,18.853954551752896,2.4428136499569164,-43.6,-29.1,-30.5,661.5444444444444,751.5333333333334,610.1111111111111
Polk,2004,18.33737213590489,18.33737213590488,2809338.949179975,223.75663244731237,12,0.9999999999999994,0.9999999999999994,153202.91960914305,8.195230655441135,True,2809.338949179975,877.6777777777778,9.416666666666666,-40.6,48.6,6.2,75.2,170.6,94000.0,73800.0,47294.034075999996,0.30870191114280515,14.574909711845473,8.181779857969234,18.853954551752896,-42.7,-43.6,-29.1,834.7333333333333,661.5444444444444,751.5333333333334
Polk,2005,14.798205412755786,14.79820541275578,2267128.2742100097,180.80665709999386,12,0.9999999999999994,0.9999999999999994,153202.91960914305,8.184546769520628,True,2267.1282742100097,744.7545454545455,11.0,-36.1,49.2,6.5,76.8,168.6,93000.0,71100.0,47294.034075999996,0.30870191114280515,18.33737213590489,14.574909711845473,8.181779857969234,-40.6,-42.7,-43.6,877.6777777777778,834.7333333333333,661.5444444444444
Polk,2006,13.21984729401814,13.21984729401813,2025319.2022306067,141.19205854861434,12,0.9999999999999994,0.9999999999999994,153202.91960914305,9.363024684186728,True,2025.3192022306066,790.209090909091,11.0,-35.5,47.1,7.1,77.3,167.0,89300.0,71700.0,47294.034075999996,0.30870191114280515,14.798205412755786,18.33737213590489,14.574909711845473,-36.1,-40.6,-42.7,744.7545454545455,877.6777777777778,834.7333333333333
Polk,2007,29.304128453769298,29.304128453769284,4489478.035718817,389.20890001060366,12,0.9999999999999994,0.9999999999999994,153202.91960914305,7.529151685115868,True,4489.478035718817,1069.8018181818181,10.083333333333334,-37.9,50.2,8.0,71.4,167.5,98500.0,64200.0,47294.034075999996,0.30870191114280515,13.21984729401814,14.798205412755786,18.33737213590489,-35.5,-36.1,-40.6,790.209090909091,744.7545454545455,877.6777777777778
Polk,2008,27.528185988051902,24.249968225604896,3715165.932591621,492.05311163830225,12,0.8258770334191269,0.3035081336765091,153202.91960914305,5.594555818658715,True,3715.1659325916207,1245.4,10.0,-26.8,53.4,7.1,59.6,146.9,90000.0,66100.0,47294.034075999996,0.30870191114280515,29.304128453769298,13.21984729401814,14.798205412755786,-37.9,-35.5,-36.1,1069.8018181818181,790.209090909091,744.7545454545455
Polk,2009,20.3215157756235,15.858024832535712,2429495.7035787627,323.17899405613065,12,0.8258770334191269,0.3035081336765091,153202.91960914305,6.288006383265739,True,2429.495703578763,1021.4200000000001,10.0,-42.3,44.8,6.1,80.4,173.6,91500.0,66700.0,47294.034075999996,0.30870191114280515,27.528185988051902,29.304128453769298,13.21984729401814,-26.8,-37.9,-35.5,1245.4,1069.8018181818181,790.209090909091
Polk,2010,29.68735962519927,29.687359625199246,4548190.17006712,624.3659982384096,12,0.9999999999999994,0.9999999999999994,153202.91960914305,4.754800823388747,True,4548.190170067121,1321.4699999999998,10.0,-33.8,39.6,5.3,65.9,144.6,84500.0,65000.0,47294.034075999996,0.30870191114280515,20.3215157756235,27.528185988051902,29.304128453769298,-42.3,-26.8,-37.9,1021.4200000000001,1245.4,1069.8018181818181
Polk,2011,15.774229177333591,15.774229177333583,2416657.9645512355,268.05979523990175,12,0.9999999999999994,0.9999999999999994,153202.91960914305,5.8845934591632245,True,2416.6579645512356,811.21,10.0,-30.0,51.6,4.3,79.5,165.4,87100.0,65300.0,47294.034075999996,0.30870191114280515,29.68735962519927,20.3215157756235,27.528185988051902,-33.8,-42.3,-26.8,1321.4699999999998,1021.4200000000001,1245.4
Polk,2012,3.334289352083964,3.334289352083962,510822.8635609409,69.47049418753905,12,0.9999999999999994,0.9999999999999994,153202.91960914305,4.799576267707099,True,510.8228635609409,612.1733333333334,9.416666666666666,-28.9,51.7,3.2,69.4,153.2,90300.0,63500.0,47294.034075999996,0.30870191114280515,15.774229177333591,29.68735962519927,20.3215157756235,-30.0,-33.8,-42.3,811.21,1321.4699999999998,1021.4200000000001
Polk,2013,24.052916604585036,24.052916604585025,3684977.0489376616,199.7251815366626,12,0.9999999999999994,0.9999999999999994,153202.91960914305,12.04300650500085,True,3684.9770489376615,815.0222222222222,9.0,-30.2,48.9,3.2,58.6,140.9,81200.0,66200.0,47294.034075999996,0.30870191114280515,3.334289352083964,15.774229177333591,29.68735962519927,-28.9,-30.0,-33.8,612.1733333333334,811.21,1321.4699999999998
Polk,2014,20.70107823214478,20.70107823214477,3171465.6242218562,278.75812421579633,12,0.9999999999999994,0.9999999999999994,153202.91960914305,7.426179341097646,True,3171.465624221856,1049.6777777777777,9.0,-46.3,43.5,3.2,77.3,170.3,82100.0,67100.0,47294.034075999996,0.30870191114280515,24.052916604585036,3.334289352083964,15.774229177333591,-30.2,-28.9,-30.0,815.0222222222222,612.1733333333334,811.21
Polk,2015,34.035211463716415,34.03521146371639,5214293.765755926,406.24574538079867,12,0.9999999999999994,0.9999999999999994,153202.91960914305,8.377985948336063,True,5214.293765755926,1096.4444444444446,9.0,-48.8,41.9,3.2,85.7,179.6,78500.0,70100.0,47294.034075999996,0.30870191114280515,20.70107823214478,24.052916604585036,3.334289352083964,-46.3,-30.2,-28.9,1049.6777777777777,815.0222222222222,612.1733333333334
Polk,2016,22.352522274370912,22.352522274370905,3424471.6730620246,317.7360436113232,12,0.9999999999999994,0.9999999999999994,153202.91960914305,7.034934412953813,True,3424.471673062025,900.0888888888888,9.0,-52.3,44.4,3.3,87.3,187.3,85100.0,66400.0,47294.034075999996,0.30870191114280515,34.035211463716415,20.70107823214478,24.052916604585036,-48.8,-46.3,-30.2,1096.4444444444446,1049.6777777777777,815.0222222222222
Polk,2017,14.788558972722289,14.70974986207101,2253576.625589468,222.12326103922365,12,0.963892034462579,0.5667044135509547,153202.91960914305,6.657816431981363,True,2253.576625589468,753.9666666666667,7.5,-44.8,45.1,5.0,99.5,194.4,78500.0,70300.0,47294.034075999996,0.30870191114280515,22.352522274370912,34.035211463716415,20.70107823214478,-52.3,-48.8,-46.3,900.0888888888888,1096.4444444444446,1049.6777777777777
Polk,2018,27.040528181038813,27.0405281810388,4142687.8651084537,461.3106640743644,12,0.9999999999999994,0.9999999999999994,153202.91960914305,5.861674200681347,True,4142.6878651084535,1073.48,5.0,-47.5,41.1,3.4,88.6,180.6,75800.0,65800.0,47294.034075999996,0.30870191114280515,14.788558972722289,22.352522274370912,34.035211463716415,-44.8,-52.3,-48.8,753.9666666666667,900.0888888888888,1096.4444444444446
Polk,2019,20.278029343313634,20.27802934331362,3106653.299315521,435.85698085262834,12,0.9999999999999994,0.9999999999999994,153202.91960914305,4.652450283954503,True,3106.653299315521,1106.4,5.0,-54.6,41.5,3.3,79.4,178.8,76900.0,62800.0,47294.034075999996,0.30870191114280515,27.040528181038813,14.788558972722289,22.352522274370912,-47.5,-44.8,-52.3,1073.48,753.9666666666667,900.0888888888888
Pottawattamie,2001,9.367226750060302,5.369915317562904,1334200.3923655576,155.32050334846406,12,0.5694429341766417,0.5400496963846754,248458.36730458436,6.0309016183425435,True,1334.2003923655577,916.175,4.0,-7.2,59.1,8.5,76.5,151.3,215100.0,230700.0,32237.28676,0.12974924978268254,2.0793929283580024,,,-1.4,,,644.0,,
Pottawattamie,2002,2.974682973022113,1.7113993131993583,425211.4791636996,67.92135628722062,12,0.575321581735035,0.575321581735035,248458.36730458436,4.379598900297283,True,425.2114791636996,709.3249999999999,4.25,-6.0,60.0,11.7,69.1,146.8,221500.0,207700.0,32237.28676,0.12974924978268254,9.367226750060302,2.0793929283580024,,-7.2,-1.4,,916.175,644.0,
Pottawattamie,2003,6.378386534318621,3.6657531267953414,910787.0368252456,96.84288472694496,12,0.5723822579558383,0.5400496963846754,248458.36730458436,6.586324387488984,True,910.7870368252457,673.0,4.0,-0.5,68.4,11.3,30.6,110.8,216500.0,213200.0,32237.28676,0.12974924978268254,2.974682973022113,9.367226750060302,2.0793929283580024,-6.0,-7.2,-1.4,709.3249999999999,916.175,644.0
Pottawattamie,2004,14.45129779575979,8.314143505980546,2065718.5210319392,184.20737581271203,12,0.575321581735035,0.575321581735035,248458.36730458436,7.845124405036183,True,2065.7185210319394,853.7,4.0,-14.4,68.4,11.0,85.4,179.2,223000.0,205200.0,32237.28676,0.12974924978268254,6.378386534318621,2.974682973022113,9.367226750060302,-0.5,-6.0,-7.2,673.0,709.3249999999999,916.175
Pottawattamie,2005,9.24272492251349,5.317539121962289,1321187.0883210031,131.91135538241136,12,0.575321581735035,0.575321581735035,248458.36730458436,7.0067697323849085,True,1321.187088321003,699.875,4.0,2.7,76.1,11.4,93.8,178.6,221500.0,203900.0,32237.28676,0.12974924978268254,14.45129779575979,6.378386534318621,2.974682973022113,-14.4,-0.5,-6.0,853.7,673.0,709.3249999999999
Pottawattamie,2006,4.522308306810168,2.601781568167514,646434.4005100616,83.88409493425974,12,0.575321581735035,0.575321581735035,248458.36730458436,5.391139178832789,True,646.4344005100617,784.12,5.0,-3.1,70.3,12.0,91.4,176.8,216000.0,205700.0,32237.28676,0.12974924978268254,9.24272492251349,14.45129779575979,6.378386534318621,2.7,-14.4,-0.5,699.875,853.7,673.0
Pottawattamie,2007,35.604775138667314,20.484195550098327,5089469.781925263,379.6969722638566,12,0.575321581735035,0.575321581735035,248458.36730458436,9.377155400102867,True,5089.469781925263,1148.2,5.0,18.5,89.0,15.2,81.0,166.7,236500.0,189100.0,32237.28676,0.12974924978268254,4.522308306810168,9.24272492251349,14.45129779575979,-3.1,2.7,-14.4,784.12,699.875,853.7
Pottawattamie,2010,34.845707037457885,20.04748728946591,4980965.960500107,478.68900315714075,12,0.575321581735035,0.575321581735035,248458.36730458436,7.279404124104973,True,4980.965960500107,1090.0,4.0,-5.8,65.0,12.7,87.7,171.2,228500.0,208500.0,32237.28676,0.12974924978268254,12.95400141317893,27.374041760240175,35.604775138667314,-4.2,3.3,18.5,864.975,1024.035,1148.2
Pottawattamie,2011,16.761124593185787,9.643036712609641,2395893.1574731576,244.40131095984663,12,0.575321581735035,0.575321581735035,248458.36730458436,6.858033832698843,True,2395.8931574731578,760.4250000000001,4.0,9.0,85.7,12.5,80.5,169.7,233000.0,177500.0,32237.28676,0.12974924978268254,34.845707037457885,12.95400141317893,27.374041760240175,-5.8,-4.2,3.3,1090.0,864.975,1024.035
Pottawattamie,2012,5.507870853455955,3.144135542861592,781186.7835637041,108.23308316545283,12,0.5773295039749552,0.5400496963846754,248458.36730458436,5.088897675617566,True,781.1867835637041,661.325,4.0,14.2,83.8,12.2,37.9,119.7,251000.0,188300.0,32237.28676,0.12974924978268254,16.761124593185787,34.845707037457885,12.95400141317893,9.0,-5.8,-4.2,760.4250000000001,1090.0,864.975
Pottawattamie,2013,14.346710403719943,8.253972122162638,2050768.4372500847,168.3850463466028,12,0.575321581735035,0.575321581735035,248458.36730458436,8.520180808804575,True,2050.768437250085,774.925,4.0,-7.5,75.7,11.4,77.3,171.9,247000.0,184100.0,32237.28676,0.12974924978268254,5.507870853455955,16.761124593185787,34.845707037457885,14.2,9.0,-5.8,661.325,760.4250000000001,1090.0
Pottawattamie,2014,26.653493694335864,15.33433015099009,3809942.633024458,344.53408024170824,12,0.575321581735035,0.575321581735035,248458.36730458436,7.736097884899247,True,3809.942633024458,1043.675,4.0,-12.2,65.2,11.0,80.3,168.7,233500.0,196400.0,32237.28676,0.12974924978268254,14.346710403719943,5.507870853455955,16.761124593185787,-7.5,14.2,9.0,774.925,661.325,760.4250000000001
Pottawattamie,2015,35.92682815072085,20.6694795983955,5135505.154052762,405.163677264455,12,0.575321581735035,0.575321581735035,248458.36730458436,8.867238147626693,True,5135.505154052762,1033.025,4.0,-19.5,69.4,10.6,96.6,196.1,239500.0,193700.0,32237.28676,0.12974924978268254,26.653493694335864,14.346710403719943,5.507870853455955,-12.2,-7.5,14.2,1043.675,774.925,661.325
Pottawattamie,2016,36.75104174155781,21.14366746516334,5253321.097225544,447.60962116111034,12,0.575321581735035,0.575321581735035,248458.36730458436,8.210512018536312,True,5253.321097225544,963.075,4.0,-19.9,74.1,10.4,95.5,199.9,251000.0,181500.0,32237.28676,0.12974924978268254,35.92682815072085,26.653493694335864,14.346710403719943,-19.5,-12.2,-7.5,1033.025,1043.675,774.925
Pottawattamie,2017,19.99774933206258,11.50513677686298,2858547.4991953042,290.9818031382328,12,0.575321581735035,0.575321581735035,248458.36730458436,6.872508561149618,True,2858.547499195304,839.55,4.0,-9.4,75.4,11.1,94.4,190.3,237000.0,194900.0,32237.28676,0.12974924978268254,36.75104174155781,35.92682815072085,26.653493694335864,-19.9,-19.5,-12.2,963.075,1033.025,1043.675
Pottawattamie,2018,22.295586416188485,12.82713204267172,3187008.2845225334,331.3126290336186,12,0.575321581735035,0.575321581735035,248458.36730458436,6.729470736210944,True,3187.0082845225334,1085.0333333333333,3.0,-20.1,68.0,10.5,95.7,194.3,233750.0,189050.0,32237.28676,0.12974924978268254,19.99774933206258,36.75104174155781,35.92682815072085,-9.4,-19.9,-19.5,839.55,963.075,1033.025
Pottawattamie,2019,24.688000343071714,14.203539407251107,3528988.211071933,415.9226578231685,12,0.575321581735035,0.575321581735035,248458.36730458436,5.935719028216043,True,3528.988211071933,987.1666666666667,3.0,-21.9,68.8,10.8,95.8,197.3,230500.0,183200.0,32237.28676,0.12974924978268254,22.295586416188485,19.99774933206258,36.75104174155781,-20.1,-9.4,-19.9,1085.0333333333333,839.55,963.075
Poweshiek,2001,25.3437636555481,25.343741309951728,3846001.583197301,304.68962477479823,12,0.9999991183000013,0.9999991183000014,151753.5053787458,8.317895193930593,True,3846.001583197301,854.425,4.0,-6.3,59.7,13.2,80.7,159.9,116900.0,115300.0,76175.259838,0.5019670527404431,6.420985456339815,,,-0.1,,,698.3,,
Poweshiek,2002,10.275630718965415,10.275621658941825,1559361.6066901854,129.180867393234,12,0.9999991183000013,0.9999991183000014,151753.5053787458,7.9544524869041195,True,1559.3616066901855,839.225,4.0,-19.5,58.5,10.1,87.0,175.1,119000.0,111500.0,76175.259838,0.5019670527404431,25.3437636555481,6.420985456339815,,-6.3,-0.1,,854.425,698.3,
Poweshiek,2003,11.112089958068442,11.107125753454005,1685545.2677691884,136.88539689082359,12,0.9796817352990569,0.756190522288666,151753.5053787458,8.117805266642993,True,1685.5452677691883,756.9,4.0,-22.2,63.5,11.1,35.2,132.0,120000.0,115500.0,76175.259838,0.5019670527404431,10.275630718965415,25.3437636555481,6.420985456339815,-19.5,-6.3,-0.1,839.225,854.425,698.3
Poweshiek,2004,18.692819888780672,18.69280340732141,2836698.442416787,232.3961080736109,12,0.9999991183000013,0.9999991183000014,151753.5053787458,8.04351675410148,True,2836.698442416787,801.85,4.0,-12.5,68.3,11.1,89.4,181.3,126500.0,113000.0,76175.259838,0.5019670527404431,11.112089958068442,10.275630718965415,25.3437636555481,-22.2,-19.5,-6.3,756.9,839.225,854.425
Poweshiek,2005,14.192428325658238,14.192415812194206,2153748.84929321,162.8247245112694,12,0.9999991183000013,0.9999991183000014,151753.5053787458,8.716384055466929,True,2153.7488492932102,677.175,4.0,-3.7,71.1,12.1,95.4,182.3,126000.0,114000.0,76175.259838,0.5019670527404431,18.692819888780672,11.112089958068442,10.275630718965415,-12.5,-22.2,-19.5,801.85,756.9,839.225
Poweshiek,2006,11.097490846250853,11.073497141070728,1680442.0079590024,122.58037127632258,12,0.9796817352990569,0.756190522288666,151753.5053787458,9.053236444548464,True,1680.4420079590025,832.475,4.0,-7.3,70.1,12.6,90.2,180.2,126500.0,112200.0,76175.259838,0.5019670527404431,14.192428325658238,18.692819888780672,11.112089958068442,-3.7,-12.5,-22.2,677.175,801.85,756.9
Poweshiek,2007,37.125715244830715,37.12568251108763,5633952.460635945,423.9012762096618,12,0.9999991183000013,0.9999991183000014,151753.5053787458,8.758104145567215,True,5633.9524606359455,1112.025,4.0,-4.6,76.5,12.6,89.9,183.6,138900.0,100300.0,76175.259838,0.5019670527404431,11.097490846250853,14.192428325658238,18.692819888780672,-7.3,-3.7,-12.5,832.475,677.175,801.85
Poweshiek,2008,42.37565294401998,40.95873963081146,6215632.314870995,654.7627625912172,12,0.8658697881809875,0.31712743559158524,151753.5053787458,6.471909425074626,True,6215.632314870994,1268.475,4.0,2.4,80.4,12.0,73.8,163.8,133000.0,111900.0,76175.259838,0.5019670527404431,37.125715244830715,11.097490846250853,14.192428325658238,-4.6,-7.3,-3.7,1112.025,832.475,677.175
Poweshiek,2009,30.729069102325234,26.956677387450757,4090770.286909623,538.4857707704323,12,0.8292811976228974,0.31712743559158524,151753.5053787458,5.706570307022222,True,4090.770286909623,1172.675,4.0,-11.5,70.2,11.7,90.8,184.2,144500.0,108500.0,76175.259838,0.5019670527404431,42.37565294401998,37.125715244830715,11.097490846250853,2.4,-4.6,-7.3,1268.475,1112.025,832.475
Poweshiek,2010,36.317498255819764,36.317466234681596,5511302.807587172,611.0641465129436,12,0.9999991183000013,0.9999991183000014,151753.5053787458,5.9433201020002056,True,5511.302807587172,1321.575,4.0,-5.5,65.4,11.6,78.6,161.1,141500.0,112700.0,76175.259838,0.5019670527404431,30.729069102325234,42.37565294401998,37.125715244830715,-11.5,2.4,-4.6,1172.675,1268.475,1112.025
Poweshiek,2011,17.074538358256554,17.060580128744977,2589002.8383320253,269.2513686593296,12,0.9796817352990569,0.756190522288666,151753.5053787458,6.341486189383171,True,2589.0028383320255,867.775,4.0,2.4,83.8,11.5,85.6,178.5,151100.0,107300.0,76175.259838,0.5019670527404431,36.317498255819764,30.729069102325234,42.37565294401998,-5.5,-11.5,2.4,1321.575,1172.675,1268.475
Poweshiek,2012,4.250831051322507,4.217171027002121,639970.4861292572,82.39415858231288,12,0.8780948202943337,0.756190522288666,151753.5053787458,5.159141284361644,True,639.9704861292572,651.0,4.0,12.7,84.1,12.3,76.1,159.8,151200.0,106100.0,76175.259838,0.5019670527404431,17.074538358256554,36.317498255819764,30.729069102325234,2.4,-5.5,-11.5,867.775,1321.575,1172.675
Poweshiek,2013,25.995839735288147,25.97623845239802,3941985.2417055666,373.9873823876942,12,0.9390469692971676,0.756190522288666,151753.5053787458,6.950993792710244,True,3941.9852417055668,994.85,4.0,-1.4,75.8,12.2,58.2,147.6,143400.0,110600.0,76175.259838,0.5019670527404431,4.250831051322507,17.074538358256554,36.317498255819764,12.7,2.4,-5.5,651.0,867.775,1321.575
Poweshiek,2014,21.721930646664113,21.5725541365372,3273710.7101922827,336.06647843533085,12,0.9796817352990569,0.756190522288666,151753.5053787458,6.463581475843047,True,3273.7107101922825,1070.6,4.0,-20.3,62.7,12.3,80.4,175.7,139100.0,118400.0,76175.259838,0.5019670527404431,25.995839735288147,4.250831051322507,17.074538358256554,-1.4,12.7,2.4,994.85,651.0,867.775
Poweshiek,2015,37.75362197028065,37.75358868291221,5729239.423259274,405.80162811877153,12,0.9999991183000013,0.9999991183000014,151753.5053787458,9.303467348147448,True,5729.239423259274,1150.875,4.0,-17.6,67.9,12.4,91.5,189.4,142300.0,115500.0,76175.259838,0.5019670527404431,21.721930646664113,25.995839735288147,4.250831051322507,-20.3,-1.4,12.7,1070.6,994.85,651.0
Poweshiek,2016,26.973763800409856,26.973740017642353,4093359.600852179,325.5916063244309,12,0.9999991183000013,0.9999991183000014,151753.5053787458,8.284539059502734,True,4093.359600852179,878.725,4.0,-19.3,72.4,12.8,92.8,197.3,144800.0,113600.0,76175.259838,0.5019670527404431,37.75362197028065,21.721930646664113,25.995839735288147,-17.6,-20.3,-1.4,1150.875,1070.6,994.85
Poweshiek,2017,18.242453829389405,18.236527882649437,2767457.032129288,222.7711271576293,12,0.9796817352990569,0.756190522288666,151753.5053787458,8.188877105461398,True,2767.457032129288,708.775,4.0,-19.7,73.8,13.1,88.9,195.5,148100.0,111300.0,76175.259838,0.5019670527404431,26.973763800409856,37.75362197028065,21.721930646664113,-19.3,-17.6,-20.3,878.725,1150.875,1070.6
Poweshiek,2018,22.670199923133854,22.670179934818613,3440279.2726756306,430.3321552912965,12,0.9999991183000013,0.9999991183000014,151753.5053787458,5.268070174256012,True,3440.2792726756306,1306.7333333333333,3.0,-26.2,66.5,12.8,97.0,202.5,139000.0,117400.0,76175.259838,0.5019670527404431,18.242453829389405,26.973763800409856,37.75362197028065,-19.7,-19.3,-17.6,708.775,878.725,1150.875
Poweshiek,2019,26.047152398966663,26.047129433192435,3952743.196540856,490.808080388564,12,0.9999991183000013,0.9999991183000014,151753.5053787458,5.30699339308872,True,3952.743196540856,1164.1333333333334,3.0,-23.6,67.3,12.9,78.1,181.9,150900.0,105800.0,76175.259838,0.5019670527404431,22.670199923133854,18.242453829389405,26.973763800409856,-26.2,-19.7,-19.3,1306.7333333333333,708.775,878.725
Ringgold,2010,14.377453192015503,1.0390232530528267,144881.51950265345,504.89200905522034,12,0.07226754552258578,0.07226754552258578,139440.1126990825,2.847629380967888,True,144.88151950265345,1408.85,2.0,2.9,24.5,38.5,74.2,134.3,49500.0,58500.0,17152.211424,0.12300772777640519,4.466429816433887,6.678364332170326,7.89637531351997,2.3,4.5,-5.6,1125.8,1408.0,1153.8
Ringgold,2015,7.511499057037365,0.5428376000473079,75693.3361278961,417.4731521734383,12,0.07226754552258578,0.07226754552258578,139440.1126990825,1.7992771554125544,True,75.69333612789609,1296.3999999999999,2.0,26.4,54.8,55.4,62.0,145.8,51900.0,47100.0,17152.211424,0.12300772777640519,9.679619968675777,2.0788156497244348,2.701376563191587,128.7,129.1,139.9,1167.1,817.45,744.45
Ringgold,2016,3.6698098937400636,0.26520815355509575,36980.65482043813,226.88781119894497,12,0.07226754552258578,0.07226754552258578,139440.1126990825,1.6174557259588602,True,36.98065482043813,918.1,2.0,22.4,56.5,50.7,97.6,182.4,52200.0,64200.0,17152.211424,0.12300772777640519,7.511499057037365,9.679619968675777,2.0788156497244348,26.4,128.7,129.1,1296.3999999999999,1167.1,817.45
Sac,2001,13.96097147876046,13.96097147876046,2091066.1499222612,171.0411710651852,12,1.0,1.0,149779.41564478568,8.162345587215267,True,2091.066149922261,809.6,1.0,23.7,63.8,40.0,79.7,159.8,149800.0,149200.0,84980.01314,0.5673677706256857,2.6202254925127635,,,35.0,,,554.9,,
Sac,2002,10.39506837588371,10.39506837588371,1556967.2669274542,101.44402412821422,12,1.0,1.0,149779.41564478568,10.247097811050432,True,1556.9672669274541,799.7,1.0,27.5,67.2,44.2,89.8,173.7,151000.0,141400.0,84980.01314,0.5673677706256857,13.96097147876046,2.6202254925127635,,23.7,35.0,,809.6,554.9,
Sac,2003,17.37841765573109,17.37841765573109,2602929.2413064293,158.9960250718599,12,1.0,1.0,149779.41564478568,10.930095672440073,True,2602.929241306429,688.9,1.0,34.4,75.8,48.8,34.8,125.0,140500.0,137400.0,84980.01314,0.5673677706256857,10.39506837588371,13.96097147876046,2.6202254925127635,27.5,23.7,35.0,799.7,809.6,554.9
Sac,2004,20.28423702471026,20.28423702471026,3038161.168361429,172.86848031858412,12,1.0,1.0,149779.41564478568,11.73391296512116,True,3038.161168361429,928.6,1.0,28.3,75.3,48.2,74.3,169.5,160500.0,136500.0,84980.01314,0.5673677706256857,17.37841765573109,10.39506837588371,13.96097147876046,34.4,27.5,23.7,688.9,799.7,809.6
Sac,2005,14.02735416697732,14.02735416697732,2101008.9101723125,131.99354573137512,12,1.0,1.0,149779.41564478568,10.627303092171568,True,2101.0089101723124,860.6999999999999,1.0,43.1,83.2,51.4,92.7,184.2,156000.0,137400.0,84980.01314,0.5673677706256857,20.28423702471026,17.37841765573109,10.39506837588371,28.3,34.4,27.5,928.6,688.9,799.7
Sac,2006,10.961831772012296,10.961831772012296,1641856.757208447,93.36790327438497,12,1.0,1.0,149779.41564478568,11.74047117647936,True,1641.8567572084469,665.3,1.0,57.4,78.4,54.5,71.4,146.9,159100.0,135000.0,84980.01314,0.5673677706256857,14.02735416697732,20.28423702471026,17.37841765573109,43.1,28.3,34.4,860.6999999999999,928.6,688.9
Sac,2007,35.40518042905478,35.40518042905478,5302967.235462027,339.93275878668095,12,1.0,1.0,149779.41564478568,10.415348186925609,True,5302.967235462027,1111.1000000000001,1.0,64.9,96.2,61.3,78.7,171.3,174500.0,121300.0,84980.01314,0.5673677706256857,10.961831772012296,14.02735416697732,20.28423702471026,57.4,43.1,28.3,665.3,860.6999999999999,928.6
Sac,2008,33.10679385175028,31.54689846764297,4725076.01788895,381.38715496017204,12,0.9193064017093713,0.49192478885239665,149779.41564478568,8.68062634548025,True,4725.07601788895,935.4,1.0,57.8,97.5,58.0,72.8,170.5,171000.0,124900.0,84980.01314,0.5673677706256857,35.40518042905478,10.961831772012296,14.02735416697732,64.9,57.4,43.1,1111.1000000000001,665.3,860.6999999999999
Sac,2009,19.734985571901753,18.157566674641195,2719629.726058992,239.10263186132607,12,0.9320812211722433,0.49192478885239665,149779.41564478568,8.2537717875676,True,2719.629726058992,777.3,1.0,41.2,84.9,53.6,72.8,170.1,173000.0,128200.0,84980.01314,0.5673677706256857,33.10679385175028,35.40518042905478,10.961831772012296,57.8,64.9,57.4,935.4,1111.1000000000001,665.3
Sac,2010,39.66626709423384,39.66626709423384,5941190.306184336,498.41508959601197,12,1.0,1.0,149779.41564478568,7.958480375541027,True,5941.190306184336,1027.4,1.0,35.6,80.1,51.4,86.4,182.3,168500.0,134700.0,84980.01314,0.5673677706256857,19.734985571901753,33.10679385175028,35.40518042905478,41.2,57.8,64.9,777.3,935.4,1111.1000000000001
Sac,2011,19.438625043197213,19.438625043197213,2911505.899908176,222.04641626233223,12,1.0,1.0,149779.41564478568,8.754307036521519,True,2911.505899908176,578.6,1.0,50.8,99.1,49.2,73.2,170.7,178500.0,125500.0,84980.01314,0.5673677706256857,39.66626709423384,19.734985571901753,33.10679385175028,35.6,41.2,57.8,1027.4,777.3,935.4
Sac,2012,4.386609742999984,4.386609742999984,657023.8439682609,57.0380900678505,12,1.0,1.0,149779.41564478568,7.690667302817868,True,657.023843968261,611.3,1.0,69.6,100.5,47.4,56.0,134.3,177100.0,124600.0,84980.01314,0.5673677706256857,19.438625043197213,39.66626709423384,19.734985571901753,50.8,35.6,41.2,578.6,1027.4,777.3
Sac,2013,31.0040605673108,31.0040605673108,4643770.074387354,151.22340030317068,12,1.0,1.0,149779.41564478568,20.502158068892953,True,4643.770074387354,643.9,1.0,56.8,93.3,47.5,54.0,138.0,172500.0,123200.0,84980.01314,0.5673677706256857,4.386609742999984,19.438625043197213,39.66626709423384,69.6,50.8,35.6,611.3,578.6,1027.4
Sac,2014,33.08661229900592,33.08661229900592,4955693.455810686,232.82912988799646,12,1.0,1.0,149779.41564478568,14.210684167793948,True,4955.693455810686,971.1,1.0,33.7,76.6,48.9,87.7,179.5,163600.0,130500.0,84980.01314,0.5673677706256857,31.0040605673108,4.386609742999984,19.438625043197213,56.8,69.6,50.8,643.9,611.3,578.6
Sac,2015,71.29935994161043,71.29935994161043,10679176.46790165,449.4306371324924,12,1.0,1.0,149779.41564478568,15.864374622193669,True,10679.17646790165,1178.8,1.0,28.7,79.7,48.8,100.7,200.5,163100.0,130900.0,84980.01314,0.5673677706256857,33.08661229900592,31.0040605673108,4.386609742999984,33.7,56.8,69.6,971.1,643.9,611.3
Sac,2016,48.158239458495736,48.158239458495736,7213112.96457515,396.6799838230014,12,1.0,1.0,149779.41564478568,12.14032505355348,True,7213.11296457515,823.3,1.0,32.0,85.1,50.0,104.9,208.0,167300.0,128000.0,84980.01314,0.5673677706256857,71.29935994161043,33.08661229900592,31.0040605673108,28.7,33.7,56.8,1178.8,971.1,643.9
Sac,2017,26.752491297639107,26.752491297639107,4006972.513602599,260.6358896791496,12,1.0,1.0,149779.41564478568,10.264315989088152,True,4006.972513602599,797.5,1.0,42.3,86.7,51.2,96.3,191.9,159000.0,133600.0,84980.01314,0.5673677706256857,48.158239458495736,71.29935994161043,33.08661229900592,32.0,28.7,33.7,823.3,1178.8,971.1
Sac,2018,37.953313216358644,37.953313216358644,5684625.075329718,382.39439576379596,12,1.0,1.0,149779.41564478568,9.925175064490826,True,5684.625075329718,1036.5,1.0,29.2,78.0,50.0,107.7,206.5,159900.0,141500.0,84980.01314,0.5673677706256857,26.752491297639107,48.158239458495736,71.29935994161043,42.3,32.0,28.7,797.5,823.3,1178.8
Sac,2019,32.446545002540674,32.446545002540674,4859824.5501727825,421.2894833791275,12,1.0,1.0,149779.41564478568,7.701722042119274,True,4859.824550172782,922.6,1.0,21.5,78.9,50.7,95.4,203.5,168000.0,130000.0,84980.01314,0.5673677706256857,37.953313216358644,26.752491297639107,48.158239458495736,29.2,42.3,32.0,1036.5,797.5,823.3
Scott,2001,23.501303656900653,23.11318763583178,2804584.9226998165,317.63745576107095,12,0.9320601503121657,0.5923609018729932,121341.32975894422,7.398782237627068,True,2804.5849226998166,1383.3,1.0,-14.0,53.5,22.7,83.4,173.6,103400.0,81500.0,49455.057316,0.40756976550567764,11.477618041932493,,,-0.6,,,984.3,,
Scott,2002,10.862097395881392,10.410905250006344,1263273.0870301437,234.56533164808272,12,0.9320601503121657,0.5923609018729932,121341.32975894422,4.630734354289723,True,1263.2730870301436,1054.2,1.0,-28.1,53.1,19.6,81.3,182.1,106000.0,78800.0,49455.057316,0.40756976550567764,23.501303656900653,11.477618041932493,,-14.0,-0.6,,1383.3,984.3,
Scott,2003,5.326487785170975,4.931558393149352,598401.8532086245,138.54582048313512,12,0.7856863177390849,0.05879220537704448,121341.32975894422,3.8445676431064593,True,598.4018532086245,972.2,1.0,-25.4,59.1,19.6,41.1,145.2,110000.0,72700.0,49455.057316,0.40756976550567764,10.862097395881392,23.501303656900653,11.477618041932493,-28.1,-14.0,-0.6,1054.2,1383.3,984.3
Scott,2004,17.42965478792731,17.10665704806746,2075744.5139427218,280.2992975204312,12,0.9320601503121657,0.5923609018729932,121341.32975894422,6.218229921413503,True,2075.744513942722,1183.8,1.0,-24.9,58.4,19.3,72.4,175.0,110500.0,73100.0,49455.057316,0.40756976550567764,5.326487785170975,10.862097395881392,23.501303656900653,-25.4,-28.1,-14.0,972.2,1054.2,1383.3
Scott,2005,6.371801403239111,6.047215346757794,733777.1515142856,143.45531949700023,12,0.8980902254682485,0.5923609018729932,121341.32975894422,4.4416626902234535,True,733.7771515142856,746.8,1.0,-1.5,64.2,19.7,66.2,151.6,112000.0,68100.0,49455.057316,0.40756976550567764,17.42965478792731,5.326487785170975,10.862097395881392,-24.9,-25.4,-28.1,1183.8,972.2,1054.2
Scott,2006,13.05134628745704,11.3713906441586,1379819.6619706221,173.62524840536457,12,0.8980902254682485,0.5923609018729932,121341.32975894422,7.516963349124163,True,1379.819661970622,1334.9,1.0,-8.2,60.5,20.9,84.3,173.9,100800.0,75900.0,49455.057316,0.40756976550567764,6.371801403239111,17.42965478792731,5.326487785170975,-1.5,-24.9,-25.4,746.8,1183.8,972.2
Scott,2007,24.362675901499255,20.69384411658805,2511018.562931098,400.7230190129756,12,0.830150375780414,0.5923609018729932,121341.32975894422,6.079679665397605,True,2511.018562931098,1519.0,1.0,-14.6,68.8,21.9,58.6,163.9,122600.0,58400.0,49455.057316,0.40756976550567764,13.05134628745704,6.371801403239111,17.42965478792731,-8.2,-1.5,-24.9,1334.9,746.8,1183.8
Scott,2008,26.27527025856967,25.157921132207928,3052695.604152754,490.75891365600603,12,0.8389281160826583,0.40763909812700705,121341.32975894422,5.354007747475603,True,3052.6956041527537,1444.2,1.0,-5.8,72.7,22.9,66.6,168.0,110500.0,68200.0,49455.057316,0.40756976550567764,24.362675901499255,13.05134628745704,6.371801403239111,-14.6,-8.2,-1.5,1519.0,1334.9,746.8
Scott,2010,22.164459022052206,20.66614463341624,2507657.4708093954,442.481041419382,12,0.8980902254682485,0.5923609018729932,121341.32975894422,5.009131905618711,True,2507.6574708093954,1200.6,1.0,11.0,70.5,26.5,69.1,155.1,110500.0,66700.0,49455.057316,0.40756976550567764,14.575620216737102,26.27527025856967,24.362675901499255,-16.1,-5.8,-14.6,1728.9,1444.2,1519.0
Scott,2011,16.137279856731016,14.544746326848138,1764878.8603062723,298.57555058316206,12,0.8641203006243311,0.5923609018729932,121341.32975894422,5.4047559571480415,True,1764.8788603062724,872.85,1.5833333333333333,20.3,86.5,28.5,86.3,181.0,114000.0,62800.0,49455.057316,0.40756976550567764,22.164459022052206,14.575620216737102,26.27527025856967,11.0,-16.1,-5.8,1200.6,1728.9,1444.2
Scott,2012,6.324755402704191,5.59637658246368,679071.7763479587,139.4887363186219,12,0.8641203006243311,0.5923609018729932,121341.32975894422,4.53424094993384,True,679.0717763479587,757.75,2.0,27.7,76.6,29.6,62.5,141.0,112200.0,66900.0,49455.057316,0.40756976550567764,16.137279856731016,22.164459022052206,14.575620216737102,20.3,11.0,-16.1,872.85,1200.6,1728.9
Scott,2013,21.011787459294386,20.879839790069905,2533587.5252807965,370.4226510356372,12,0.8980902254682485,0.5923609018729932,121341.32975894422,5.672381913079313,True,2533.5875252807964,985.35,2.0,11.5,72.8,31.4,72.9,165.6,108000.0,66000.0,49455.057316,0.40756976550567764,6.324755402704191,16.137279856731016,22.164459022052206,27.7,20.3,11.0,757.75,872.85,1200.6
Scott,2014,14.430249016900754,14.193231866051601,1722225.6282037226,297.2728477158394,12,0.8980902254682485,0.5923609018729932,121341.32975894422,4.854210240786776,True,1722.2256282037226,967.45,2.0,-5.9,61.1,32.5,90.7,190.2,105700.0,73100.0,49455.057316,0.40756976550567764,21.011787459294386,6.324755402704191,16.137279856731016,11.5,27.7,20.3,985.35,757.75,872.85
Scott,2015,19.78735045919599,15.788329998490383,1915776.9566898528,310.3247150047139,12,0.8536261674269193,0.05879220537704448,121341.32975894422,6.376337269461576,True,1915.7769566898528,1219.25,2.0,0.3,67.5,33.6,91.4,192.2,107500.0,71600.0,49455.057316,0.40756976550567764,14.430249016900754,21.011787459294386,6.324755402704191,-5.9,11.5,27.7,967.45,985.35,757.75
Scott,2016,26.04220126391454,22.979797734012706,2788399.214636676,450.31590872008115,12,0.8980902254682485,0.5923609018729932,121341.32975894422,5.783095990975196,True,2788.399214636676,1070.6499999999999,2.0,0.7,72.1,35.9,100.3,207.6,104500.0,71500.0,49455.057316,0.40756976550567764,19.78735045919599,14.430249016900754,21.011787459294386,0.3,-5.9,11.5,1219.25,967.45,985.35
Scott,2017,20.732564321855612,19.02077083697613,2308005.62639883,339.5801333432486,12,0.8980902254682485,0.5923609018729932,121341.32975894422,6.105352547494018,True,2308.0056263988304,977.75,2.0,0.8,73.4,37.8,96.1,206.5,106500.0,70000.0,49455.057316,0.40756976550567764,26.04220126391454,19.78735045919599,14.430249016900754,0.7,0.3,-5.9,1070.6499999999999,1219.25,967.45
Scott,2018,22.471811953686256,21.36353643810109,2592279.919752845,501.8524830604753,12,0.9320601503121657,0.5923609018729932,121341.32975894422,4.477772395713804,True,2592.279919752845,1154.05,2.0,-4.2,66.3,38.3,94.2,203.0,108000.0,67600.0,49455.057316,0.40756976550567764,20.732564321855612,26.04220126391454,19.78735045919599,0.8,0.7,0.3,977.75,1070.6499999999999,1219.25
Scott,2019,20.091465238087107,18.660443617023187,2264283.042381396,466.4437941580142,12,0.8980902254682485,0.5923609018729932,121341.32975894422,4.30737111088691,True,2264.283042381396,1207.45,2.0,9.9,67.0,41.1,89.3,187.5,103200.0,66800.0,49455.057316,0.40756976550567764,22.471811953686256,20.732564321855612,26.04220126391454,-4.2,0.8,0.7,1154.05,977.75,1070.6499999999999
Shelby,2001,9.391303950545653,7.207140433583598,1103776.2859843415,156.6393779209962,12,0.7549254265248061,0.6596526234366865,153150.37859412323,5.995493646101124,True,1103.7762859843415,915.0333333333333,2.6666666666666665,6.7,60.7,22.0,77.8,153.8,151100.0,143600.0,29578.904426,0.19313634545030775,1.9864585402484338,,,19.7,,,632.4,,
Shelby,2002,2.921629121807594,2.2612824701315906,346316.2664089072,67.13769124078796,12,0.7739799871424301,0.77397998714243,153150.37859412323,4.351697336938845,True,346.3162664089072,729.0,2.0,12.0,66.5,24.7,75.9,155.1,153000.0,139400.0,29578.904426,0.19313634545030775,9.391303950545653,1.9864585402484338,,6.7,19.7,,915.0333333333333,632.4,
Shelby,2003,6.473321173224432,4.997335990873353,765343.898964292,97.84596265086896,12,0.7644527068336181,0.6596526234366865,153150.37859412323,6.615828592051717,True,765.3438989642921,693.8,2.0,16.4,74.6,23.7,37.3,119.2,151000.0,143400.0,29578.904426,0.19313634545030775,2.921629121807594,9.391303950545653,1.9864585402484338,12.0,6.7,19.7,729.0,915.0333333333333,632.4
Shelby,2004,14.524668398391167,11.241802660234853,1721686.3334953894,183.4788804030715,12,0.7739799871424301,0.77397998714243,153150.37859412323,7.91626173349378,True,1721.6863334953894,891.5500000000001,2.0,9.6,76.5,23.1,80.0,170.0,154000.0,140500.0,29578.904426,0.19313634545030775,6.473321173224432,2.921629121807594,9.391303950545653,16.4,12.0,6.7,693.8,729.0,915.0333333333333
Shelby,2005,9.216468755518033,7.133362368894454,1092477.147445257,131.94347162337706,12,0.7739799871424301,0.77397998714243,153150.37859412323,6.985164663414166,True,1092.477147445257,673.95,2.0,20.0,83.3,22.5,91.4,177.2,154500.0,139800.0,29578.904426,0.19313634545030775,14.524668398391167,6.473321173224432,2.921629121807594,9.6,16.4,12.0,891.5500000000001,693.8,729.0
Shelby,2006,4.551213342178171,3.522548044061516,539479.5665640095,85.1295547302839,12,0.7739799871424301,0.77397998714243,153150.37859412323,5.3462200719806265,True,539.4795665640095,849.85,2.0,10.5,74.7,22.2,86.3,172.7,156200.0,140500.0,29578.904426,0.19313634545030775,9.216468755518033,14.524668398391167,6.473321173224432,20.0,9.6,16.4,673.95,891.5500000000001,693.8
Shelby,2007,35.43006247128697,27.42215929598218,4199714.078048027,386.53329004582633,12,0.7739799871424301,0.77397998714243,153150.37859412323,9.166108944222238,True,4199.714078048027,1141.0,2.0,36.4,102.2,22.5,80.7,169.0,170500.0,128900.0,29578.904426,0.19313634545030775,4.551213342178171,9.216468755518033,14.524668398391167,10.5,20.0,9.6,849.85,673.95,891.5500000000001
Shelby,2010,34.085467162620624,26.381469436268834,4040332.0320338616,483.5398056236078,12,0.7739799871424301,0.77397998714243,153150.37859412323,7.049154333563408,True,4040.3320320338617,1130.3,1.0,7.2,77.9,16.9,88.7,176.3,175000.0,138600.0,29578.904426,0.19313634545030775,13.092240188765768,26.873013940568654,35.43006247128697,3.5,16.0,36.4,911.9,945.85,1141.0
Shelby,2011,16.23508852495682,12.565633607802294,1924431.54430996,241.49174910614812,12,0.7739799871424301,0.77397998714243,153150.37859412323,6.722833630982836,True,1924.43154430996,836.9,1.0,22.9,99.8,15.1,75.8,167.8,181200.0,135300.0,29578.904426,0.19313634545030775,34.085467162620624,13.092240188765768,26.873013940568654,7.2,3.5,16.0,1130.3,911.9,945.85
Shelby,2012,5.389606321502353,4.07336450636547,623837.3163017358,107.25325460410967,12,0.7604287445435091,0.6596526234366865,153150.37859412323,5.025121467312412,True,623.8373163017358,676.3000000000001,1.0,40.5,108.4,13.6,55.2,136.7,187500.0,128500.0,29578.904426,0.19313634545030775,16.23508852495682,34.085467162620624,13.092240188765768,22.9,7.2,3.5,836.9,1130.3,911.9
Shelby,2013,14.75179076884931,11.417590829601803,1748608.358186306,167.93201365592316,12,0.7739799871424301,0.77397998714243,153150.37859412323,8.784382708037038,True,1748.608358186306,809.1999999999999,1.0,13.0,95.3,14.5,74.5,171.3,182200.0,132400.0,29578.904426,0.19313634545030775,5.389606321502353,16.23508852495682,34.085467162620624,40.5,22.9,7.2,676.3000000000001,836.9,1130.3
Shelby,2014,25.800848668926537,19.969340521039545,3058312.061072172,338.87884384865185,12,0.7739799871424301,0.77397998714243,153150.37859412323,7.613590856220451,True,3058.312061072172,1183.0,1.0,3.3,82.0,15.8,86.3,180.8,179300.0,136900.0,29578.904426,0.19313634545030775,14.75179076884931,5.389606321502353,16.23508852495682,13.0,40.5,22.9,809.1999999999999,676.3000000000001,836.9
Shelby,2015,36.06634552654842,27.91462964691238,4275136.098739368,412.861560111904,12,0.7739799871424301,0.77397998714243,153150.37859412323,8.735699568827096,True,4275.136098739368,1166.8,1.0,-0.3,79.5,17.1,95.1,192.0,164000.0,143400.0,29578.904426,0.19313634545030775,25.800848668926537,14.75179076884931,5.389606321502353,3.3,13.0,40.5,1183.0,809.1999999999999,676.3000000000001
Shelby,2016,36.32267134856492,28.113020703340986,4305519.764141097,446.17939358107867,12,0.7739799871424301,0.77397998714243,153150.37859412323,8.140822250224437,True,4305.519764141097,1006.6,1.0,-1.7,84.9,18.9,97.3,202.8,176800.0,133000.0,29578.904426,0.19313634545030775,36.06634552654842,25.800848668926537,14.75179076884931,-0.3,3.3,13.0,1166.8,1183.0,809.1999999999999
Shelby,2017,19.683102574969134,15.23432747789774,2333143.0208668937,290.81566319268023,12,0.7739799871424301,0.77397998714243,153150.37859412323,6.768240183104606,True,2333.1430208668935,864.0,1.0,7.6,86.4,20.6,98.3,197.7,170200.0,142700.0,29578.904426,0.19313634545030775,36.32267134856492,36.06634552654842,25.800848668926537,-1.7,-0.3,3.3,1006.6,1166.8,1183.0
Shelby,2018,22.36670536991939,17.311382334628732,2651244.758536007,335.74200658736333,12,0.7739799871424301,0.77397998714243,153150.37859412323,6.66187278656755,True,2651.244758536007,1188.2,1.0,6.1,77.7,22.4,94.7,188.7,168100.0,135900.0,29578.904426,0.19313634545030775,19.683102574969134,36.32267134856492,36.06634552654842,7.6,-1.7,-0.3,864.0,1006.6,1166.8
Shelby,2019,24.016938835796505,18.58863001133031,2846855.7237813184,412.5695842914521,12,0.7739799871424301,0.77397998714243,153150.37859412323,5.821306211179684,True,2846.8557237813184,1095.8,1.0,-2.2,78.7,24.5,95.9,201.3,170900.0,134100.0,29578.904426,0.19313634545030775,22.36670536991939,19.683102574969134,36.32267134856492,6.1,7.6,-1.7,1188.2,864.0,1006.6
Sioux,2001,18.566305879312274,12.727733282664738,2536693.0011056783,183.8533636084578,12,0.6855285787813484,0.6855285787813484,199304.38081702043,10.098431442816512,True,2536.6930011056784,790.2,4.0,66.3,60.5,90.6,79.9,164.7,220500.0,193000.0,73022.755898,0.36638811248730924,1.3838949290487206,,,79.9,,,617.725,,
Sioux,2002,4.728389865854256,4.412098847185733,879350.6288418423,51.42089654770161,12,0.9213821446953364,0.6855285787813484,199304.38081702043,9.195463679766593,True,879.3506288418423,562.275,4.0,90.3,66.5,112.6,81.7,170.5,215500.0,184400.0,73022.755898,0.36638811248730924,18.566305879312274,1.3838949290487206,,66.3,79.9,,790.2,617.725,
Sioux,2003,4.641727298664095,4.559904580755713,908808.9590522127,53.99442309332967,12,0.9475880964635574,0.6855285787813484,199304.38081702043,8.59667912488081,True,908.8089590522127,720.2,4.0,90.5,74.9,111.1,55.3,150.8,214500.0,180300.0,73022.755898,0.36638811248730924,4.728389865854256,18.566305879312274,1.3838949290487206,90.3,66.3,79.9,562.275,790.2,617.725
Sioux,2004,11.930787725138739,11.863272840291877,2364402.247897748,119.18575859147674,12,0.9475880964635574,0.6855285787813484,199304.38081702043,10.010246078168553,True,2364.402247897748,831.375,4.0,92.3,76.8,114.6,79.3,178.4,230000.0,173500.0,73022.755898,0.36638811248730924,4.641727298664095,4.728389865854256,18.566305879312274,90.5,90.3,66.3,720.2,562.275,790.2
Sioux,2005,11.490623034309074,11.490623034309062,2290131.509054761,113.02409368163943,12,0.9999999999999991,0.9999999999999991,199304.38081702043,10.16652526024697,True,2290.131509054761,757.8,4.0,105.0,84.5,117.8,86.9,184.2,236000.0,170300.0,73022.755898,0.36638811248730924,11.930787725138739,4.641727298664095,4.728389865854256,92.3,90.5,90.3,831.375,720.2,562.275
Sioux,2006,14.495669083340847,14.495669083340834,2889050.3511836715,130.17954533688612,12,0.9999999999999991,0.9999999999999991,199304.38081702043,11.135135743352091,True,2889.0503511836714,746.825,4.0,116.3,77.7,127.8,81.8,171.0,234500.0,165500.0,73022.755898,0.36638811248730924,11.490623034309074,11.930787725138739,4.641727298664095,105.0,92.3,90.5,757.8,831.375,720.2
Sioux,2007,15.56442976140539,15.564429761405377,3102059.036366904,167.91407781833914,12,0.9999999999999991,0.9999999999999991,199304.38081702043,9.269282220782017,True,3102.0590363669044,798.875,4.0,154.8,100.9,144.7,70.3,161.1,240300.0,150300.0,73022.755898,0.36638811248730924,14.495669083340847,11.490623034309074,11.930787725138739,116.3,105.0,92.3,746.825,757.8,831.375
Sioux,2010,40.67485629515599,37.88094491713307,7549838.271472864,358.1855380894736,12,0.9475880964635574,0.6855285787813484,199304.38081702043,11.3558064103067,True,7549.838271472864,1070.45,4.583333333333333,136.4,92.4,147.7,83.2,186.9,229000.0,162000.0,73022.755898,0.36638811248730924,6.785143221359004,14.33629082226986,15.56442976140539,121.3,133.7,154.8,730.95,748.225,798.875
Sioux,2011,24.86683965351647,24.86683965351645,4956070.0800202275,242.3974964564207,12,0.9999999999999991,0.9999999999999991,199304.38081702043,10.258703170223189,True,4956.070080020228,599.6,5.0,163.2,109.6,151.2,74.0,171.6,252500.0,148700.0,73022.755898,0.36638811248730924,40.67485629515599,6.785143221359004,14.33629082226986,136.4,121.3,133.7,1070.45,730.95,748.225
Sioux,2012,4.574651664005773,4.546378766248156,906113.204966738,71.80106958510575,12,0.9213821446953364,0.6855285787813484,199304.38081702043,6.371286236319143,True,906.113204966738,558.48,5.0,186.7,113.9,159.7,60.0,146.9,225500.0,151800.0,73022.755898,0.36638811248730924,24.86683965351647,40.67485629515599,6.785143221359004,163.2,136.4,121.3,599.6,1070.45,730.95
Sioux,2013,9.30608140603708,6.691752221193553,1333695.533025902,107.58534730037411,12,0.790352385854232,0.6855285787813484,199304.38081702043,8.649952469879437,True,1333.695533025902,748.3199999999999,5.0,152.2,102.4,157.6,82.7,190.5,228000.0,146000.0,73022.755898,0.36638811248730924,4.574651664005773,24.86683965351647,40.67485629515599,186.7,163.2,136.4,558.48,599.6,1070.45
Sioux,2014,8.43745323979937,5.784115328013744,1152799.5240240162,128.70648783678442,12,0.6855285787813484,0.6855285787813484,199304.38081702043,6.5555772530279075,True,1152.7995240240161,669.6,5.0,148.8,92.5,159.7,85.7,189.1,215500.0,153100.0,73022.755898,0.36638811248730924,9.30608140603708,4.574651664005773,24.86683965351647,152.2,186.7,163.2,748.3199999999999,558.48,599.6
Sioux,2015,11.824245610518227,8.105858288540158,1615533.0671880092,108.14979607807246,12,0.6855285787813484,0.6855285787813484,199304.38081702043,10.933211193465775,True,1615.5330671880092,763.34,5.0,151.4,97.7,160.4,92.2,198.9,238000.0,152400.0,73022.755898,0.36638811248730924,8.43745323979937,9.30608140603708,4.574651664005773,148.8,152.2,186.7,669.6,748.3199999999999,558.48
Sioux,2016,50.07185834610639,34.32568988894731,6841260.369433704,305.49888702289144,12,0.6855285787813484,0.6855285787813484,199304.38081702043,16.390193376499745,True,6841.260369433704,851.28,5.0,156.7,104.5,166.2,96.5,210.5,207000.0,151900.0,73022.755898,0.36638811248730924,11.824245610518227,8.43745323979937,9.30608140603708,151.4,148.8,152.2,763.34,669.6,748.3199999999999
Sioux,2017,27.43909383384682,18.81028299896507,3748971.80610166,205.49722258806958,12,0.6855285787813484,0.6855285787813484,199304.38081702043,13.352537561468646,True,3748.9718061016597,754.56,5.0,158.6,106.7,169.4,95.8,213.3,209000.0,154600.0,73022.755898,0.36638811248730924,50.07185834610639,11.824245610518227,8.43745323979937,156.7,151.4,148.8,851.28,763.34,669.6
Sioux,2018,62.316424784515036,41.439334704222894,8259040.944694411,483.0455988436886,12,0.668339669640505,0.4792616690912264,199304.38081702043,12.90073337458983,True,8259.04094469441,1197.4,4.0,158.1,95.9,172.7,100.6,211.1,210000.0,157600.0,73022.755898,0.36638811248730924,27.43909383384682,50.07185834610639,11.824245610518227,158.6,156.7,151.4,754.56,851.28,763.34
Sioux,2019,54.292936679118476,37.219359719501824,7417981.443301263,478.0935156195663,12,0.6855285787813484,0.6855285787813484,199304.38081702043,11.356133247019613,True,7417.981443301263,1054.9,4.0,165.5,97.1,180.1,79.2,190.9,198800.0,136700.0,73022.755898,0.36638811248730924,62.316424784515036,27.43909383384682,50.07185834610639,158.1,158.6,156.7,1197.4,754.56,851.28
Story,2001,24.320714964945026,24.320714964945033,3610829.342425718,210.1336027389788,12,1.0000000000000002,1.0000000000000002,148467.23657714145,11.573929465795834,True,3610.829342425718,863.9285714285713,7.0,10.6,58.9,34.0,64.7,147.0,150400.0,142200.0,84759.45926999999,0.5708967259315841,3.440198847734456,,,20.8,,,624.8714285714285,,
Story,2002,15.45376346035326,15.453763460353263,2294377.5556754516,118.17254440544876,12,1.0000000000000002,1.0000000000000002,148467.23657714145,13.07728756971802,True,2294.3775556754517,682.3,7.0,-19.8,63.5,9.6,69.7,162.6,157500.0,133700.0,84759.45926999999,0.5708967259315841,24.320714964945026,3.440198847734456,,10.6,20.8,,863.9285714285713,624.8714285714285,
Story,2003,20.052819989192958,20.0527253123986,2977172.7129723155,155.76136130297968,12,0.9997467226323343,0.9969606715880092,148467.23657714145,12.874065699892771,True,2977.1727129723154,795.9285714285714,7.0,-17.5,68.7,9.7,33.2,129.1,159000.0,127500.0,84759.45926999999,0.5708967259315841,15.45376346035326,24.320714964945026,3.440198847734456,-19.8,10.6,20.8,682.3,863.9285714285713,624.8714285714285
Story,2004,31.39465267926624,31.394652679266247,4661077.326589809,248.2261571486287,12,1.0000000000000002,1.0000000000000002,148467.23657714145,12.64760049460391,True,4661.077326589809,907.0857142857143,7.0,-17.6,70.4,9.2,75.4,172.6,161000.0,125700.0,84759.45926999999,0.5708967259315841,20.052819989192958,15.45376346035326,24.320714964945026,-17.5,-19.8,10.6,795.9285714285714,682.3,863.9285714285713
Story,2005,21.3093399212853,21.309339921285304,3163738.8113961895,177.7057386259594,12,1.0000000000000002,1.0000000000000002,148467.23657714145,11.991362848522222,True,3163.7388113961897,830.6428571428571,7.0,-7.4,78.9,9.2,90.5,186.0,166500.0,118900.0,84759.45926999999,0.5708967259315841,31.39465267926624,20.052819989192958,15.45376346035326,-17.6,-17.5,-19.8,907.0857142857143,795.9285714285714,682.3
Story,2006,24.214432394099354,24.214181092674195,3595012.552807805,195.22535517558865,12,0.9997467226323343,0.9969606715880092,148467.23657714145,12.40332351928392,True,3595.012552807805,846.8857142857142,7.0,-10.9,74.0,9.4,80.3,174.6,158000.0,128200.0,84759.45926999999,0.5708967259315841,21.3093399212853,31.39465267926624,20.052819989192958,-7.4,-17.6,-17.5,830.6428571428571,907.0857142857143,795.9285714285714
Story,2007,48.15301959812655,48.153019598126555,7149145.752578782,445.927975521146,12,1.0000000000000002,1.0000000000000002,148467.23657714145,10.79838499521166,True,7149.145752578782,1075.3857142857144,7.0,-2.3,89.2,9.7,66.9,168.1,187200.0,99900.0,84759.45926999999,0.5708967259315841,24.214432394099354,21.3093399212853,31.39465267926624,-10.9,-7.4,-17.6,846.8857142857142,830.6428571428571,907.0857142857143
Story,2008,37.31087467992305,37.198586827961954,5522771.390922366,531.3904763668119,12,0.9942245174372579,0.9742847855592776,148467.23657714145,7.021366836497056,True,5522.771390922366,1210.9142857142856,7.0,7.7,89.2,9.6,60.4,151.5,169000.0,114500.0,84759.45926999999,0.5708967259315841,48.15301959812655,24.214432394099354,21.3093399212853,-2.3,-10.9,-7.4,1075.3857142857144,846.8857142857142,830.6428571428571
Story,2009,31.07759836965598,30.90322475077635,4588116.380070085,403.33792806344525,12,0.9935711963898196,0.9742847855592776,148467.23657714145,7.70510190273191,True,4588.116380070085,984.2857142857142,7.0,-5.2,79.2,9.7,73.8,167.9,170500.0,113200.0,84759.45926999999,0.5708967259315841,37.31087467992305,48.15301959812655,24.214432394099354,7.7,-2.3,-10.9,1210.9142857142856,1075.3857142857144,846.8857142857142
Story,2010,32.5218423378468,32.521842337846806,4828428.060297596,680.6222333847674,12,1.0000000000000002,1.0000000000000002,148467.23657714145,4.778251538465633,True,4828.428060297596,1253.85,8.0,-5.7,74.3,9.9,67.5,157.4,163500.0,115400.0,84759.45926999999,0.5708967259315841,31.07759836965598,37.31087467992305,48.15301959812655,-5.2,7.7,-2.3,984.2857142857142,1210.9142857142856,1075.3857142857144
Story,2011,15.597304713104359,15.59726290475236,2315682.521635741,213.40530827111942,12,0.9997467226323343,0.9969606715880092,148467.23657714145,7.308770732773367,True,2315.682521635741,786.9,7.0,21.0,101.6,10.1,69.1,159.8,172900.0,107300.0,84759.45926999999,0.5708967259315841,32.5218423378468,31.07759836965598,37.31087467992305,-5.7,-5.2,7.7,1253.85,984.2857142857142,1210.9142857142856
Story,2012,3.553145342312423,3.491449746479676,518365.8955077987,49.41737523756382,12,0.9904150982285215,0.9032171492142028,148467.23657714145,7.190072975813489,True,518.3658955077987,635.5857142857143,7.0,17.9,96.4,11.0,63.1,152.6,171900.0,106600.0,84759.45926999999,0.5708967259315841,15.597304713104359,32.5218423378468,31.07759836965598,21.0,-5.7,-5.2,786.9,1253.85,984.2857142857142
Story,2013,32.95155496430166,32.951312242496726,4892190.2702340195,242.8395221428818,12,0.9992401678970024,0.9969606715880092,148467.23657714145,13.569271868733804,True,4892.190270234019,889.6285714285714,7.0,20.1,91.2,10.7,50.6,132.4,158100.0,117000.0,84759.45926999999,0.5708967259315841,3.553145342312423,15.597304713104359,32.5218423378468,17.9,21.0,-5.7,635.5857142857143,786.9,1253.85
Story,2014,32.18136212281784,32.18034357829226,4777726.683172011,305.78161231604105,12,0.9997467226323343,0.9969606715880092,148467.23657714145,10.524296042221382,True,4777.726683172011,1113.6857142857143,7.0,-6.3,76.3,10.5,65.0,158.1,158500.0,116800.0,84759.45926999999,0.5708967259315841,32.95155496430166,3.553145342312423,15.597304713104359,20.1,17.9,21.0,889.6285714285714,635.5857142857143,786.9
Story,2015,45.16448247757871,45.16448247757872,6705445.904882839,461.9088260608041,12,1.0000000000000002,1.0000000000000002,148467.23657714145,9.777791618043993,True,6705.445904882839,1198.2,7.0,-8.4,80.9,10.3,73.1,172.7,161100.0,115000.0,84759.45926999999,0.5708967259315841,32.18136212281784,32.95155496430166,3.553145342312423,-6.3,20.1,17.9,1113.6857142857143,889.6285714285714,635.5857142857143
Story,2016,29.33068524287544,29.33068524287545,4354645.7849236615,342.3048007861739,12,1.0000000000000002,1.0000000000000002,148467.23657714145,8.568587170121903,True,4354.645784923661,974.0142857142857,7.0,-14.7,86.5,10.4,80.6,192.2,171800.0,102600.0,84759.45926999999,0.5708967259315841,45.16448247757871,32.18136212281784,32.95155496430166,-8.4,-6.3,20.1,1198.2,1113.6857142857143,889.6285714285714
Story,2017,20.455565842604468,20.45516617019106,3036921.9950144975,237.98033635601854,12,0.9985498250132614,0.9825979001591338,148467.23657714145,8.595485726183252,True,3036.9219950144975,815.1571428571428,7.0,-4.8,88.2,10.4,85.0,188.4,166100.0,109300.0,84759.45926999999,0.5708967259315841,29.33068524287544,45.16448247757871,32.18136212281784,-14.7,-8.4,-6.3,974.0142857142857,1198.2,1113.6857142857143
Story,2018,34.90585189689345,34.90585189689346,5182375.371502742,540.68941172712,12,1.0000000000000002,1.0000000000000002,148467.23657714145,6.455804596837574,True,5182.375371502742,1285.5857142857144,7.0,-9.3,79.3,11.0,78.6,178.2,157800.0,114900.0,84759.45926999999,0.5708967259315841,20.455565842604468,29.33068524287544,45.16448247757871,-4.8,-14.7,-8.4,815.1571428571428,974.0142857142857,1198.2
Story,2019,23.72488154469829,23.7248815446983,3522367.601061379,432.0789776229709,12,1.0000000000000002,1.0000000000000002,148467.23657714145,5.490866895496234,True,3522.367601061379,992.4428571428572,7.0,-11.3,80.2,11.9,65.5,168.9,166700.0,103300.0,84759.45926999999,0.5708967259315841,34.90585189689345,20.455565842604468,29.33068524287544,-9.3,-4.8,-14.7,1285.5857142857144,815.1571428571428,974.0142857142857
Tama,2001,30.636669030474334,30.63666903047434,5724221.93735956,298.67144504810034,12,1.0000000000000002,1.0000000000000002,186842.1769894654,10.25764917886287,True,5724.22193735956,833.7833333333333,6.0,-14.2,54.5,12.3,83.9,164.9,150200.0,144200.0,88150.72795,0.4717924473496696,9.44045040168395,,,-1.2,,,784.0333333333333,,
Tama,2002,11.917798781780657,11.91779878178066,2226747.469310297,120.64259747688378,12,1.0000000000000002,1.0000000000000002,186842.1769894654,9.878599293308664,True,2226.747469310297,803.9166666666666,6.0,-25.3,56.2,11.6,87.4,180.5,159000.0,139400.0,88150.72795,0.4717924473496696,30.636669030474334,9.44045040168395,,-14.2,-1.2,,833.7833333333333,784.0333333333333,
Tama,2003,15.867559507569656,15.867559507569656,2964729.361904204,162.21986244805342,12,1.0000000000000002,1.0000000000000002,186842.1769894654,9.78151458650806,True,2964.729361904204,853.3333333333334,6.0,-14.4,64.2,12.8,33.1,124.5,157500.0,142400.0,88150.72795,0.4717924473496696,11.917798781780657,30.636669030474334,9.44045040168395,-25.3,-14.2,-1.2,803.9166666666666,833.7833333333333,784.0333333333333
Tama,2004,22.348897404137524,22.348897404137528,4175716.644303267,255.83605725360036,12,1.0000000000000002,1.0000000000000002,186842.1769894654,8.73563235927449,True,4175.716644303267,835.95,6.0,-15.6,63.9,13.8,86.3,179.6,163500.0,139600.0,88150.72795,0.4717924473496696,15.867559507569656,11.917798781780657,30.636669030474334,-14.4,-25.3,-14.2,853.3333333333334,803.9166666666666,833.7833333333333
Tama,2005,18.227448314216858,18.22744831421686,3405656.1239912394,191.0897959169076,12,1.0000000000000002,1.0000000000000002,186842.1769894654,9.538682181722972,True,3405.6561239912394,760.0666666666666,6.0,-5.2,69.6,15.0,95.3,185.1,167000.0,136800.0,88150.72795,0.4717924473496696,22.348897404137524,15.867559507569656,11.917798781780657,-15.6,-14.4,-25.3,835.95,853.3333333333334,803.9166666666666
Tama,2006,15.937862283992114,15.93786228399212,2977864.8856993816,157.72258876214053,12,1.0000000000000002,1.0000000000000002,186842.1769894654,10.10499663306174,True,2977.8648856993814,853.2166666666667,6.0,-4.1,65.3,16.6,92.3,178.3,160300.0,140500.0,88150.72795,0.4717924473496696,18.227448314216858,22.348897404137524,15.867559507569656,-5.2,-15.6,-14.4,760.0666666666666,835.95,853.3333333333334
Tama,2007,43.59954918314284,43.59954918314284,8146234.685137677,450.2101380792158,12,1.0000000000000002,1.0000000000000002,186842.1769894654,9.684266411493242,True,8146.234685137677,1124.5666666666666,6.0,4.0,75.5,20.0,81.4,172.9,175700.0,117800.0,88150.72795,0.4717924473496696,15.937862283992114,18.227448314216858,22.348897404137524,-4.1,-5.2,-15.6,853.2166666666667,760.0666666666666,835.95
Tama,2008,53.05021019950456,52.02076586091006,9719673.142111696,638.4567709927769,12,0.8851829113700806,0.31109746822048306,186842.1769894654,8.309131112669293,True,9719.673142111697,1321.1499999999999,6.0,4.8,77.0,19.3,78.9,170.4,156000.0,138400.0,88150.72795,0.4717924473496696,43.59954918314284,15.937862283992114,18.227448314216858,4.0,-4.1,-5.2,1124.5666666666666,853.2166666666667,760.0666666666666
Tama,2009,31.710296952633527,28.284717914644617,5284778.270705134,455.6219096176795,12,0.8277743670551209,0.31109746822048306,186842.1769894654,6.959783163027038,True,5284.778270705134,1136.25,6.0,-2.2,73.1,17.9,85.3,178.5,172500.0,133600.0,88150.72795,0.4717924473496696,53.05021019950456,43.59954918314284,15.937862283992114,4.8,4.0,-4.1,1321.1499999999999,1124.5666666666666,853.2166666666667
Tama,2010,40.43592239331487,40.43592239331487,7555135.768544024,535.6105062653601,12,1.0000000000000002,1.0000000000000002,186842.1769894654,7.549501348519386,True,7555.135768544023,1051.0666666666666,6.0,-12.4,59.2,17.5,90.8,179.9,165000.0,138100.0,88150.72795,0.4717924473496696,31.710296952633527,53.05021019950456,43.59954918314284,-2.2,4.8,4.0,1136.25,1321.1499999999999,1124.5666666666666
Tama,2011,18.22158683134095,18.221586831340954,3404560.9517703187,253.1563735403411,12,1.0000000000000002,1.0000000000000002,186842.1769894654,7.197759462468085,True,3404.5609517703188,750.5,6.0,13.0,81.5,16.8,89.2,174.5,174100.0,127200.0,88150.72795,0.4717924473496696,40.43592239331487,31.710296952633527,53.05021019950456,-12.4,-2.2,4.8,1051.0666666666666,1136.25,1321.1499999999999
Tama,2012,4.492544256644412,4.492544256644412,839396.7491329616,73.27132077620281,12,1.0000000000000002,1.0000000000000002,186842.1769894654,6.131381567921058,True,839.3967491329616,597.3166666666667,6.0,1.2,69.4,16.0,82.9,167.1,169100.0,137400.0,88150.72795,0.4717924473496696,18.22158683134095,40.43592239331487,31.710296952633527,13.0,-12.4,-2.2,750.5,1051.0666666666666,1136.25
Tama,2013,33.41249477806664,33.41249477806664,6242863.262983115,382.1422768882652,12,1.0000000000000002,1.0000000000000002,186842.1769894654,8.743469853725747,True,6242.863262983115,954.3499999999999,6.0,-0.8,69.7,16.4,67.5,154.4,169500.0,135200.0,88150.72795,0.4717924473496696,4.492544256644412,18.22158683134095,40.43592239331487,1.2,13.0,-12.4,597.3166666666667,750.5,1051.0666666666666
Tama,2014,27.189333191234983,27.189333191234983,5080114.204342273,319.7202883849643,12,1.0000000000000002,1.0000000000000002,186842.1769894654,8.50410004588049,True,5080.114204342273,943.8833333333333,6.0,-14.7,59.3,17.1,88.4,179.5,161400.0,141500.0,88150.72795,0.4717924473496696,33.41249477806664,4.492544256644412,18.22158683134095,-0.8,1.2,13.0,954.3499999999999,597.3166666666667,750.5
Tama,2015,43.22139516862804,43.22139516862805,8075579.565828428,389.53866781721456,12,1.0000000000000002,1.0000000000000002,186842.1769894654,11.095533958366634,True,8075.579565828428,1000.4333333333333,6.0,-10.3,65.2,17.5,96.7,189.7,166600.0,138300.0,88150.72795,0.4717924473496696,27.189333191234983,33.41249477806664,4.492544256644412,-14.7,-0.8,1.2,943.8833333333333,954.3499999999999,597.3166666666667
Tama,2016,39.441529654544766,39.441529654544766,7369341.264449701,398.50277493319254,12,1.0000000000000002,1.0000000000000002,186842.1769894654,9.897429111041193,True,7369.341264449701,808.6,6.0,-9.2,69.3,18.4,112.5,209.4,163800.0,140900.0,88150.72795,0.4717924473496696,43.22139516862804,27.189333191234983,33.41249477806664,-10.3,-14.7,-0.8,1000.4333333333333,943.8833333333333,954.3499999999999
Tama,2017,24.868018630727608,24.868018630727615,4646394.738379734,269.1933359202677,12,1.0000000000000002,1.0000000000000002,186842.1769894654,9.2379770642217,True,4646.394738379734,706.9,6.0,-14.1,70.6,19.4,101.7,205.8,166000.0,139700.0,88150.72795,0.4717924473496696,39.441529654544766,43.22139516862804,27.189333191234983,-9.2,-10.3,-14.7,808.6,1000.4333333333333,943.8833333333333
Tama,2018,32.7584302089605,32.7584302089605,6120656.414999648,494.01428165728925,12,1.0000000000000002,1.0000000000000002,186842.1769894654,6.631069470110155,True,6120.656414999648,1248.55,4.0,-21.9,63.8,19.6,103.0,208.3,169200.0,141400.0,88150.72795,0.4717924473496696,24.868018630727608,39.441529654544766,43.22139516862804,-14.1,-9.2,-10.3,706.9,808.6,1000.4333333333333
Tama,2019,29.44452795258012,29.444527952580128,5501479.703087237,477.87958041133345,12,1.0000000000000002,1.0000000000000002,186842.1769894654,6.161495313785081,True,5501.479703087237,1072.55,4.0,-17.3,64.6,20.7,83.4,186.0,172700.0,135200.0,88150.72795,0.4717924473496696,32.7584302089605,24.868018630727608,39.441529654544766,-21.9,-14.1,-9.2,1248.55,706.9,808.6
Union,2001,5.339817289256921,2.728563002849853,300844.58193719346,224.85192865572307,12,0.37492425962027576,0.015419695209187468,110257.51709708582,2.374814982100003,True,300.8445819371935,926.1999999999999,2.0,28.4,48.6,53.0,66.1,139.3,45200.0,51700.0,35028.001416,0.31769263754739324,0.7463100821751482,,,16.8,,,769.35,,
Union,2002,1.9563627828187373,0.16773237148845194,18493.754817122743,67.54425264071406,12,0.2850481185175037,0.015419695209187468,110257.51709708582,2.896416358657714,True,18.493754817122742,690.8,2.0,25.1,43.1,60.4,70.2,148.6,51000.0,48600.0,35028.001416,0.31769263754739324,5.339817289256921,0.7463100821751482,,28.4,16.8,,926.1999999999999,769.35,
Union,2003,1.3413161386309012,0.5016931022857061,55315.43580275627,52.26606400146248,12,0.32998618906888977,0.015419695209187468,110257.51709708582,2.5663232237908122,True,55.31543580275627,707.5,2.0,27.9,44.2,58.5,20.4,95.2,50500.0,52700.0,35028.001416,0.31769263754739324,1.9563627828187373,5.339817289256921,0.7463100821751482,25.1,28.4,16.8,690.8,926.1999999999999,769.35
Union,2004,3.6962635259338943,1.9258154845192734,212335.6337102164,171.09534842191968,12,0.4198623301716618,0.015419695209187468,110257.51709708582,2.1603530195449494,True,212.3356337102164,780.0,2.0,24.5,50.3,58.9,76.4,161.1,53000.0,49800.0,35028.001416,0.31769263754739324,1.3413161386309012,1.9563627828187373,5.339817289256921,27.9,25.1,28.4,707.5,690.8,926.1999999999999
Union,2005,3.5739809304218504,1.2002530700340421,132336.92339010813,132.51313222632507,12,0.2850481185175037,0.015419695209187468,110257.51709708582,2.697076788070853,True,132.33692339010813,700.95,2.0,29.5,51.5,58.8,88.2,169.0,52000.0,50700.0,35028.001416,0.31769263754739324,3.6962635259338943,1.3413161386309012,1.9563627828187373,24.5,27.9,25.1,780.0,707.5,690.8
Union,2006,1.8013637583300321,0.3247998699527086,35811.62721444203,65.93499034279934,12,0.1951719774147316,0.015419695209187468,110257.51709708582,2.7320300631950523,True,35.81162721444203,846.05,2.0,28.5,50.8,59.5,73.4,155.2,53300.0,50200.0,35028.001416,0.31769263754739324,3.5739809304218504,3.6962635259338943,1.3413161386309012,29.5,24.5,27.9,700.95,780.0,707.5
Union,2007,8.55663887471229,4.521895536371387,498572.9744127044,295.459878894751,12,0.5097384712744338,0.015419695209187468,110257.51709708582,2.8960408792966246,True,498.5729744127044,1127.1,2.0,22.1,45.4,60.8,76.0,160.1,60200.0,44400.0,35028.001416,0.31769263754739324,1.8013637583300321,3.5739809304218504,3.6962635259338943,28.5,29.5,24.5,846.05,700.95,780.0
Union,2010,14.548558021697229,8.069743852027313,889749.9207340046,509.3404060923384,12,0.5546765418258199,0.5546765418258199,110257.51709708582,2.8563526175576412,True,889.7499207340046,1332.75,2.0,24.9,32.9,57.4,81.5,146.9,51500.0,54000.0,35028.001416,0.31769263754739324,4.836897640344084,6.930886688925181,8.55663887471229,25.7,30.9,22.1,1062.85,1253.45,1127.1
Union,2011,13.765928575179553,7.623972719500078,840600.3024679957,335.10561807196564,12,0.5097384712744338,0.015419695209187468,110257.51709708582,4.10793726896672,True,840.6003024679957,1181.6499999999999,2.0,90.7,108.6,53.3,89.5,160.7,58500.0,54300.0,35028.001416,0.31769263754739324,14.548558021697229,4.836897640344084,6.930886688925181,24.9,25.7,30.9,1332.75,1062.85,1253.45
Union,2012,2.776151733684659,1.489209072239667,164196.4947436004,102.11350738635606,12,0.37492425962027576,0.015419695209187468,110257.51709708582,2.7186919779190695,True,164.1964947436004,819.75,2.0,129.6,136.2,57.2,39.9,103.7,57300.0,57800.0,35028.001416,0.31769263754739324,13.765928575179553,14.548558021697229,4.836897640344084,90.7,24.9,25.7,1181.6499999999999,1332.75,1062.85
Union,2013,2.43746417634165,1.2930012319075948,142563.10543360465,187.76249848496454,12,0.3299861890688897,0.015419695209187468,110257.51709708582,1.298163475672345,True,142.56310543360465,831.8,2.0,102.6,127.1,55.9,50.5,130.9,56700.0,54000.0,35028.001416,0.31769263754739324,2.776151733684659,13.765928575179553,14.548558021697229,129.6,90.7,24.9,819.75,1181.6499999999999,1332.75
Union,2014,9.792762826908415,5.34332495914526,589141.7430382437,361.32671746751396,12,0.5097384712744338,0.015419695209187468,110257.51709708582,2.7102238371810574,True,589.1417430382437,1091.55,2.0,101.0,127.6,61.3,84.7,172.6,51600.0,53800.0,35028.001416,0.31769263754739324,2.43746417634165,2.776151733684659,13.765928575179553,102.6,129.6,90.7,831.8,819.75,1181.6499999999999
Union,2015,7.588866539201134,4.209366248341763,464114.27109443804,417.426289243919,12,0.5546765418258199,0.5546765418258199,110257.51709708582,1.818013559459034,True,464.11427109443804,1497.25,2.0,28.5,55.0,67.6,71.0,165.1,53150.0,47000.0,35028.001416,0.31769263754739324,9.792762826908415,2.43746417634165,2.776151733684659,101.0,102.6,129.6,1091.55,831.8,819.75
Union,2016,3.734650546728362,2.071523050187196,228400.9881230221,227.98244406660612,12,0.5546765418258199,0.5546765418258199,110257.51709708582,1.6381307613481266,True,228.4009881230221,1117.5,2.0,36.1,57.5,68.1,96.6,186.1,54700.0,50400.0,35028.001416,0.31769263754739324,7.588866539201134,9.792762826908415,2.43746417634165,28.5,101.0,102.6,1497.25,1091.55,831.8
Union,2018,5.110312926388458,2.4918695501808754,274747.3495327754,288.4663666505383,12,0.4198623301716618,0.015419695209187468,110257.51709708582,1.7715454961788772,True,274.7473495327754,1376.0,2.0,48.0,54.1,74.3,82.4,162.8,53700.0,55000.0,35028.001416,0.31769263754739324,2.8601032304077703,3.734650546728362,7.588866539201134,51.5,36.1,28.5,947.05,1117.5,1497.25
Union,2019,5.029473876629834,2.668464058821393,294218.2215884587,385.301697000719,12,0.4648004007230479,0.015419695209187468,110257.51709708582,1.3053339540885667,True,294.2182215884587,1261.45,2.0,53.9,54.5,83.6,91.9,176.1,54200.0,50200.0,35028.001416,0.31769263754739324,5.110312926388458,2.8601032304077703,3.734650546728362,48.0,51.5,36.1,1376.0,947.05,1117.5
Van Buren,2001,14.368281720277253,12.186568447290997,1548414.2006620867,275.2540844507947,12,0.8296290563986181,0.7280217493848108,127059.08208362713,5.220006725402751,True,1548.4142006620866,1164.7,1.0,27.1,44.6,55.2,58.1,130.8,30700.0,35500.0,7621.856124,0.05998670853755644,2.2460125131930195,,,1.3,,,810.7,,
Van Buren,2002,5.182759637552017,4.4251332803986925,562253.3727051675,117.8416460153426,12,0.8444765727303403,0.7280217493848108,127059.08208362713,4.398071320963421,True,562.2533727051675,760.4,1.0,8.9,37.4,48.2,47.0,123.7,43000.0,43500.0,7621.856124,0.05998670853755644,14.368281720277253,2.2460125131930195,,27.1,1.3,,1164.7,810.7,
Van Buren,2003,6.673488018776275,5.292856011343463,672505.4264021083,117.86908321691267,12,0.7991468642944759,0.7280217493848108,127059.08208362713,5.661779863422843,True,672.5054264021082,984.0,1.0,4.4,40.0,48.2,42.2,126.0,43000.0,42500.0,7621.856124,0.05998670853755644,5.182759637552017,14.368281720277253,2.2460125131930195,8.9,27.1,1.3,760.4,1164.7,810.7
Van Buren,2004,10.289366446792034,8.74545233929903,1111189.1466374442,193.05415349743512,12,0.8499505178013796,0.8499505178013795,127059.08208362713,5.329782478328672,True,1111.189146637444,869.8000000000001,1.0,5.6,46.2,45.6,93.8,180.0,43500.0,44800.0,7621.856124,0.05998670853755644,6.673488018776275,5.182759637552017,14.368281720277253,4.4,8.9,27.1,984.0,760.4,1164.7
Van Buren,2005,8.027963929866244,6.9216342933255905,879456.4998285047,139.40321706803346,12,0.8522939106165502,0.7280217493848108,127059.08208362713,5.758808224596659,True,879.4564998285048,747.1,1.0,19.7,45.5,45.9,71.8,143.5,45000.0,42700.0,7621.856124,0.05998670853755644,10.289366446792034,6.673488018776275,5.182759637552017,5.6,4.4,8.9,869.8000000000001,984.0,760.4
Van Buren,2006,5.359029642817287,4.585714199871461,582656.6369335226,89.6617435827093,12,0.8421331799151696,0.7280217493848108,127059.08208362713,5.976941144216988,True,582.6566369335227,892.6999999999999,1.0,4.2,43.0,44.7,72.0,155.5,45600.0,44700.0,7621.856124,0.05998670853755644,8.027963929866244,10.289366446792034,6.673488018776275,19.7,5.6,4.4,747.1,869.8000000000001,984.0
Van Buren,2007,20.445920287915015,17.378020535639102,2208035.337688726,362.79269181292915,12,0.8499505178013796,0.8499505178013795,127059.08208362713,5.635703460768105,True,2208.035337688726,1112.6,1.0,-7.2,38.2,44.3,69.2,158.9,50300.0,39900.0,7621.856124,0.05998670853755644,5.359029642817287,8.027963929866244,10.289366446792034,4.2,19.7,5.6,892.6999999999999,747.1,869.8000000000001
Van Buren,2010,22.604056379374406,19.21232942406085,2441100.9413094325,685.6602967132485,12,0.8499505178013796,0.8499505178013795,127059.08208362713,3.2966844496798533,True,2441.1009413094325,1547.7,1.0,24.9,36.2,46.9,72.1,130.3,46500.0,38400.0,7621.856124,0.05998670853755644,10.846996512573698,20.316016569690706,20.445920287915015,1.1,10.7,-7.2,1337.7,1404.0,1112.6
Van Buren,2011,18.27685984568986,15.529626414832379,1973180.0773702508,298.14914660511425,12,0.8397897870999987,0.7280217493848108,127059.08208362713,6.130106375886018,True,1973.1800773702507,1133.8,1.0,31.1,57.1,42.4,44.7,113.1,47300.0,47300.0,7621.856124,0.05998670853755644,22.604056379374406,10.846996512573698,20.316016569690706,24.9,1.1,10.7,1547.7,1337.7,1404.0
Van Buren,2012,1.8787258320543243,1.5931406686540397,202422.99098927827,67.0001804869339,12,0.8296290563986181,0.7280217493848108,127059.08208362713,2.8040608523744286,True,202.42299098927828,823.3,1.0,30.5,56.0,42.1,63.6,131.2,49800.0,49700.0,7621.856124,0.05998670853755644,18.27685984568986,22.604056379374406,10.846996512573698,31.1,24.9,1.1,1133.8,1547.7,1337.7
Van Buren,2013,11.619292735595916,10.177902834521023,1293194.991690588,226.83195278341415,12,0.8421331799151696,0.7280217493848108,127059.08208362713,5.122423271068146,True,1293.194991690588,961.0,1.0,14.3,50.5,44.6,61.0,141.8,46200.0,48500.0,7621.856124,0.05998670853755644,1.8787258320543243,18.27685984568986,22.604056379374406,30.5,31.1,24.9,823.3,1133.8,1547.7
Van Buren,2014,9.417034932620897,8.00401371713481,1016982.6358839095,263.7897205439721,12,0.8499505178013796,0.8499505178013795,127059.08208362713,3.5699021604032275,True,1016.9826358839096,974.6,1.0,9.4,61.2,44.3,79.9,176.0,51800.0,47500.0,7621.856124,0.05998670853755644,11.619292735595916,1.8787258320543243,18.27685984568986,14.3,30.5,31.1,961.0,823.3,1133.8
Van Buren,2015,23.845853665540638,20.26779567044219,2575207.513744897,392.21940570891246,12,0.8499505178013796,0.8499505178013795,127059.08208362713,6.079723062769096,True,2575.2075137448974,1068.1,1.0,2.2,38.4,46.9,74.7,157.8,47800.0,47700.0,7621.856124,0.05998670853755644,9.417034932620897,11.619292735595916,1.8787258320543243,9.4,14.3,30.5,974.6,961.0,823.3
Van Buren,2016,16.86895988346616,14.337781187722763,1821745.3168279515,282.29940150720245,12,0.8499505178013796,0.8499505178013795,127059.08208362713,5.975556375040978,True,1821.7453168279515,808.6,1.0,-7.2,40.1,45.4,96.5,189.2,52700.0,47700.0,7621.856124,0.05998670853755644,23.845853665540638,9.417034932620897,11.619292735595916,2.2,9.4,14.3,1068.1,974.6,961.0
Van Buren,2017,10.39985162130617,8.797272602212898,1117773.381676613,193.82937743002176,12,0.8093075949958566,0.7280217493848108,127059.08208362713,5.365467174892428,True,1117.7733816766129,739.6999999999999,1.0,9.9,40.6,47.5,50.7,128.9,42800.0,50600.0,7621.856124,0.05998670853755644,16.86895988346616,23.845853665540638,9.417034932620897,-7.2,2.2,9.4,808.6,1068.1,974.6
Van Buren,2018,14.632492968424996,12.261998088529102,1557998.221639698,367.7219062817951,12,0.8397897870999987,0.7280217493848108,127059.08208362713,3.9792279759399833,True,1557.998221639698,1013.2,1.0,-6.8,37.8,44.9,94.9,184.4,48300.0,49800.0,7621.856124,0.05998670853755644,10.39985162130617,16.86895988346616,23.845853665540638,9.9,-7.2,2.2,739.6999999999999,808.6,1068.1
Van Buren,2019,14.337067395195902,12.357501860040824,1570132.8431835016,454.160492084438,12,0.8624546413179309,0.8499505178013795,127059.08208362713,3.1568283998887203,True,1570.1328431835016,1248.4,1.0,1.2,38.1,45.8,99.4,182.1,44500.0,49500.0,7621.856124,0.05998670853755644,14.632492968424996,10.39985162130617,16.86895988346616,-6.8,9.9,-7.2,1013.2,739.6999999999999,808.6
Wapello,2001,16.311625760926752,16.237665779694616,1832005.8857012042,293.80747705056643,12,0.9416547932862382,0.6499287597174312,112824.4607665314,5.551807572997674,True,1832.005885701204,1022.675,4.0,-14.2,43.5,19.5,65.3,142.5,39500.0,49400.0,25348.316982,0.22467040223177742,3.7952591462705816,,,-18.0,,,737.5666666666666,,
Wapello,2002,6.523993352974859,6.329090134422069,714076.1815589434,134.2062819605382,12,0.9124821899293575,0.6499287597174312,112824.4607665314,4.861168387701228,True,714.0761815589434,734.55,4.0,-21.9,40.0,17.4,52.5,131.8,55000.0,51800.0,25348.316982,0.22467040223177742,16.311625760926752,3.7952591462705816,,-14.2,-18.0,,1022.675,737.5666666666666,
Wapello,2003,6.131413241059713,5.042461661766662,568913.0179247316,113.46777035906146,12,0.8541369832155962,0.6499287597174312,112824.4607665314,5.403660635665308,True,568.9130179247315,744.425,4.0,-19.8,43.4,17.4,31.1,111.7,55000.0,52700.0,25348.316982,0.22467040223177742,6.523993352974859,16.311625760926752,3.7952591462705816,-21.9,-14.2,-18.0,734.55,1022.675,737.5666666666666
Wapello,2004,10.829515137433301,10.829515137433297,1221834.2057439007,195.1686627984598,12,0.9999999999999997,0.9999999999999997,112824.4607665314,5.548798143181602,True,1221.8342057439008,1007.65,4.0,-24.7,48.2,16.7,92.5,182.1,57000.0,52900.0,25348.316982,0.22467040223177742,6.131413241059713,6.523993352974859,16.311625760926752,-19.8,-21.9,-14.2,744.425,734.55,1022.675
Wapello,2005,7.8285194626568115,7.790698525677346,878981.3601541577,137.51702542630528,12,0.970827396643119,0.6499287597174312,112824.4607665314,5.692763814799119,True,878.9813601541578,660.25,4.0,-8.3,49.7,16.7,77.3,152.0,58500.0,51200.0,25348.316982,0.22467040223177742,10.829515137433301,6.131413241059713,6.523993352974859,-24.7,-19.8,-21.9,1007.65,744.425,734.55
Wapello,2006,5.588999515164973,5.512723706105514,621970.0794962292,90.33431375020358,12,0.9416547932862382,0.6499287597174312,112824.4607665314,6.187017184433284,True,621.9700794962292,825.475,4.0,-21.7,45.7,17.0,78.2,162.6,53400.0,55000.0,25348.316982,0.22467040223177742,7.8285194626568115,10.829515137433301,6.131413241059713,-8.3,-24.7,-19.8,660.25,1007.65,744.425
Wapello,2007,21.388452124908596,21.38845212490859,2413140.5776235843,361.1492586293419,12,0.9999999999999997,0.9999999999999997,112824.4607665314,5.922330342330896,True,2413.1405776235842,1154.325,4.0,-28.6,48.4,18.3,56.8,152.1,67800.0,41900.0,25348.316982,0.22467040223177742,5.588999515164973,7.8285194626568115,10.829515137433301,-21.7,-8.3,-24.7,825.475,660.25,1007.65
Wapello,2010,24.312605930279908,24.312605930279897,2743056.653913003,713.5545425517341,12,0.9999999999999997,0.9999999999999997,112824.4607665314,3.407252631780029,True,2743.0566539130027,1439.25,4.0,-8.0,38.2,16.5,71.0,133.7,54000.0,51400.0,25348.316982,0.22467040223177742,14.946830173982507,20.971131113643292,21.388452124908596,-22.4,-8.3,-28.6,1146.875,1136.1,1154.325
Wapello,2011,18.580269324727773,18.566487768834573,2094753.970847161,306.4261131840571,12,0.970827396643119,0.6499287597174312,112824.4607665314,6.06353979811355,True,2094.753970847161,1007.125,4.0,9.6,69.4,15.1,61.3,136.2,59800.0,53100.0,25348.316982,0.22467040223177742,24.312605930279908,14.946830173982507,20.971131113643292,-8.0,-22.4,-8.3,1439.25,1146.875,1136.1
Wapello,2012,2.0977169508663858,2.087141709227822,235480.63788696576,66.05871373748732,12,0.9416547932862382,0.6499287597174312,112824.4607665314,3.1755340547540256,True,235.48063788696575,703.575,4.0,20.4,69.0,13.5,61.2,123.3,59300.0,55600.0,25348.316982,0.22467040223177742,18.580269324727773,24.312605930279908,14.946830173982507,9.6,-8.0,-22.4,1007.125,1439.25,1146.875
Wapello,2013,13.735271497980268,13.72412865720137,1548417.4152392452,252.68243349835885,12,0.9416547932862382,0.6499287597174312,112824.4607665314,5.435784081947065,True,1548.4174152392452,926.15,4.0,-6.7,62.2,14.0,61.8,144.7,54000.0,53700.0,25348.316982,0.22467040223177742,2.0977169508663858,18.580269324727773,24.312605930279908,20.4,9.6,-8.0,703.575,1007.125,1439.25
Wapello,2014,9.912705966701534,9.912705966701528,1118395.7054302783,266.19839519493024,12,0.9999999999999997,0.9999999999999997,112824.4607665314,3.7238038040923254,True,1118.3957054302782,954.825,4.0,-16.7,68.7,13.2,76.7,175.3,58500.0,52300.0,25348.316982,0.22467040223177742,13.735271497980268,2.0977169508663858,18.580269324727773,-6.7,20.4,9.6,926.15,703.575,1007.125
Wapello,2015,24.138435608361718,24.138435608361707,2723405.98126105,388.37492101999175,12,0.9999999999999997,0.9999999999999997,112824.4607665314,6.215240558006881,True,2723.40598126105,995.55,4.0,-26.6,43.9,13.4,77.5,161.4,56200.0,51500.0,25348.316982,0.22467040223177742,9.912705966701534,13.735271497980268,2.0977169508663858,-16.7,-6.7,20.4,954.825,926.15,703.575
Wapello,2016,15.36091457374648,15.360914573746474,1733086.9036636995,265.6958629136509,12,0.9999999999999997,0.9999999999999997,112824.4607665314,5.78139019753524,True,1733.0869036636996,667.0,4.0,-36.9,46.4,13.0,97.2,193.5,59900.0,50400.0,25348.316982,0.22467040223177742,24.138435608361718,9.912705966701534,13.735271497980268,-26.6,-16.7,-6.7,995.55,954.825,926.15
Wapello,2017,11.046914435084632,10.926078865363793,1232728.9562772654,187.0199665999675,12,0.8833095865724768,0.6499287597174312,112824.4607665314,5.90681018498618,True,1232.7289562772655,694.8249999999999,4.0,-21.8,47.1,13.2,71.7,153.8,53300.0,54200.0,25348.316982,0.22467040223177742,15.36091457374648,24.138435608361718,9.912705966701534,-36.9,-26.6,-16.7,667.0,995.55,954.825
Wapello,2018,14.06220002392201,13.560051344436294,1529905.4809025044,351.35118680218955,12,0.970827396643119,0.6499287597174312,112824.4607665314,4.002320342762644,True,1529.9054809025045,956.3,2.0,-21.2,43.1,14.3,111.9,190.5,54750.0,54500.0,25348.316982,0.22467040223177742,11.046914435084632,15.36091457374648,24.138435608361718,-21.8,-36.9,-26.6,694.8249999999999,667.0,995.55
Wapello,2019,16.008595457513554,16.008595457513547,1806161.1501235098,461.0777872729198,12,0.9999999999999997,0.9999999999999997,112824.4607665314,3.471994509255722,True,1806.1611501235097,1143.75,2.0,-27.7,43.5,16.5,93.0,180.7,56200.0,48200.0,25348.316982,0.22467040223177742,14.06220002392201,11.046914435084632,15.36091457374648,-21.2,-21.8,-36.9,956.3,694.8249999999999,667.0
Warren,2001,12.813085020904811,12.813085020904815,1899763.6213381467,217.9925707054578,12,1.0000000000000004,1.0000000000000004,148267.46394319888,5.877762246410361,True,1899.7636213381468,905.05,2.0,-18.4,45.1,14.1,74.4,152.0,56900.0,65500.0,24818.178322,0.16738789254200653,1.3317783176760687,,,-20.9,,,685.6999999999999,,
Warren,2002,3.0301077412975896,3.0301077412975905,449266.3902768482,79.72187616233433,12,1.0000000000000004,1.0000000000000004,148267.46394319888,3.8008485087926274,True,449.2663902768482,706.3499999999999,2.0,-27.2,39.0,15.1,73.6,154.9,65500.0,62900.0,24818.178322,0.16738789254200653,12.813085020904811,1.3317783176760687,,-18.4,-20.9,,905.05,685.6999999999999,
Warren,2003,8.286232283416677,8.28623228341668,1228578.646306453,135.1217720250137,12,1.0000000000000004,1.0000000000000004,148267.46394319888,6.1324183062687565,True,1228.578646306453,878.95,2.0,-29.9,40.7,13.9,25.0,109.5,64500.0,67600.0,24818.178322,0.16738789254200653,3.0301077412975896,12.813085020904811,1.3317783176760687,-27.2,-18.4,-20.9,706.3499999999999,905.05,685.6999999999999
Warren,2004,10.090256926442654,10.090256926442658,1496056.8050189498,235.47707734759155,12,1.0000000000000004,1.0000000000000004,148267.46394319888,4.285027247704566,True,1496.0568050189497,832.65,2.0,-25.9,47.0,12.8,86.2,171.9,68000.0,62600.0,24818.178322,0.16738789254200653,8.286232283416677,3.0301077412975896,12.813085020904811,-29.9,-27.2,-18.4,878.95,706.3499999999999,905.05
Warren,2005,8.438036281595041,8.438036281595043,1251086.240132797,183.00618698488174,12,1.0000000000000004,1.0000000000000004,148267.46394319888,4.610792903024701,True,1251.086240132797,665.85,2.0,-24.1,47.1,11.8,80.9,163.9,71000.0,64700.0,24818.178322,0.16738789254200653,10.090256926442654,8.286232283416677,3.0301077412975896,-25.9,-29.9,-27.2,832.65,878.95,706.3499999999999
Warren,2006,3.809243079091771,3.809243079091772,564786.8108801192,96.98193764434926,12,1.0000000000000004,1.0000000000000004,148267.46394319888,3.927786113184262,True,564.7868108801192,783.85,2.0,-25.6,46.6,11.8,84.1,168.1,67100.0,63600.0,24818.178322,0.16738789254200653,8.438036281595041,10.090256926442654,8.286232283416677,-24.1,-25.9,-29.9,665.85,832.65,878.95
Warren,2007,17.188611329277,17.188611329277006,2548511.8104972374,386.2529073292723,12,1.0000000000000004,1.0000000000000004,148267.46394319888,4.450092414352774,True,2548.5118104972375,1098.75,2.0,-31.4,39.1,13.4,84.1,168.0,73600.0,54400.0,24818.178322,0.16738789254200653,3.809243079091771,8.438036281595041,10.090256926442654,-25.6,-24.1,-25.9,783.85,665.85,832.65
Warren,2008,20.534891693877466,15.847063152597721,2349603.864583378,570.5544991634379,12,0.7508629211279086,0.0034516845116332965,148267.46394319888,3.5991113423846923,True,2349.6038645833783,1293.55,2.0,-16.0,49.9,12.2,58.9,137.0,68000.0,60500.0,24818.178322,0.16738789254200653,17.188611329277,3.809243079091771,8.438036281595041,-31.4,-25.6,-24.1,1098.75,783.85,665.85
Warren,2009,14.735991990039315,9.375485801982764,1390079.5030954527,325.4517254409085,12,0.7508629211279086,0.0034516845116332965,148267.46394319888,4.527858001083142,True,1390.0795030954528,1046.45,2.0,-27.6,42.4,10.9,89.5,170.4,66400.0,64300.0,24818.178322,0.16738789254200653,20.534891693877466,17.188611329277,3.809243079091771,-16.0,-31.4,-25.6,1293.55,1098.75,783.85
Warren,2010,20.629175736152906,20.629175736152916,3058635.5696379654,664.6623383989063,12,1.0000000000000004,1.0000000000000004,148267.46394319888,3.1037076338409926,True,3058.6355696379655,1339.2,2.0,-21.2,30.5,9.7,79.4,140.8,65500.0,63100.0,24818.178322,0.16738789254200653,14.735991990039315,20.534891693877466,17.188611329277,-27.6,-16.0,-31.4,1046.45,1293.55,1098.75
Warren,2011,10.177251074985126,10.177251074985133,1508955.2068012403,302.13931827185667,12,1.0000000000000004,1.0000000000000004,148267.46394319888,3.368396782383653,True,1508.9552068012404,1003.5,2.0,2.7,67.3,8.4,71.7,144.7,67200.0,64600.0,24818.178322,0.16738789254200653,20.629175736152906,14.735991990039315,20.534891693877466,-21.2,-27.6,-16.0,1339.2,1046.45,1293.55
Warren,2012,2.117276731869534,2.1172767318695347,313923.25150024024,86.3503165989485,12,1.0000000000000004,1.0000000000000004,148267.46394319888,2.4519617475210467,True,313.9232515002402,544.5,2.0,12.8,71.7,6.2,65.5,130.6,68300.0,66100.0,24818.178322,0.16738789254200653,10.177251074985126,20.629175736152906,14.735991990039315,2.7,-21.2,-27.6,1003.5,1339.2,1046.45
Warren,2013,11.289299733191841,11.289299733191848,1673835.8411349866,203.02443917351667,12,1.0000000000000004,1.0000000000000004,148267.46394319888,5.560561959510372,True,1673.8358411349866,736.55,2.0,-7.0,67.6,5.8,66.8,147.2,63400.0,68400.0,24818.178322,0.16738789254200653,2.117276731869534,10.177251074985126,20.629175736152906,12.8,2.7,-21.2,544.5,1003.5,1339.2
Warren,2014,8.140388752893829,8.140388752893832,1206954.795903308,329.41822405314457,12,1.0000000000000004,1.0000000000000004,148267.46394319888,2.4711409868995444,True,1206.9547959033082,1027.95,2.0,-8.4,73.4,5.2,76.2,163.2,66700.0,66800.0,24818.178322,0.16738789254200653,11.289299733191841,2.117276731869534,10.177251074985126,-7.0,12.8,2.7,736.55,544.5,1003.5
Warren,2015,10.594118413299563,10.594118413299567,1570763.0698538728,415.9453197784559,12,1.0000000000000004,1.0000000000000004,148267.46394319888,2.546997864753542,True,1570.7630698538728,1056.3,2.0,-34.4,42.1,4.9,99.1,180.5,63200.0,68500.0,24818.178322,0.16738789254200653,8.140388752893829,11.289299733191841,2.117276731869534,-8.4,-7.0,12.8,1027.95,736.55,544.5
Warren,2016,6.164153979528205,6.164153979528207,913943.4779000244,266.62441291721154,12,1.0000000000000004,1.0000000000000004,148267.46394319888,2.3119240702996735,True,913.9434779000244,888.25,2.0,-40.5,44.0,4.4,97.0,185.9,66300.0,68200.0,24818.178322,0.16738789254200653,10.594118413299563,8.140388752893829,11.289299733191841,-34.4,-8.4,-7.0,1056.3,1027.95,736.55
Warren,2017,5.9409621482758,5.629225070863947,834630.9252224715,200.29353442478643,12,0.9169543070426366,0.0034516845116332965,148267.46394319888,2.966127771092247,True,834.6309252224714,656.6,1.4166666666666667,-36.3,44.5,6.3,91.3,178.4,58300.0,68500.0,24818.178322,0.16738789254200653,6.164153979528205,10.594118413299563,8.140388752893829,-40.5,-34.4,-8.4,888.25,1056.3,1027.95
Warren,2018,9.032431420420867,9.03243142042087,1339215.6999466678,381.0791399852865,12,1.0000000000000004,1.0000000000000004,148267.46394319888,2.3702245735018743,True,1339.2156999466677,1155.2,1.0,-32.8,41.3,4.0,98.7,176.8,59700.0,70600.0,24818.178322,0.16738789254200653,5.9409621482758,6.164153979528205,10.594118413299563,-36.3,-40.5,-34.4,656.6,888.25,1056.3
Warren,2019,7.539570648318113,7.539570648318116,1117873.0192467072,417.60402154791586,12,1.0000000000000004,1.0000000000000004,148267.46394319888,1.8054353548539817,True,1117.8730192467071,1097.5,1.0,-34.5,41.7,4.3,94.9,175.4,60000.0,63400.0,24818.178322,0.16738789254200653,9.032431420420867,5.9409621482758,6.164153979528205,-32.8,-36.3,-40.5,1155.2,656.6,888.25
Washington,2001,21.670833491764277,21.61679341400319,3193074.7735961694,327.61378747608615,12,0.9183923920356859,0.5103543522141178,147712.69320304092,6.614750147945505,True,3193.0747735961695,977.9333333333334,3.0,57.7,57.8,79.1,73.9,153.1,98600.0,102100.0,63598.023644,0.43055219064065325,8.420172987839777,,,53.1,,,733.1,,
Washington,2002,9.648984861136611,9.281000593106103,1370921.5932267227,174.45924194458863,12,0.8775885880535291,0.5103543522141178,147712.69320304092,5.530796049315233,True,1370.9215932267227,791.9666666666667,3.0,47.9,55.7,81.0,73.4,162.2,116500.0,95600.0,63598.023644,0.43055219064065325,21.670833491764277,8.420172987839777,,57.7,53.1,,977.9333333333334,733.1,
Washington,2003,4.588035918958001,3.981966464048227,588186.9906487535,97.78598423765588,12,0.7959809800892154,0.5103543522141178,147712.69320304092,4.691915671480472,True,588.1869906487535,772.9,3.0,45.2,57.3,81.3,36.8,130.2,113600.0,97500.0,63598.023644,0.43055219064065325,9.648984861136611,21.670833491764277,8.420172987839777,47.9,57.7,53.1,791.9666666666667,977.9333333333334,733.1
Washington,2004,14.198082639050568,14.198082639050563,2097237.024933497,218.68625204683042,12,0.9999999999999994,0.9999999999999994,147712.69320304092,6.492444086521785,True,2097.2370249334967,897.1666666666666,3.0,55.6,66.0,82.1,83.5,176.0,114000.0,94100.0,63598.023644,0.43055219064065325,4.588035918958001,9.648984861136611,21.670833491764277,45.2,47.9,57.7,772.9,791.9666666666667,977.9333333333334
Washington,2005,8.405489781820608,8.37208729072979,1236663.561444648,133.70075901819297,12,0.9591961960178427,0.5103543522141178,147712.69320304092,6.286792867553469,True,1236.6635614446482,632.2,3.0,69.3,68.5,83.0,77.5,159.7,113000.0,93000.0,63598.023644,0.43055219064065325,14.198082639050568,4.588035918958001,9.648984861136611,55.6,45.2,47.9,897.1666666666666,772.9,791.9666666666667
Washington,2006,7.456243992209647,7.264934403556826,1073123.0266928067,103.76444999237168,12,0.9183923920356859,0.5103543522141178,147712.69320304092,7.185740388695548,True,1073.1230266928067,905.7666666666667,3.0,54.3,64.1,84.3,77.3,171.4,109900.0,95000.0,63598.023644,0.43055219064065325,8.405489781820608,14.198082639050568,4.588035918958001,69.3,55.6,45.2,632.2,897.1666666666666,772.9
Washington,2007,28.970096282582194,28.97009628258218,4279250.944251618,390.0241113470024,12,0.9999999999999994,0.9999999999999994,147712.69320304092,7.427770601804577,True,4279.250944251618,1191.9333333333334,3.0,58.2,68.8,86.0,66.3,162.9,128300.0,78100.0,63598.023644,0.43055219064065325,7.456243992209647,8.405489781820608,14.198082639050568,54.3,69.3,55.6,905.7666666666667,632.2,897.1666666666666
Washington,2008,29.796221238858333,29.644660357662232,4378892.620519711,633.7215469464268,12,0.9591961960178427,0.5103543522141178,147712.69320304092,4.7017844639228015,True,4378.89262051971,1159.9333333333334,3.0,77.1,78.9,93.8,73.1,168.7,120000.0,87100.0,63598.023644,0.43055219064065325,28.970096282582194,7.456243992209647,8.405489781820608,58.2,54.3,69.3,1191.9333333333334,905.7666666666667,632.2
Washington,2009,26.54255062066938,25.607935516216163,3782617.1224700934,583.3738417902744,12,0.9591961960178427,0.5103543522141178,147712.69320304092,4.549835580425554,True,3782.6171224700934,1278.6999999999998,3.0,72.9,62.8,102.3,75.3,167.5,126000.0,84700.0,63598.023644,0.43055219064065325,29.796221238858333,28.970096282582194,7.456243992209647,77.1,58.2,54.3,1159.9333333333334,1191.9333333333334,905.7666666666667
Washington,2010,28.740480601817094,28.740480601817076,4245333.7936441535,669.3187388809646,12,0.9999999999999994,0.9999999999999994,147712.69320304092,4.293990132394674,True,4245.333793644154,1439.1666666666665,3.0,101.2,65.4,112.7,65.5,142.4,121000.0,90000.0,63598.023644,0.43055219064065325,26.54255062066938,29.796221238858333,28.970096282582194,72.9,77.1,58.2,1278.6999999999998,1159.9333333333334,1191.9333333333334
Washington,2011,18.416889766842274,18.40364702988986,2718452.2675431767,311.69068741416623,12,0.9591961960178427,0.5103543522141178,147712.69320304092,5.908707096651368,True,2718.4522675431767,866.4666666666667,3.0,112.5,72.9,124.4,81.2,166.0,125400.0,86500.0,63598.023644,0.43055219064065325,28.740480601817094,26.54255062066938,29.796221238858333,101.2,72.9,77.1,1439.1666666666665,1278.6999999999998,1159.9333333333334
Washington,2012,3.824059095979247,3.7904215817730176,559893.380218623,88.82136532563294,12,0.9183923920356859,0.5103543522141178,147712.69320304092,4.305336989540356,True,559.893380218623,799.4333333333333,3.0,124.9,65.8,134.7,73.8,149.4,125000.0,88600.0,63598.023644,0.43055219064065325,18.416889766842274,28.740480601817094,26.54255062066938,112.5,101.2,72.9,866.4666666666667,1439.1666666666665,1278.6999999999998
Washington,2013,20.71797637822521,20.68933068558092,3056076.7561354744,352.12575966707897,12,0.9183923920356859,0.5103543522141178,147712.69320304092,5.883686668596253,True,3056.0767561354746,864.1,3.0,125.2,63.6,150.2,62.2,150.8,120200.0,91600.0,63598.023644,0.43055219064065325,3.824059095979247,18.416889766842274,28.740480601817094,124.9,112.5,101.2,799.4333333333333,866.4666666666667,1439.1666666666665
Washington,2014,13.644581020981457,13.644581020981446,2015477.8102362675,314.7313040480958,12,0.9999999999999994,0.9999999999999994,147712.69320304092,4.335311055965489,True,2015.4778102362675,1059.4,3.0,125.5,55.7,166.3,85.7,182.2,116000.0,93400.0,63598.023644,0.43055219064065325,20.71797637822521,3.824059095979247,18.416889766842274,125.2,124.9,112.5,864.1,799.4333333333333,866.4666666666667
Washington,2015,25.49256225701469,25.492562257014676,3765575.02762983,367.497900501786,12,0.9999999999999994,0.9999999999999994,147712.69320304092,6.936791263897519,True,3765.57502762983,1101.5666666666666,2.3333333333333335,143.8,57.6,181.0,99.0,193.8,116000.0,96000.0,63598.023644,0.43055219064065325,13.644581020981457,20.71797637822521,3.824059095979247,125.5,125.2,124.9,1059.4,864.1,799.4333333333333
Washington,2016,18.119291055646993,18.119291055646986,2676449.2807593867,294.3640798988808,12,0.9999999999999994,0.9999999999999994,147712.69320304092,6.155401522451817,True,2676.4492807593865,800.85,2.0,156.0,61.2,198.0,89.3,192.5,116400.0,93300.0,63598.023644,0.43055219064065325,25.49256225701469,13.644581020981457,20.71797637822521,143.8,125.5,125.2,1101.5666666666666,1059.4,864.1
Washington,2017,14.754256165790078,14.599950403941648,2156597.9947970463,202.7819046573548,12,0.8367847840713724,0.5103543522141178,147712.69320304092,7.275923456148949,True,2156.5979947970463,785.65,2.0,169.2,62.2,212.4,102.7,208.1,119700.0,93600.0,63598.023644,0.43055219064065325,18.119291055646993,25.49256225701469,13.644581020981457,156.0,143.8,125.5,800.85,1101.5666666666666,1059.4
Washington,2018,15.175640827303418,14.93880215960525,2206650.7002226952,354.9161766551466,12,0.9591961960178427,0.5103543522141178,147712.69320304092,4.275838021902504,True,2206.6507002226954,1134.65,2.0,173.4,56.4,219.3,102.5,204.8,117900.0,90600.0,63598.023644,0.43055219064065325,14.754256165790078,18.119291055646993,25.49256225701469,169.2,156.0,143.8,785.65,800.85,1101.5666666666666
Washington,2019,22.145177767396486,22.145177767396476,3271123.8494822383,497.6886324799294,12,0.9999999999999994,0.9999999999999994,147712.69320304092,4.449604897955862,True,3271.1238494822383,1007.4,2.0,195.5,57.0,231.1,85.1,177.7,113200.0,88700.0,63598.023644,0.43055219064065325,15.175640827303418,14.754256165790078,18.119291055646993,173.4,169.2,156.0,1134.65,785.65,800.85
Wayne,2001,3.379194123712008,2.580379504933807,352084.39502064744,318.00218939891914,12,0.7120425165623021,0.5998993663424402,136446.74914966794,1.0626323454248185,True,352.08439502064743,1238.0,2.0,-8.5,43.7,16.4,65.2,133.8,31300.0,40200.0,8332.889426,0.061070633620297424,0.10150354016651432,,,-20.4,,,948.9499999999999,,
Wayne,2002,1.013387156451279,0.7468976807102727,101911.76048034338,78.60986637050397,12,0.6840067290073367,0.5998993663424402,136446.74914966794,1.2891348163282499,True,101.91176048034337,714.05,2.0,-27.0,37.3,13.7,61.4,139.4,44000.0,52600.0,8332.889426,0.061070633620297424,3.379194123712008,0.10150354016651432,,-8.5,-20.4,,1238.0,948.9499999999999,
Wayne,2004,1.892929982313593,1.4506014354774723,197929.85018274287,201.03732559205605,12,0.7260604103397849,0.5998993663424402,136446.74914966794,0.9415813589535692,True,197.92985018274288,1139.8,2.0,-23.5,44.9,11.4,85.2,165.0,47000.0,48300.0,8332.889426,0.061070633620297424,0.45110270396345703,1.013387156451279,3.379194123712008,-30.8,-27.0,-8.5,1014.2500000000001,714.05,1238.0
Wayne,2005,0.6579671982712171,0.50038441824417,68275.82719456479,89.69808450134053,12,0.6840067290073367,0.5998993663424402,136446.74914966794,0.733535394795843,True,68.27582719456478,896.15,2.0,-20.8,45.5,10.6,96.9,173.8,45000.0,51700.0,8332.889426,0.061070633620297424,1.892929982313593,0.45110270396345703,1.013387156451279,-23.5,-30.8,-27.0,1139.8,1014.2500000000001,714.05
Wayne,2006,0.2881663724615042,0.21979491552335828,29990.301702788125,19.700556293396215,12,0.6559709414523712,0.5998993663424402,136446.74914966794,1.4627321592847604,True,29.990301702788123,1107.9,2.0,-23.2,46.7,10.5,61.2,141.6,46900.0,50300.0,8332.889426,0.061070633620297424,0.6579671982712171,1.892929982313593,0.45110270396345703,-20.8,-23.5,-30.8,896.15,1139.8,1014.2500000000001
Wayne,2007,3.9061544510921076,2.9164009987500603,397933.4354962907,342.97711199805684,12,0.7540961978947504,0.5998993663424402,136446.74914966794,1.138896536954407,True,397.93343549629066,1808.9,2.0,-32.1,37.1,9.9,84.7,163.8,50400.0,46900.0,8332.889426,0.061070633620297424,0.2881663724615042,0.6579671982712171,1.892929982313593,-23.2,-20.8,-23.5,1107.9,896.15,1139.8
Wayne,2010,9.00449037108087,6.916475942354149,943730.65790611,772.153466314856,12,0.7681140916722331,0.7681140916722331,136446.74914966794,1.1661529428929827,True,943.7306579061101,1863.1999999999998,2.0,-17.1,28.6,7.7,68.4,121.8,52000.0,57200.0,8332.889426,0.061070633620297424,3.5622974571470656,5.027014698137454,3.9061544510921076,-32.8,-12.5,-32.1,1451.6000000000001,1671.6999999999998,1808.9
Wayne,2011,5.595144951413759,4.297066200513857,586320.7139410309,312.7633388418395,12,0.7540961978947504,0.5998993663424402,136446.74914966794,1.7889388737607614,True,586.3207139410309,1114.75,2.0,48.0,111.5,6.9,75.9,146.3,57700.0,64000.0,8332.889426,0.061070633620297424,9.00449037108087,3.5622974571470656,5.027014698137454,-17.1,-32.8,-12.5,1863.1999999999998,1451.6000000000001,1671.6999999999998
Wayne,2012,1.2258268683855214,0.9406659357921374,128350.80897466742,59.6932721493254,12,0.7120425165623021,0.5998993663424402,136446.74914966794,2.0535427599262115,True,128.35080897466742,833.4,2.0,67.4,117.7,6.1,29.1,85.5,55900.0,69800.0,8332.889426,0.061070633620297424,5.595144951413759,9.00449037108087,3.5622974571470656,48.0,-17.1,-32.8,1114.75,1863.1999999999998,1451.6000000000001
Wayne,2013,3.2814556890611137,2.4858782119153493,339190.00079783873,287.3565945553306,12,0.6480330089229493,0.16821472532979284,136446.74914966794,1.141945496026982,True,339.1900007978387,1080.55,1.9166666666666667,54.8,124.5,7.3,42.1,119.1,57400.0,64000.0,8332.889426,0.061070633620297424,1.2258268683855214,5.595144951413759,9.00449037108087,67.4,48.0,-17.1,833.4,1114.75,1863.1999999999998
Wayne,2014,5.109369693942673,3.8668367758707975,527617.3075599535,358.91833771468634,12,0.7540961978947504,0.5998993663424402,136446.74914966794,1.4235465723136849,True,527.6173075599536,1227.1,1.0,63.1,138.4,7.2,85.2,167.7,55600.0,76400.0,8332.889426,0.061070633620297424,3.2814556890611137,1.2258268683855214,5.595144951413759,54.8,67.4,48.0,1080.55,833.4,1114.75
Wayne,2015,3.6716638372817387,2.8202567332994493,384814.8630261718,461.4719394341502,12,0.7681140916722331,0.7681140916722331,136446.74914966794,0.7956418415784665,True,384.8148630261718,1268.7,1.0,-25.4,52.1,9.3,65.1,151.9,62500.0,52300.0,8332.889426,0.061070633620297424,5.109369693942673,3.2814556890611137,1.2258268683855214,63.1,54.8,67.4,1227.1,1080.55,833.4
Wayne,2016,2.4973180064905613,1.918225152172209,261735.586151025,158.32681136510425,12,0.7681140916722331,0.7681140916722331,136446.74914966794,1.5773184497044563,True,261.735586151025,669.9,1.0,-17.9,54.3,9.0,106.0,187.2,57900.0,72800.0,8332.889426,0.061070633620297424,3.6716638372817387,5.109369693942673,3.2814556890611137,-25.4,63.1,54.8,1268.7,1227.1,1080.55
Wayne,2019,4.077052659698861,3.0978832803243757,422696.1028453706,452.1163943690291,12,0.7400783041172677,0.5998993663424402,136446.74914966794,0.9017705861758831,True,422.6961028453706,1313.0,1.0,-13.4,51.8,10.5,94.3,170.0,55900.0,57800.0,8332.889426,0.061070633620297424,1.581416763423158,1.8732016963344182,2.4973180064905613,-18.2,-15.1,-17.9,1060.1,763.0,669.9
Webster,2001,24.539133145359624,24.539133145359678,4565246.534832183,252.41125763752095,12,1.0000000000000022,1.0000000000000022,186039.4378150829,9.721885376681346,True,4565.246534832183,908.6,4.0,-4.9,62.4,15.5,67.7,150.5,183800.0,182900.0,127557.836572,0.6856494411619772,3.6357730829123005,,,0.6,,,740.875,,
Webster,2002,10.315019190774262,10.315019190774288,1919000.3713034394,97.14729276801394,12,1.0000000000000022,1.0000000000000022,186039.4378150829,10.617917285051217,True,1919.0003713034394,810.125,4.0,-10.1,63.6,16.8,83.3,173.8,184500.0,175200.0,127557.836572,0.6856494411619772,24.539133145359624,3.6357730829123005,,-4.9,0.6,,908.6,740.875,
Webster,2003,18.432869931965882,18.43161366460447,3429007.0441878154,151.66628724105942,12,0.9973036909153036,0.9838221454918097,186039.4378150829,12.153571019160346,True,3429.0070441878156,783.4,4.0,-10.4,68.4,16.7,45.0,140.5,184000.0,175100.0,127557.836572,0.6856494411619772,10.315019190774262,24.539133145359624,3.6357730829123005,-10.1,-4.9,0.6,810.125,908.6,740.875
Webster,2004,19.951210479307086,19.937700724309664,3709198.6340759415,195.79716143201514,12,0.9973036909153036,0.9838221454918097,186039.4378150829,10.189734280818245,True,3709.1986340759413,931.25,4.0,-7.6,73.3,16.4,75.2,172.5,193000.0,168300.0,127557.836572,0.6856494411619772,18.432869931965882,10.315019190774262,24.539133145359624,-10.4,-10.1,-4.9,783.4,810.125,908.6
Webster,2005,18.7938964049136,18.793022261988714,3496243.29646672,185.15738883934011,12,0.9986518454576528,0.9838221454918097,186039.4378150829,10.150227610533515,True,3496.24329646672,821.65,4.0,-2.8,77.5,16.1,80.1,176.5,198500.0,163200.0,127557.836572,0.6856494411619772,19.951210479307086,18.432869931965882,10.315019190774262,-7.6,-10.4,-10.1,931.25,783.4,810.125
Webster,2006,19.059830418160793,19.059830418160836,3545880.135845458,171.69319255866472,12,1.0000000000000022,1.0000000000000022,186039.4378150829,11.101098496755114,True,3545.880135845458,735.275,4.0,-2.3,72.0,16.2,75.6,166.1,197000.0,162600.0,127557.836572,0.6856494411619772,18.7938964049136,19.951210479307086,18.432869931965882,-2.8,-7.6,-10.4,821.65,931.25,783.4
Webster,2007,33.87417633669585,33.87417633669591,6301932.722127892,365.7955314662643,12,1.0000000000000022,1.0000000000000022,186039.4378150829,9.260412832522507,True,6301.932722127892,1082.65,4.0,8.3,91.9,16.4,67.6,167.6,221500.0,136900.0,127557.836572,0.6856494411619772,19.059830418160793,18.7938964049136,19.951210479307086,-2.3,-2.8,-7.6,735.275,821.65,931.25
Webster,2008,29.52069841878942,26.115195304416684,4858456.252864772,361.9836002169462,12,0.8095025959610008,0.2380103838439969,186039.4378150829,8.155258525827385,True,4858.456252864772,1082.675,4.0,10.5,88.0,16.2,61.8,155.5,217000.0,140900.0,127557.836572,0.6856494411619772,33.87417633669585,19.059830418160793,18.7938964049136,8.3,-2.3,-2.8,1082.65,735.275,821.65
Webster,2009,19.089157550786048,15.032544053884763,2796646.0447151884,230.10425337617085,12,0.8081544414186516,0.2380103838439969,186039.4378150829,8.295873401166293,True,2796.6460447151885,890.35,4.0,-3.0,77.0,16.0,65.8,161.8,212500.0,144200.0,127557.836572,0.6856494411619772,29.52069841878942,33.87417633669585,19.059830418160793,10.5,8.3,-2.3,1082.675,1082.65,735.275
Webster,2010,37.67697812378482,37.676978123784906,7009403.82872012,537.0448235516928,12,1.0000000000000022,1.0000000000000022,186039.4378150829,7.015611448335327,True,7009.40382872012,1208.6999999999998,4.0,5.6,82.5,16.1,61.4,154.4,210500.0,150600.0,127557.836572,0.6856494411619772,19.089157550786048,29.52069841878942,33.87417633669585,-3.0,10.5,8.3,890.35,1082.675,1082.65
Webster,2011,22.675968225948196,22.66865474136564,4217263.784107877,261.31539427209157,12,0.9932592272882553,0.9838221454918097,186039.4378150829,8.677624327917364,True,4217.263784107877,679.5749999999999,4.0,11.5,96.5,16.2,73.0,174.2,215500.0,144400.0,127557.836572,0.6856494411619772,37.67697812378482,19.089157550786048,29.52069841878942,5.6,-3.0,10.5,1208.6999999999998,890.35,1082.675
Webster,2012,4.430239413756363,4.418536930081792,822022.1264375988,60.78331003235135,12,0.9905629182035566,0.9838221454918097,186039.4378150829,7.2885787420895785,True,822.0221264375988,616.6750000000001,4.0,30.2,101.1,16.5,56.7,144.1,224500.0,132500.0,127557.836572,0.6856494411619772,22.675968225948196,37.67697812378482,19.089157550786048,11.5,5.6,-3.0,679.5749999999999,1208.6999999999998,890.35
Webster,2013,33.347069346110466,33.34488335284185,6203463.352972213,175.85332866635844,12,0.9959555363729541,0.9838221454918097,186039.4378150829,18.963001496195115,True,6203.463352972213,749.5749999999999,4.0,19.4,85.5,17.1,46.1,129.3,206000.0,144400.0,127557.836572,0.6856494411619772,4.430239413756363,22.675968225948196,37.67697812378482,30.2,11.5,5.6,616.6750000000001,679.5749999999999,1208.6999999999998
Webster,2014,28.323744537805165,28.32374453780523,5269333.510631309,205.87342359574222,12,1.0000000000000022,1.0000000000000022,186039.4378150829,13.757844039851554,True,5269.333510631309,931.075,4.0,-2.7,79.7,17.2,76.2,175.8,213500.0,150500.0,127557.836572,0.6856494411619772,33.347069346110466,4.430239413756363,22.675968225948196,19.4,30.2,11.5,749.5749999999999,616.6750000000001,679.5749999999999
Webster,2015,49.33678158642022,49.33678158642034,9178587.109943174,347.6558980155139,12,1.0000000000000022,1.0000000000000022,186039.4378150829,14.191268397298584,True,9178.587109943173,1106.5,4.0,-3.0,80.8,17.6,85.3,186.7,206000.0,157200.0,127557.836572,0.6856494411619772,28.323744537805165,33.347069346110466,4.430239413756363,-2.7,19.4,30.2,931.075,749.5749999999999,616.6750000000001
Webster,2016,37.091981486541485,37.09198148654157,6900571.383203656,369.22877364800894,12,1.0000000000000022,1.0000000000000022,186039.4378150829,10.045799280502933,True,6900.571383203656,993.025,4.0,-0.4,86.4,17.9,83.8,188.5,227500.0,144000.0,127557.836572,0.6856494411619772,49.33678158642022,28.323744537805165,33.347069346110466,-3.0,-2.7,19.4,1106.5,931.075,749.5749999999999
Webster,2017,22.03269702504049,22.028700468624876,4098207.0509798257,245.36841304700224,12,0.9986518454576528,0.9838221454918097,186039.4378150829,8.979434944961705,True,4098.207050979826,817.1,4.0,9.9,88.1,19.1,94.7,192.0,201000.0,159500.0,127557.836572,0.6856494411619772,37.091981486541485,49.33678158642022,28.323744537805165,-0.4,-3.0,-2.7,993.025,1106.5,931.075
Webster,2018,44.095098749646425,44.09509874964653,8203427.381784806,528.8500703490406,12,1.0000000000000022,1.0000000000000022,186039.4378150829,8.337920560461246,True,8203.427381784806,1388.7333333333333,3.0,1.1,79.2,19.0,78.2,175.3,193000.0,155400.0,127557.836572,0.6856494411619772,22.03269702504049,37.091981486541485,49.33678158642022,9.9,-0.4,-3.0,817.1,993.025,1106.5
Webster,2019,33.26609793980593,33.266097939806,6188806.159022996,463.0003866574269,12,1.0000000000000022,1.0000000000000022,186039.4378150829,7.184896362607026,True,6188.806159022996,1071.5166666666667,2.0833333333333335,-7.6,80.2,18.8,68.9,175.5,205900.0,145000.0,127557.836572,0.6856494411619772,44.095098749646425,22.03269702504049,37.091981486541485,1.1,9.9,-0.4,1388.7333333333333,817.1,993.025
Winnebago,2001,24.073016927028537,18.76338933910466,1949899.3598399486,328.76230247096163,12,0.7814488121952637,0.7793710998925591,103920.4231495733,7.322316684758837,True,1949.8993598399486,825.85,2.0,0.3,64.3,14.1,50.2,128.3,116700.0,112100.0,73737.026688,0.7095527948521712,9.807542803718988,,,1.1,,,879.4,,
Winnebago,2002,9.411381903907337,7.413175641825988,770380.3495806662,130.4116156098463,12,0.7876819491033776,0.7876819491033775,103920.4231495733,7.216674572964006,True,770.3803495806661,890.15,2.0,-5.4,65.8,16.1,73.0,160.3,119000.0,101400.0,73737.026688,0.7095527948521712,24.073016927028537,9.807542803718988,,0.3,1.1,,825.85,879.4,
Winnebago,2003,14.21595833966469,11.197653773359498,1163664.918409935,147.88560128308401,12,0.7876819491033776,0.7876819491033775,103920.4231495733,9.612807613671846,True,1163.664918409935,614.25,2.0,-1.3,74.6,16.3,42.9,135.1,120000.0,102500.0,73737.026688,0.7095527948521712,9.411381903907337,24.073016927028537,9.807542803718988,-5.4,0.3,1.1,890.15,825.85,879.4
Winnebago,2004,19.56365265354312,15.409936053724309,1601407.0754108955,301.813043137011,12,0.7876819491033776,0.7876819491033775,103920.4231495733,6.482043469758863,True,1601.4070754108955,1103.35,2.0,-7.1,73.3,16.9,56.3,153.6,125500.0,97800.0,73737.026688,0.7095527948521712,14.21595833966469,9.411381903907337,24.073016927028537,-1.3,-5.4,0.3,614.25,890.15,825.85
Winnebago,2005,23.08552989423731,18.184055183177133,1889694.709210959,266.6950828167802,12,0.7876819491033776,0.7876819491033775,103920.4231495733,8.656151305983055,True,1889.694709210959,976.0,2.0,0.0,79.9,17.5,81.3,178.7,127000.0,95000.0,73737.026688,0.7095527948521712,19.56365265354312,14.21595833966469,9.411381903907337,-7.1,-1.3,-5.4,1103.35,614.25,890.15
Winnebago,2006,21.195889626502748,16.695619653983748,1735015.8591863236,205.54126359326523,12,0.7876819491033776,0.7876819491033775,103920.4231495733,10.312230865937545,True,1735.0158591863235,780.4,2.0,1.9,74.3,18.0,81.8,172.2,124600.0,96600.0,73737.026688,0.7095527948521712,23.08552989423731,19.56365265354312,14.21595833966469,0.0,-7.1,-1.3,976.0,1103.35,614.25
Winnebago,2007,21.345428902837266,16.813409042634422,1747256.5822974315,327.88520330356886,12,0.7876819491033776,0.7876819491033775,103920.4231495733,6.510031159617422,True,1747.2565822974316,960.9,2.0,9.4,93.3,19.0,69.8,172.7,143000.0,77300.0,73737.026688,0.7095527948521712,21.195889626502748,23.08552989423731,19.56365265354312,1.9,0.0,-7.1,780.4,976.0,1103.35
Winnebago,2008,24.272421312690977,16.850413965364346,1751102.149526142,338.22765864663546,12,0.5693389485376484,0.00249718758057653,103920.4231495733,7.1763561294227785,True,1751.102149526142,929.25,2.0,15.4,93.4,19.4,62.2,159.6,128000.0,90200.0,73737.026688,0.7095527948521712,21.345428902837266,21.195889626502748,23.08552989423731,9.4,1.9,0.0,960.9,780.4,976.0
Winnebago,2009,17.517883010063045,10.77709404576943,1119960.173559106,272.34566281219634,12,0.5913857587226773,0.00249718758057653,103920.4231495733,6.432223971983353,True,1119.960173559106,945.55,2.0,8.7,82.9,20.3,74.7,169.2,120000.0,92600.0,73737.026688,0.7095527948521712,24.272421312690977,21.345428902837266,21.195889626502748,15.4,9.4,1.9,929.25,960.9,780.4
Winnebago,2010,24.146932520461814,19.02010287258509,1976577.138867457,391.29139273484,12,0.7876819491033776,0.7876819491033775,103920.4231495733,6.171087064218934,True,1976.5771388674568,948.55,2.0,4.2,79.8,21.1,75.4,172.1,121500.0,87800.0,73737.026688,0.7095527948521712,17.517883010063045,24.272421312690977,21.345428902837266,8.7,15.4,9.4,945.55,929.25,960.9
Winnebago,2011,21.251705748347646,16.71876842060366,1737421.4888088556,299.9375018851269,12,0.7435883287333197,0.5231202268830312,103920.4231495733,7.085377992008095,True,1737.4214888088557,693.3,2.0,22.6,99.4,21.7,60.1,158.6,128800.0,79800.0,73737.026688,0.7095527948521712,24.146932520461814,17.517883010063045,24.272421312690977,4.2,8.7,15.4,948.55,945.55,929.25
Winnebago,2012,2.4246645325648624,1.8629765866629973,193601.31520376637,54.34693966365718,12,0.7213334195832429,0.5206230393024547,103920.4231495733,4.461455507100579,True,193.60131520376638,547.55,2.0,31.9,101.5,23.0,58.7,151.3,130500.0,77100.0,73737.026688,0.7095527948521712,21.251705748347646,24.146932520461814,17.517883010063045,22.6,4.2,8.7,693.3,948.55,945.55
Winnebago,2013,29.988774863294303,23.62161663554203,2454768.396242527,331.4486357272207,12,0.7876819491033776,0.7876819491033775,103920.4231495733,9.047789500625612,True,2454.7683962425267,1015.8499999999999,2.0,20.2,87.3,23.7,40.4,131.2,109700.0,63600.0,73737.026688,0.7095527948521712,2.4246645325648624,21.251705748347646,24.146932520461814,31.9,22.6,4.2,547.55,693.3,948.55
Winnebago,2014,28.460114151151185,19.933059020186597,2071451.92804321,234.93041067059372,12,0.6596039015804684,0.27536975901174127,103920.4231495733,12.114274209930345,True,2071.45192804321,913.8,2.0,7.2,86.8,18.4,58.4,156.4,133600.0,78300.0,73737.026688,0.7095527948521712,29.988774863294303,2.4246645325648624,21.251705748347646,20.2,31.9,22.6,1015.8499999999999,547.55,693.3
Winnebago,2015,28.806656477058254,8.162019998990141,848200.5720503352,229.5749100841722,12,0.3180624415193776,0.27536975901174127,103920.4231495733,12.54782435349598,True,848.2005720503353,1056.75,2.0,-4.6,81.4,16.6,91.7,194.3,124100.0,88100.0,73737.026688,0.7095527948521712,28.460114151151185,29.988774863294303,2.4246645325648624,7.2,20.2,31.9,913.8,1015.8499999999999,547.55
Winnebago,2016,58.140821919671296,17.367791574951934,1804868.249642599,457.4457907684627,12,0.3180624415193776,0.27536975901174127,103920.4231495733,12.709882371417297,True,1804.8682496425988,1244.8,2.0,-2.3,86.9,15.0,86.9,191.1,137500.0,78700.0,73737.026688,0.7095527948521712,28.806656477058254,28.460114151151185,29.988774863294303,-4.6,7.2,20.2,1056.75,913.8,1015.8499999999999
Winnebago,2017,24.423704669587597,6.811713417772267,707876.14074852,242.58682682098623,12,0.3387083138419851,0.27536975901174127,103920.4231495733,10.068025947513938,True,707.87614074852,791.9,2.0,-1.2,88.6,13.8,95.5,199.1,122600.0,90000.0,73737.026688,0.7095527948521712,58.140821919671296,28.806656477058254,28.460114151151185,-2.3,-4.6,7.2,1244.8,1056.75,913.8
Winnebago,2018,36.87470870836549,10.625841884961224,1104241.9850056302,592.5276417926094,12,0.3180624415193776,0.27536975901174127,103920.4231495733,6.2232891948814775,True,1104.24198500563,1376.45,2.0,1.9,79.7,17.9,75.0,170.7,118000.0,83200.0,73737.026688,0.7095527948521712,24.423704669587597,58.140821919671296,28.806656477058254,-1.2,-2.3,-4.6,791.9,1244.8,1056.75
Winnebago,2019,25.870432838710812,7.842511707321009,814997.1351802817,483.5820337045397,12,0.3180624415193776,0.27536975901174127,103920.4231495733,5.34975061842707,True,814.9971351802817,1096.8,2.0,-1.9,80.7,21.9,76.9,181.4,120400.0,79200.0,73737.026688,0.7095527948521712,36.87470870836549,24.423704669587597,58.140821919671296,1.9,-1.2,-2.3,1376.45,791.9,1244.8
Winneshiek,2001,19.56584824316759,19.437890243149155,3471292.939059972,297.1839907251074,12,0.9934601353118887,0.9934601353118887,178583.8326915866,6.583749075927119,True,3471.292939059972,751.25,2.0,21.4,58.3,47.7,33.3,117.9,119500.0,78100.0,42558.80319,0.23831274392849908,15.127526048843823,,,18.3,,,997.35,,
Winneshiek,2002,6.7264340255105175,6.682444057150171,1193376.4714729933,147.9230977032628,12,0.9934601353118887,0.9934601353118887,178583.8326915866,4.547250652500464,True,1193.3764714729932,828.8499999999999,2.0,3.5,52.4,48.5,63.4,160.8,121000.0,70800.0,42558.80319,0.23831274392849908,19.56584824316759,15.127526048843823,,21.4,18.3,,751.25,997.35,
Winneshiek,2003,5.27847635903304,5.24395583788557,936485.7319950258,111.51472746506906,12,0.9934601353118887,0.9934601353118887,178583.8326915866,4.7334342996860865,True,936.4857319950257,597.35,2.0,8.5,55.6,46.0,26.7,119.8,121000.0,76700.0,42558.80319,0.23831274392849908,6.7264340255105175,19.56584824316759,15.127526048843823,3.5,21.4,18.3,828.8499999999999,751.25,997.35
Winneshiek,2004,19.181115511981773,19.055673611966377,3403035.228144886,337.4375162873882,12,0.9934601353118887,0.9934601353118887,178583.8326915866,5.684345867353302,True,3403.035228144886,1140.1000000000001,1.75,9.2,63.7,46.4,47.0,147.9,125000.0,72600.0,42558.80319,0.23831274392849908,5.27847635903304,6.7264340255105175,19.56584824316759,8.5,3.5,21.4,597.35,828.8499999999999,751.25
Winneshiek,2005,12.837295698279398,12.75334152145138,2277540.608525538,242.18219580799305,12,0.9934601353118887,0.9934601353118887,178583.8326915866,5.300676895529127,True,2277.5406085255377,826.4,1.0,4.1,64.3,44.9,69.8,174.9,125000.0,72000.0,42558.80319,0.23831274392849908,19.181115511981773,5.27847635903304,6.7264340255105175,9.2,8.5,3.5,1140.1000000000001,597.35,828.8499999999999
Winneshiek,2006,16.414858942144424,16.307507985788366,2912257.277750741,227.54372150977076,12,0.9934601353118887,0.9934601353118887,178583.8326915866,7.213936219918758,True,2912.257277750741,850.95,2.0,9.0,63.2,45.7,59.3,159.2,123100.0,73600.0,42558.80319,0.23831274392849908,12.837295698279398,19.181115511981773,5.27847635903304,4.1,9.2,8.5,826.4,1140.1000000000001,597.35
Winneshiek,2007,28.408321668777653,28.222535089047508,5040088.484474892,422.86175217287706,12,0.9934601353118887,0.9934601353118887,178583.8326915866,6.7181109482712404,True,5040.088484474892,1280.1,3.0,-6.6,55.7,45.9,45.5,153.7,145500.0,55100.0,42558.80319,0.23831274392849908,16.414858942144424,12.837295698279398,19.181115511981773,9.0,4.1,9.2,850.95,826.4,1140.1000000000001
Winneshiek,2010,24.92183334395709,24.758847926107943,4421529.955672498,388.1821869844219,12,0.9934601353118887,0.9934601353118887,178583.8326915866,6.420138321534375,True,4421.529955672498,971.2666666666667,3.0,-8.0,60.9,42.2,61.2,172.3,140500.0,67600.0,42558.80319,0.23831274392849908,11.52332996964094,35.20755418972989,28.408321668777653,-8.4,11.3,-6.6,920.9333333333334,1060.5,1280.1
Winneshiek,2011,26.045821587651247,25.875485438777318,4620943.362412193,352.158957540117,12,0.9934601353118887,0.9934601353118887,178583.8326915866,7.396041199572264,True,4620.943362412193,814.3666666666667,3.0,12.3,86.7,40.3,48.6,163.3,147500.0,59800.0,42558.80319,0.23831274392849908,24.92183334395709,11.52332996964094,35.20755418972989,-8.0,-8.4,11.3,971.2666666666667,920.9333333333334,1060.5
Winneshiek,2012,6.532325059870353,6.375586124645449,1138576.6057944838,122.0235631461958,12,0.940567609501319,0.35874982558505336,178583.8326915866,5.353330857945862,True,1138.5766057944838,658.1999999999999,3.0,27.8,78.0,41.3,37.9,129.4,154900.0,61300.0,42558.80319,0.23831274392849908,26.045821587651247,24.92183334395709,11.52332996964094,12.3,-8.0,-8.4,814.3666666666667,971.2666666666667,920.9333333333334
Winneshiek,2013,37.87251861440577,37.624837467269586,6719187.679303011,528.0265160865589,12,0.9934601353118887,0.9934601353118887,178583.8326915866,7.172465294943136,True,6719.187679303011,1135.5666666666666,3.0,2.9,67.0,47.2,46.0,157.3,132500.0,56300.0,42558.80319,0.23831274392849908,6.532325059870353,26.045821587651247,24.92183334395709,27.8,12.3,-8.0,658.1999999999999,814.3666666666667,971.2666666666667
Winneshiek,2014,25.17382456916964,25.009191162805017,4466237.210370277,357.84055379681723,12,0.9934601353118887,0.9934601353118887,178583.8326915866,7.034927791740284,True,4466.237210370277,917.8333333333334,3.0,6.8,70.6,41.3,51.6,156.7,149800.0,70600.0,42558.80319,0.23831274392849908,37.87251861440577,6.532325059870353,26.045821587651247,2.9,27.8,12.3,1135.5666666666666,658.1999999999999,814.3666666666667
Winneshiek,2015,19.190577980857405,19.065074197575946,3404714.0207525874,272.57103267206435,12,0.9934601353118887,0.9934601353118887,178583.8326915866,7.040578667780143,True,3404.714020752587,816.1999999999999,3.0,6.7,74.4,42.3,58.0,168.0,158300.0,67800.0,42558.80319,0.23831274392849908,25.17382456916964,37.87251861440577,6.532325059870353,6.8,2.9,27.8,917.8333333333334,1135.5666666666666,658.1999999999999
Winneshiek,2016,48.12123531137317,47.80652894381202,8537473.166467216,635.5626613801722,12,0.9934601353118887,0.9934601353118887,178583.8326915866,7.571438386086791,True,8537.473166467216,1308.3666666666666,2.5833333333333335,-1.3,78.8,44.0,59.3,183.4,156000.0,62900.0,42558.80319,0.23831274392849908,19.190577980857405,25.17382456916964,37.87251861440577,6.7,6.8,2.9,816.1999999999999,917.8333333333334,1135.5666666666666
Winneshiek,2017,30.976320136587628,30.77373919435872,5495692.29157988,459.3793125887287,12,0.9934601353118887,0.9934601353118887,178583.8326915866,6.743081215831761,True,5495.69229157988,940.1,2.0,7.3,80.2,45.4,55.7,174.0,157400.0,67200.0,42558.80319,0.23831274392849908,48.12123531137317,19.190577980857405,25.17382456916964,-1.3,6.7,6.8,1308.3666666666666,816.1999999999999,917.8333333333334
Winneshiek,2018,36.65084181115762,36.41115026500728,6502442.767034278,640.1420334782694,12,0.9934601353118887,0.9934601353118887,178583.8326915866,5.725423405179624,True,6502.442767034278,1394.5,2.0,2.5,73.3,47.3,51.8,169.9,148900.0,65700.0,42558.80319,0.23831274392849908,30.976320136587628,48.12123531137317,19.190577980857405,7.3,-1.3,6.7,940.1,1308.3666666666666,816.1999999999999
Winneshiek,2019,38.43042913172546,38.17909932529792,6818169.886224471,686.8196217756798,12,0.9934601353118887,0.9934601353118887,178583.8326915866,5.595418056398673,True,6818.169886224471,1166.5,2.0,0.4,74.0,49.3,49.3,172.2,155300.0,55000.0,42558.80319,0.23831274392849908,36.65084181115762,30.976320136587628,48.12123531137317,2.5,7.3,-1.3,1394.5,940.1,1308.3666666666666
Woodbury,2001,9.70574185530801,4.473298607883654,1017737.9705705812,158.09053636260586,12,0.4608919827635056,0.4608919827635056,227513.98012574867,6.139356648804292,True,1017.7379705705812,867.6999999999999,6.0,-4.9,60.0,12.5,58.8,136.2,177100.0,164000.0,15784.372744,0.06937759488571146,1.6738710403044577,,,7.0,,,618.65,,
Woodbury,2002,3.7818354385333035,1.765207139237668,401609.3019943485,67.84294777972185,12,0.46613903084035296,0.4608919827635056,227513.98012574867,5.574397284169436,True,401.6093019943485,787.5833333333334,6.0,-8.6,58.3,13.9,73.8,154.6,178000.0,165600.0,15784.372744,0.06937759488571146,9.70574185530801,1.6738710403044577,,-4.9,7.0,,867.6999999999999,618.65,
Woodbury,2003,8.277419012779225,5.564231238853094,1265940.3954914925,94.83985099849232,12,0.5110646823450993,0.4608919827635056,227513.98012574867,8.727785762665118,True,1265.9403954914924,775.3,7.0,-9.9,64.6,13.9,44.0,132.4,181500.0,164200.0,15784.372744,0.06937759488571146,3.7818354385333035,9.70574185530801,1.6738710403044577,-8.6,-4.9,7.0,787.5833333333334,867.6999999999999,618.65
Woodbury,2004,11.33238388232197,6.853624201329292,1559295.320330582,143.95271852384076,12,0.5110646823450993,0.4608919827635056,227513.98012574867,7.872295847226501,True,1559.2953203305822,825.8714285714285,7.0,-11.3,65.9,13.3,62.4,152.9,196500.0,163100.0,15784.372744,0.06937759488571146,8.277419012779225,3.7818354385333035,9.70574185530801,-9.9,-8.6,-4.9,775.3,787.5833333333334,867.6999999999999
Woodbury,2005,9.847877531613713,4.771595130384285,1085604.599662369,115.79621919031004,12,0.512230693028843,0.4678880468659687,227513.98012574867,8.504489697913899,True,1085.6045996623689,743.4571428571429,7.0,-4.0,74.1,14.1,70.3,162.5,203000.0,157800.0,15784.372744,0.06937759488571146,11.33238388232197,8.277419012779225,3.7818354385333035,-11.3,-9.9,-8.6,825.8714285714285,775.3,787.5833333333334
Woodbury,2006,9.321170517190202,4.509089127488573,1025880.8141366645,111.77031972950377,12,0.512230693028843,0.4678880468659687,227513.98012574867,8.339575783399779,True,1025.8808141366644,772.9714285714285,7.0,11.2,70.2,15.0,70.6,144.6,198700.0,164100.0,15784.372744,0.06937759488571146,9.847877531613713,11.33238388232197,8.277419012779225,-4.0,-11.3,-9.9,743.4571428571429,825.8714285714285,775.3
Woodbury,2007,17.19984422047249,8.047601518715794,1830941.85198905,226.07040914645737,12,0.4678880468659687,0.4678880468659687,227513.98012574867,7.608180250308544,True,1830.9418519890498,1052.5285714285715,7.0,8.1,80.5,17.1,54.9,144.4,226500.0,139300.0,15784.372744,0.06937759488571146,9.321170517190202,9.847877531613713,11.33238388232197,11.2,-4.0,-11.3,772.9714285714285,743.4571428571429,825.8714285714285
Woodbury,2009,8.855465147913318,3.7565296634647423,854663.0151953028,137.09729193650128,12,0.39178211743525787,0.0069960641024630526,227513.98012574867,6.459256067592395,True,854.6630151953028,883.1999999999999,7.0,-9.4,74.2,15.3,72.5,171.4,216000.0,156700.0,15784.372744,0.06937759488571146,14.313658946255238,17.19984422047249,9.321170517190202,1.0,8.1,11.2,921.3,1052.5285714285715,772.9714285714285
Woodbury,2010,29.57120163374077,13.811745890089869,3142365.279939797,351.95823527304094,12,0.46672203618222485,0.4608919827635056,227513.98012574867,8.401906439495619,True,3142.365279939797,858.7428571428571,7.0,-4.9,68.3,15.2,76.5,164.9,202000.0,167500.0,15784.372744,0.06937759488571146,8.855465147913318,14.313658946255238,17.19984422047249,-9.4,1.0,8.1,883.1999999999999,921.3,1052.5285714285715
Woodbury,2011,20.329159971096843,9.511770953302333,2164060.8676303006,247.99016743279432,12,0.4678880468659687,0.4678880468659687,227513.98012574867,8.197566936441572,True,2164.0608676303004,665.6571428571428,7.0,-3.0,77.6,14.8,64.0,159.4,218000.0,161200.0,15784.372744,0.06937759488571146,29.57120163374077,8.855465147913318,14.313658946255238,-4.9,-9.4,1.0,858.7428571428571,883.1999999999999,921.3
Woodbury,2012,4.300375140007764,2.0471742474028667,465760.7610375604,74.8930763846484,12,0.5104816770032273,0.4608919827635056,227513.98012574867,5.74201961997285,True,465.7607610375604,620.2142857142857,7.0,13.4,79.3,15.3,52.6,133.8,224000.0,156500.0,15784.372744,0.06937759488571146,20.329159971096843,29.57120163374077,8.855465147913318,-3.0,-4.9,-9.4,665.6571428571428,858.7428571428571,883.1999999999999
Woodbury,2013,9.294297211200353,4.292701710838163,976649.6517254012,106.0568299268731,12,0.46322400413099335,0.4608919827635056,227513.98012574867,8.76350652533065,True,976.6496517254012,625.5285714285714,7.0,-3.6,73.4,14.5,67.2,158.7,220000.0,156300.0,15784.372744,0.06937759488571146,4.300375140007764,20.329159971096843,29.57120163374077,13.4,-3.0,-4.9,620.2142857142857,665.6571428571428,858.7428571428571
Woodbury,2014,9.752064013013165,5.256803424280732,1195996.269796774,149.75764550274403,12,0.50523462892638,0.4608919827635056,227513.98012574867,6.511897259251766,True,1195.996269796774,920.4,7.0,-16.8,62.0,14.1,79.0,171.9,216000.0,170800.0,15784.372744,0.06937759488571146,9.294297211200353,4.300375140007764,20.329159971096843,-3.6,13.4,-3.0,625.5285714285714,620.2142857142857,665.6571428571428
Woodbury,2015,21.08588128131468,9.718313632061012,2211052.214540521,209.60344271422994,12,0.4608919827635056,0.4608919827635056,227513.98012574867,10.059892627843352,True,2211.052214540521,894.9107142857143,7.916666666666667,-18.1,68.2,14.2,90.2,190.7,217000.0,170200.0,15784.372744,0.06937759488571146,9.752064013013165,9.294297211200353,4.300375140007764,-16.8,-3.6,13.4,920.4,625.5285714285714,620.2142857142857
Woodbury,2016,38.68284852414495,17.828614755233513,4056259.1030918267,349.38491213166174,12,0.4608919827635056,0.4608919827635056,227513.98012574867,11.071699773219674,True,4056.2591030918265,742.4228571428571,5.666666666666667,-12.1,72.8,14.9,99.9,199.7,210000.0,160800.0,15784.372744,0.06937759488571146,21.08588128131468,9.752064013013165,9.294297211200353,-18.1,-16.8,-3.6,894.9107142857143,920.4,625.5285714285714
Woodbury,2017,16.694248264748573,7.694245183486183,1750548.345758313,214.39417764925705,12,0.4608919827635056,0.4608919827635056,227513.98012574867,7.786707851768205,True,1750.5483457583132,745.78,5.0,-7.3,74.1,16.2,99.6,197.2,186000.0,171600.0,15784.372744,0.06937759488571146,38.68284852414495,21.08588128131468,9.752064013013165,-12.1,-18.1,-16.8,742.4228571428571,894.9107142857143,920.4
Woodbury,2018,25.652558104714895,11.823058367838083,2689911.0665258802,375.3796595397615,12,0.4608919827635056,0.4608919827635056,227513.98012574867,6.833763485258233,True,2689.9110665258804,910.8399999999999,5.0,-23.6,66.8,14.6,101.9,206.9,185600.0,167500.0,15784.372744,0.06937759488571146,16.694248264748573,38.68284852414495,21.08588128131468,-7.3,-12.1,-18.1,745.78,742.4228571428571,894.9107142857143
Woodbury,2019,24.821585507310505,11.440069759798234,2602775.8039679145,384.07664896675595,12,0.4608919827635056,0.4608919827635056,227513.98012574867,6.462664568149509,True,2602.7758039679147,799.86,5.0,-27.3,67.6,14.1,88.5,197.5,200000.0,152600.0,15784.372744,0.06937759488571146,25.652558104714895,16.694248264748573,38.68284852414495,-23.6,-7.3,-12.1,910.8399999999999,745.78,742.4228571428571
Worth,2001,25.012542271150224,12.311761000163461,1280497.833927138,340.77121632000467,12,0.6135398705838623,0.48471982744514996,104006.06654971105,7.339980923641726,True,1280.4978339271381,880.6,1.0,-3.5,62.8,11.0,54.2,131.5,102400.0,106100.0,68316.662404,0.6568526689868343,14.79052702289737,,,7.7,,,863.1,,
Worth,2002,7.664164169455196,7.664164169455191,797119.5686562674,136.11876158565644,12,0.9999999999999994,0.9999999999999993,104006.06654971105,5.630498015244072,True,797.1195686562673,803.8,1.0,-11.8,66.2,7.9,83.0,168.9,106500.0,95800.0,68316.662404,0.6568526689868343,25.012542271150224,14.79052702289737,,-3.5,7.7,,880.6,863.1,
Worth,2003,14.135282383861517,14.135282383861508,1470155.1203148582,159.53478816407525,12,0.9999999999999994,0.9999999999999993,104006.06654971105,8.860313506872204,True,1470.155120314858,670.1999999999999,1.0,-10.3,73.6,7.2,37.5,128.6,108000.0,96500.0,68316.662404,0.6568526689868343,7.664164169455196,25.012542271150224,14.79052702289737,-11.8,-3.5,7.7,803.8,880.6,863.1
Worth,2004,24.427260906945204,24.42726090694519,2540583.3235148964,347.1953696600492,12,0.9999999999999994,0.9999999999999993,104006.06654971105,7.03559524162513,True,2540.5833235148966,1167.3,1.0,-13.8,72.8,6.9,55.1,148.6,112500.0,92500.0,68316.662404,0.6568526689868343,14.135282383861517,7.664164169455196,25.012542271150224,-10.3,-11.8,-3.5,670.1999999999999,803.8,880.6
Worth,2005,25.312170145652694,25.312170145652676,2632619.2526863604,265.0524713263069,12,0.9999999999999994,0.9999999999999993,104006.06654971105,9.549871396781208,True,2632.6192526863606,968.6,1.0,-9.7,78.1,6.5,85.3,179.6,110000.0,94000.0,68316.662404,0.6568526689868343,24.427260906945204,14.135282383861517,7.664164169455196,-13.8,-10.3,-11.8,1167.3,670.1999999999999,803.8
Worth,2006,24.660460145761526,24.66046014576151,2564837.459066569,220.96720170905104,12,0.9999999999999994,0.9999999999999993,104006.06654971105,11.160235525918509,True,2564.837459066569,797.4,1.0,-10.2,73.8,6.3,74.5,164.8,111100.0,92800.0,68316.662404,0.6568526689868343,25.312170145652694,24.427260906945204,14.135282383861517,-9.7,-13.8,-10.3,968.6,1167.3,670.1999999999999
Worth,2007,29.56391497586606,29.56391497586604,3074826.5084499223,338.85697120459344,12,0.9999999999999994,0.9999999999999993,104006.06654971105,8.724599901477635,True,3074.826508449922,987.7,1.0,5.2,94.9,6.2,69.7,165.6,124500.0,77300.0,68316.662404,0.6568526689868343,24.660460145761526,25.312170145652694,24.427260906945204,-10.2,-9.7,-13.8,797.4,968.6,1167.3
Worth,2010,20.20376316865348,20.203763168653474,2101313.9366735737,356.8476604559408,12,0.9999999999999994,0.9999999999999993,104006.06654971105,5.661733397057817,True,2101.3139366735736,914.9,1.0,-15.4,78.1,7.0,77.5,178.0,118000.0,84400.0,68316.662404,0.6568526689868343,13.9232768474787,34.36314907557414,29.56391497586606,-11.7,1.7,5.2,686.4,856.1,987.7
Worth,2011,20.584259000464428,20.584259000464417,2140887.8114787904,313.0618208577795,12,0.9999999999999994,0.9999999999999993,104006.06654971105,6.575141914163857,True,2140.8878114787904,804.3,1.0,9.4,97.2,7.5,63.6,158.9,121300.0,79800.0,68316.662404,0.6568526689868343,20.20376316865348,13.9232768474787,34.36314907557414,-15.4,-11.7,1.7,914.9,686.4,856.1
Worth,2012,2.168711269276349,2.168711269276348,225559.12859946414,64.94644932261093,12,0.9999999999999994,0.9999999999999993,104006.06654971105,3.3392299223374446,True,225.55912859946415,545.5,1.0,19.7,96.6,8.1,54.7,139.7,125200.0,74600.0,68316.662404,0.6568526689868343,20.584259000464428,20.20376316865348,13.9232768474787,9.4,-15.4,-11.7,804.3,914.9,686.4
Worth,2013,38.782232843313096,38.782232843313075,4033587.490048008,379.6931228310953,12,0.9999999999999994,0.9999999999999993,104006.06654971105,10.214099363755183,True,4033.587490048008,1114.5,1.0,2.6,80.8,9.7,50.2,138.1,88300.0,60400.0,68316.662404,0.6568526689868343,2.168711269276349,20.584259000464428,20.20376316865348,19.7,9.4,-15.4,545.5,804.3,914.9
Worth,2014,24.14270845731336,23.63488912405304,2458171.8511313023,282.1480958352322,12,0.928833976621697,0.7153359064867898,104006.06654971105,8.556750449030899,True,2458.1718511313024,849.1,1.0,-10.1,83.7,6.4,64.5,164.7,122200.0,74500.0,68316.662404,0.6568526689868343,38.782232843313096,2.168711269276349,20.584259000464428,2.6,19.7,9.4,1114.5,545.5,804.3
Worth,2015,19.962270382541497,14.461629546591857,1504097.2050401005,276.94284092404314,12,0.7390579142795572,0.7153359064867898,104006.06654971105,7.20808319721705,True,1504.0972050401006,1008.0,1.0,-22.3,70.1,5.5,99.9,197.8,109600.0,91100.0,68316.662404,0.6568526689868343,24.14270845731336,38.782232843313096,2.168711269276349,-10.1,2.6,19.7,849.1,1114.5,545.5
Worth,2016,46.69424139917826,34.384663089975874,3576213.5576254246,608.6036650683325,12,0.7390579142795572,0.7153359064867898,104006.06654971105,7.672356260611009,True,3576.2135576254245,1301.7,1.0,-19.2,74.7,4.8,85.8,184.5,118800.0,76700.0,68316.662404,0.6568526689868343,19.962270382541497,24.14270845731336,38.782232843313096,-22.3,-10.1,2.6,1008.0,849.1,1114.5
Worth,2017,24.013324424271204,17.301298399418144,1799439.9927262922,364.7386848503094,12,0.7627799220723247,0.7153359064867898,104006.06654971105,6.583706478550909,True,1799.4399927262923,887.6999999999999,1.0,-16.1,76.1,4.0,92.7,188.9,104400.0,93000.0,68316.662404,0.6568526689868343,46.69424139917826,19.962270382541497,24.14270845731336,-19.2,-22.3,-10.1,1301.7,1008.0,849.1
Worth,2018,39.26992687408089,28.41073524042468,2954888.82014183,642.4718620146388,12,0.7390579142795572,0.7153359064867898,104006.06654971105,6.1123185614603806,True,2954.88882014183,1235.9,1.0,-18.9,68.5,4.5,84.7,176.6,110000.0,87200.0,68316.662404,0.6568526689868343,24.013324424271204,46.69424139917826,19.962270382541497,-16.1,-19.2,-22.3,887.6999999999999,1301.7,1008.0
Worth,2019,25.726071451017233,18.95920393328144,1971872.2260144127,522.0362372191847,12,0.7390579142795572,0.7153359064867898,104006.06654971105,4.928024075121007,True,1971.8722260144127,1149.2,1.0,-26.7,69.3,5.2,76.1,177.3,109900.0,82500.0,68316.662404,0.6568526689868343,39.26992687408089,24.013324424271204,46.69424139917826,-18.9,-16.1,-19.2,1235.9,887.6999999999999,1301.7
Wright,2001,42.730385796024436,42.73038579602437,6436079.967178594,346.64420597206174,12,0.9999999999999986,0.9999999999999984,150620.684725421,12.326871489514627,True,6436.079967178594,1027.8999999999999,1.0,15.5,65.2,32.0,57.4,139.1,166500.0,162800.0,105602.81169999999,0.7011175914683443,10.371351270470997,,,17.5,,,909.9,,
Wright,2002,21.734820359091618,21.734820359091586,3273713.5248703947,173.20214617352357,12,0.9999999999999986,0.9999999999999984,150620.684725421,12.548816997519454,True,3273.713524870395,840.0999999999999,1.0,10.0,64.5,34.4,74.9,163.8,167000.0,154600.0,105602.81169999999,0.7011175914683443,42.730385796024436,10.371351270470997,,15.5,17.5,,1027.8999999999999,909.9,
Wright,2003,22.40329476795738,22.39361150578319,3372941.0984761296,187.9380586881501,12,0.8949131614652494,0.3694789687915032,150620.684725421,11.920573684935034,True,3372.94109847613,652.0,1.0,16.4,75.0,34.8,40.5,133.9,174500.0,158200.0,105602.81169999999,0.7011175914683443,21.734820359091618,42.730385796024436,10.371351270470997,10.0,15.5,17.5,840.0999999999999,1027.8999999999999,909.9
Wright,2004,23.553723450827732,23.476613463935983,3536063.594972076,213.91112416613353,12,0.8949131614652494,0.3694789687915032,150620.684725421,11.010985773949182,True,3536.063594972076,745.8,1.0,16.2,74.0,37.4,76.7,171.9,173000.0,146400.0,105602.81169999999,0.7011175914683443,22.40329476795738,21.734820359091618,42.730385796024436,16.4,10.0,15.5,652.0,840.0999999999999,1027.8999999999999
Wright,2005,23.021317033761946,22.885122736404217,3446972.856582503,205.595819013627,12,0.947456580732624,0.3694789687915032,150620.684725421,11.197366339553861,True,3446.972856582503,896.6999999999999,1.0,29.4,85.2,38.0,79.6,173.4,177000.0,144300.0,105602.81169999999,0.7011175914683443,23.553723450827732,22.40329476795738,21.734820359091618,16.2,16.4,10.0,745.8,652.0,840.0999999999999
Wright,2006,24.28791191774891,24.28791191774888,3658261.923602048,180.02187542241322,12,0.9999999999999986,0.9999999999999984,150620.684725421,13.491644757482067,True,3658.261923602048,696.8000000000001,1.0,22.3,74.4,39.4,84.4,175.9,174700.0,147500.0,105602.81169999999,0.7011175914683443,23.021317033761946,23.553723450827732,22.40329476795738,29.4,16.2,16.4,896.6999999999999,745.8,652.0
Wright,2007,55.86702550533053,55.86702550533044,8414729.63518543,435.2728541600426,12,0.9999999999999986,0.9999999999999984,150620.684725421,12.834943638545663,True,8414.72963518543,1172.0,1.0,42.3,96.6,44.3,70.2,168.8,196300.0,126300.0,105602.81169999999,0.7011175914683443,24.28791191774891,23.021317033761946,23.553723450827732,22.3,29.4,16.2,696.8000000000001,896.6999999999999,745.8
Wright,2008,42.344712743794915,42.34462983032519,6377977.139488066,427.3855026364497,12,0.9999887639101508,0.9999550556406077,150620.684725421,9.907849583708256,True,6377.977139488065,1106.4,1.0,45.1,92.3,43.6,64.6,155.4,181500.0,137600.0,105602.81169999999,0.7011175914683443,55.86702550533053,24.28791191774891,23.021317033761946,42.3,22.3,29.4,1172.0,696.8000000000001,896.6999999999999
Wright,2009,27.61555803634714,27.573163105448135,4153088.7069883132,289.39027452082917,12,0.9474453446427762,0.3694789687915032,150620.684725421,9.542669698238072,True,4153.088706988313,1072.7,1.0,32.4,85.0,40.5,78.8,171.9,180000.0,136600.0,105602.81169999999,0.7011175914683443,42.344712743794915,55.86702550533053,24.28791191774891,45.1,42.3,22.3,1106.4,1172.0,696.8000000000001
Wright,2010,46.24450780353021,46.24450780353013,6965379.4301577825,571.1483297800684,12,0.9999999999999986,0.9999999999999984,150620.684725421,8.096759701868962,True,6965.379430157783,1221.0,1.0,34.0,80.0,39.6,55.8,141.4,173000.0,138000.0,105602.81169999999,0.7011175914683443,27.61555803634714,42.344712743794915,55.86702550533053,32.4,45.1,42.3,1072.7,1106.4,1172.0
Wright,2011,21.30924209174471,21.225172515333185,3196950.0176746706,226.827495468934,12,0.7372829036631255,0.3694789687915032,150620.684725421,9.39447047532348,True,3196.9500176746706,842.6,1.0,37.4,97.5,38.9,78.7,177.7,183600.0,129200.0,105602.81169999999,0.7011175914683443,46.24450780353021,27.61555803634714,42.344712743794915,34.0,32.4,45.1,1221.0,1072.7,1106.4
Wright,2012,2.8537270567746353,2.462072600054857,370839.0608639602,39.0606666213981,12,0.6014098964257002,4.494435939060355e-05,150620.684725421,7.305884163306407,True,370.8390608639602,711.1,1.0,54.8,103.3,39.9,57.7,146.1,187400.0,122400.0,105602.81169999999,0.7011175914683443,21.30924209174471,46.24450780353021,27.61555803634714,37.4,34.0,32.4,842.6,1221.0,1072.7
Wright,2013,55.80897363426092,55.789716930812226,8403085.364756348,247.72281172465603,12,0.8423697421978747,0.3694789687915032,150620.684725421,22.52879871890547,True,8403.085364756347,841.1,1.0,32.8,88.3,38.7,56.9,151.1,173500.0,125400.0,105602.81169999999,0.7011175914683443,2.8537270567746353,21.30924209174471,46.24450780353021,54.8,37.4,34.0,711.1,842.6,1221.0
Wright,2014,42.504449365837765,42.5044493658377,6402049.26735946,261.238274494538,12,0.9999999999999986,0.9999999999999984,150620.684725421,16.270375942452663,True,6402.04926735946,1142.3,1.0,25.4,82.9,37.7,54.2,149.4,183500.0,127800.0,105602.81169999999,0.7011175914683443,55.80897363426092,2.8537270567746353,21.30924209174471,32.8,54.8,37.4,841.1,711.1,842.6
Wright,2015,45.5883132085782,45.58831320857813,6866542.950952993,312.62534271524953,12,0.9999999999999986,0.9999999999999984,150620.684725421,14.582411269869981,True,6866.542950952993,1028.7,1.0,21.5,83.0,37.4,93.9,192.8,176900.0,132900.0,105602.81169999999,0.7011175914683443,42.504449365837765,55.80897363426092,2.8537270567746353,25.4,32.8,54.8,1142.3,841.1,711.1
Wright,2016,57.58517428133511,57.585174281335014,8673518.38028738,458.45618724903863,12,0.9999999999999986,0.9999999999999984,150620.684725421,12.560671201074701,True,8673.518380287382,1175.1,1.0,20.4,88.7,36.9,82.7,187.9,198000.0,120300.0,105602.81169999999,0.7011175914683443,45.5883132085782,42.504449365837765,55.80897363426092,21.5,25.4,32.8,1028.7,1142.3,841.1
Wright,2017,31.517307813185912,31.510770115486295,4746173.771019878,288.6968955470882,12,0.947456580732624,0.3694789687915032,150620.684725421,10.917092736123742,True,4746.173771019878,984.1999999999999,1.0,24.6,90.4,37.4,90.5,193.7,182400.0,132800.0,105602.81169999999,0.7011175914683443,57.58517428133511,45.5883132085782,42.504449365837765,20.4,21.5,25.4,1175.1,1028.7,1142.3
Wright,2018,54.468980525108606,54.46898052510852,8204155.142987466,635.5584808394299,12,0.9999999999999986,0.9999999999999984,150620.684725421,8.570254692088653,True,8204.155142987467,1410.8,1.0,25.8,81.3,39.3,77.6,172.4,179500.0,128800.0,105602.81169999999,0.7011175914683443,31.517307813185912,57.58517428133511,45.5883132085782,24.6,20.4,21.5,984.1999999999999,1175.1,1028.7
Wright,2019,32.731042673561056,32.731042673561014,4929972.0592687335,480.26215388717407,12,0.9999999999999986,0.9999999999999984,150620.684725421,6.815245050779167,True,4929.972059268734,1113.1000000000001,1.0,21.1,82.2,41.1,78.9,181.1,183700.0,125000.0,105602.81169999999,0.7011175914683443,54.468980525108606,31.517307813185912,57.58517428133511,25.8,24.6,20.4,1410.8,984.1999999999999,1175.1
